protected,residential_region,spending_pattern,income,debt_ratio,pay_history,default
1,0.8436435887200856,1.364360851406029,-0.35833478452759104,-1.170025631498784,2.141077707210243,0
0,0.23521596663594738,-1.0592487830460187,-0.46403336552744057,1.2802179861001273,-2.0268075691015826,0
1,1.6686094658923578,0.863163886623123,-0.005638692741311581,-0.3531620683824602,1.158659460822628,0
1,1.8262794905866164,0.8261196003177368,1.3458159705353656,0.6079098601199859,-0.2225079480556387,1
0,0.28295088470753255,-0.18991667108437577,0.4695464104865435,-0.2614655360124208,0.5490883791317415,0
1,1.0397975293492592,1.6517085730680225,-0.034408280507489224,0.9224901710446697,0.7778483386641142,1
1,1.0146830925911554,2.5093537023448587,0.8524338757212402,-2.3622947224310478,0.7359146663170893,0
1,2.0289562804602417,0.5413125230489082,0.02753189112824187,0.7383334433317807,1.0003696530416315,1
0,-0.3776067663386379,-0.29086643815199287,0.40155227583535014,-0.8319195011895616,-0.5602695832528914,0
0,-1.650089095203089,-0.5375885117464269,0.15112773198667018,0.07346429936477916,-0.9528807302191838,0
0,0.3892531787303189,-0.7607876768935784,0.5897804180138457,1.2447029587797351,1.186913127984178,0
1,0.9782432271587391,1.4572686119657392,-0.44414417420693725,-0.8031499758497503,-0.8717279825787878,1
0,0.280281526743152,0.0008879947121084202,-1.139342863562576,-0.960012638564564,1.8613987101536156,0
1,2.4356931095901815,0.3117185917502787,0.9068481504147976,-0.3719785089728828,-0.7643752984931947,0
0,0.010057474357168575,0.010890316767279093,1.504928317812964,-0.43507041893084797,-0.3808358636875507,0
0,0.5974594989981186,-0.7232375957466834,-1.091881083759697,-1.0501626201410925,-0.19041029102324283,0
0,0.09227860832172129,0.007096631480985428,0.1792916741465694,0.10627181692963122,-1.5410603721698652,0
0,0.9524575968846883,0.7616978959236541,-0.4488701893042778,0.15817051475997523,-1.5381756081426714,1
1,0.9627357347457365,1.6778407766455632,0.8833786920007626,0.46298847238455476,0.912034489025421,0
0,-0.004928988249893855,0.10651025664425393,0.24664573482838334,-0.8195706078438288,-1.7200388022215196,0
1,2.0038969630248804,1.0827405455579677,3.3274722864299457,-0.9440023714105571,2.5196628287134426,0
0,-0.11424705420602727,0.040120590506864694,-0.3014334853105098,-0.11859673965984306,-0.09412598529097212,0
1,2.291331397991602,1.737952533348489,1.5372923369751301,-0.24504550122291766,-1.0293442525916898,1
1,1.3407762762935318,1.6784998056850458,1.6346306453511346,-0.2258389747187376,0.42021824086220655,0
1,2.841622690977333,1.3404687417118735,0.5335974590500636,-0.7072296227425925,-2.4619075657064817,1
0,1.273318502563347,0.1304257943633494,0.03708331937819439,0.33003993444133517,-0.33356788974911467,1
0,0.1692431977363798,-0.7899370920252481,0.0948376974900287,-0.9424797036718312,-0.20534136099163622,0
0,0.33156070821277006,-0.4406020648666426,0.0102048521056588,-0.12217484961797923,-1.2662047590408092,0
0,0.7150028613747825,0.42453585152759155,1.133299712413141,-0.30636842843656564,-0.6317810607949308,0
1,0.88768156061958,1.9052197708245244,-0.8726362970777095,-0.033458182865172006,1.5260231115760525,1
1,0.8127999912533258,1.4561591545036172,-0.16098397307789564,1.1852698187351407,0.1832502304270366,1
1,2.353851348314581,2.287379440619091,-0.28218595772350924,-1.3145000039219272,0.3994673372869979,1
0,0.16439308372379963,0.30481164987682013,-1.7261944211239602,-2.3913257652128537,-0.7868260978893049,0
0,-0.13590314758787375,-0.13987651071783874,0.8589149097624112,-0.5941914500838615,-1.3233993699091218,0
0,0.006673981728696623,-0.7318516518243344,1.06291938139334,-1.1513060438778926,-0.24106016660276533,0
0,-1.4316248834184415,0.8632399500173488,-0.6342184335615665,-3.0124825125285133,-2.457622371318385,0
0,-0.11433738867420076,0.4621904742927464,1.0301324566547452,1.746350668396833,-1.0968133397297972,0
0,-0.45182804351593414,1.0789868537583107,-1.5836577210372849,0.5597102353329494,-1.252499948033362,1
0,0.5508429801690494,1.3001084733023494,0.023954503202434998,0.6671570607471846,-2.0387662544082588,1
1,2.1970184670304036,0.6278358159303435,-0.12625847068872154,-0.28546782452735847,0.6492174506713223,1
0,0.3460081404779463,-0.7706002464763112,0.08774870839959223,0.4208174027614977,-0.13050619872819275,0
1,1.837275189279485,-0.3179199475414405,0.08254517025209614,-0.42264039655070523,-0.6196701629034994,0
1,0.7015919507678394,1.9510172822178538,-0.07704166322141158,0.8143209444252649,0.6710163338780758,1
0,0.3543858479981245,0.3938896124925594,-0.38777291541602826,0.1890655306673216,-1.6442712976953375,0
1,1.9776387673140303,1.4586674000755078,-0.10870596845776459,-0.0365253772178843,-1.3435789551039998,1
1,2.347115592261238,0.6643200613739594,1.363221239101415,0.038928095185886205,1.1173255580342945,0
0,1.2709258874581182,-0.053420213474862914,-0.5787189499089014,1.46544952756248,2.2814070067272048,0
0,-1.015536404142965,0.11082329700462339,2.255340013186467,0.16733094524442294,0.6842265551850786,0
1,1.3669139046290721,1.8696354001275015,-0.6351644527132432,-1.0296092037143285,0.4715717835058393,1
0,-0.44535998229458684,0.16379214867917163,0.2400592169169135,0.33619092142482637,-0.5818585478015926,0
0,0.10350431303104453,0.3982807769946999,0.5712065031698962,0.48904065749636483,-0.5588641391393204,0
0,0.008041114930823217,-0.07447852194842901,-0.29175590535344303,-0.14470985465298405,0.22726925703470077,0
1,1.4595507561519128,2.1088891363551507,1.382363212451036,-0.05210296429333683,1.3728981846967792,0
1,2.2165626168407044,1.779038046466065,0.5452117833780047,-1.0662161178740919,0.42654306947961973,1
1,0.9391514732915299,0.6878401575795053,-0.2049023590839432,0.09707564643553095,0.9579580228318957,0
1,0.9753271195644364,2.233532220593745,1.3712647730448146,-1.2144813466427977,-0.9162284966065063,1
0,-0.6145351626588252,0.7353429136290819,-1.015491780518226,-0.2507755447630036,0.6169252932645729,0
0,-0.21619655245559213,0.2792848422317651,-0.5654835195351547,-0.6693227750786918,-0.6713441835514667,0
0,-0.7371541295471077,0.16843062299247896,0.5625704319277421,0.9829062133688924,0.14015178072086165,0
0,-0.02914289327956233,0.9951669413269952,0.8014664254145345,1.549943200851714,0.6158208705911463,0
1,1.50070588322148,0.4200122802367554,0.32262188515545115,-1.1443243253487512,-0.5312330837757717,0
0,-0.471909068399448,0.7447347144357905,-0.12719232215678342,-0.004620418673325315,-1.017077790234514,0
0,0.5242597524337175,-0.28572401914461054,-0.25144406794287916,-0.310359367792185,0.36259586472050587,0
1,1.5642996830279579,2.057106467846231,1.131400925975388,0.46443841183651585,-0.13477203957535958,1
0,0.6375884184190822,0.07222550830142578,0.2403946495362396,0.09624165936657454,0.13613025098721426,0
0,-0.11702991072265921,-0.745755614044943,-0.8722387724007014,-0.38737544385154715,0.6571438038325121,0
0,-0.014516932938812814,-0.2979118860214148,-0.9299023631950918,0.09375052226795194,1.3072860557874673,0
0,-0.3376694428090265,0.6130374438995793,1.5134613125939287,-0.21465125793770398,0.6632652978581994,0
0,-0.004227924321290719,-0.126124728791924,-0.7187616119887626,1.5891346018221013,0.531940446405756,0
0,0.42733878367922784,-0.37289124883086305,0.2727310670848132,-0.793645362637077,-0.5003771203539952,0
0,-0.2468005393621788,-0.3769032346770122,1.350906434737066,0.2574867065571323,-0.3468402534231431,0
0,0.3110471775207985,0.3853484533402743,0.5421072907794926,0.5096334720212865,0.4545032465160113,0
1,1.1123518233725553,2.450381018083978,-0.7576424076700841,0.4384772192666922,-0.36324868251024867,1
0,0.45543033931332566,-1.284530022381769,-1.0156940951837152,-0.29788952836601873,0.4503597933031838,0
0,-0.3479434963871564,1.6804106684059723,1.8698884728463603,1.3682739343904182,-0.8156172289220969,0
0,0.5110079239374302,0.12224773738567887,-1.0411645919359875,-2.088883658754756,1.9293496036723548,0
0,0.03658592546019901,0.3481344811792963,-0.5532692339012398,-1.0939362712240275,0.19367811797896126,0
1,2.512572240034638,1.1382429517115562,0.37250363861786434,0.663569941859158,0.12800519508405128,1
0,-0.6924406357525253,-0.0021090749140961883,-0.2188784490764859,-0.8801076076425519,-0.4826054320399318,0
1,0.7142939360128792,1.5155078072786645,0.5738052048956209,-0.9385099457740792,1.9130207430381936,0
1,1.23026965241466,0.7705424045977788,-1.4677721254245275,-0.4671955842600129,-1.2532902827317778,1
0,-0.8307665688205879,-0.4834088629545177,-0.2103993839063989,-0.785643325957898,-0.7030168440471263,0
1,0.7703590633430336,2.110740524534752,0.6776887473425518,0.6370890105772768,0.8535917107211162,1
0,0.3729304562759255,-0.9314081072155327,0.6810730770173063,0.9044047842953582,0.23965644694050092,0
0,-0.0025072760475950097,0.2646234619881243,-0.5724532763040266,0.08831533044439374,-0.5767678599566204,0
0,-0.2878085860225553,-0.22231014562151066,-1.0217100445978335,1.0546263710270114,-0.5480876059250919,0
1,1.3678224416167408,0.8235757103146547,0.21371310741887384,-1.386434500198794,-0.2908908901428965,0
0,-0.35834259859580364,1.1831591111816402,-1.3124626456240454,0.07588770761192223,0.10213966316718393,0
0,0.9902215006914262,-0.5727015367568628,1.2842705959639074,1.3479534858457805,1.5536310314147947,0
0,-0.441303424585822,-0.6780611998406828,0.15740876424096178,0.9768558035757227,0.6051618446704263,0
0,-0.7932803388499795,-0.1121836221123217,-0.6968115762219673,1.4362940801832396,1.0233352079411855,0
1,2.077630370491797,0.9388648195387391,-1.0545014073860934,-0.5900456646054508,-0.4342742166867096,1
0,-0.12945337400869253,0.0038283941967291917,-0.633056665792373,0.9171898244188604,0.5157296014352644,0
0,1.2232642132907312,0.09323957799083422,-1.561931067677742,-0.4267761378016514,-1.5547890481799143,1
0,-0.31572338327648114,0.14079483938095594,0.4947790702049813,0.5951529038741488,0.18213720913714446,0
0,0.5075905078540751,-0.07433450834613799,-0.8028465909539433,1.3108768219820783,0.1179603870853918,0
0,0.649318398359583,-0.4212970218553351,0.39967176175606267,-0.7940676205909327,1.8214167906965157,0
0,-0.31280149932120216,0.38604182560759825,0.537545717462374,-1.8557635806144948,1.55758504430475,0
0,-0.44575246074542146,-0.06701565990248644,0.965997231882817,1.8475653485417256,-0.25843989923946153,0
1,2.044819918558543,1.1026296127670128,0.2518475969948884,0.4881272188723444,-0.8171402638742695,1
1,1.9449351507483585,2.2879962194585133,1.1252343711635084,-0.10707955856192525,-0.7896919146269279,1
1,0.7536339395734442,1.3272128237651293,1.386110434739763,-0.16200724515043924,-0.2946450956513255,0
0,-0.6770613817828325,0.6551919608979545,0.25821517048998655,-2.096191876935331,1.3017409884002118,0
1,0.07814199703119695,2.1361030682656343,0.31852657489195974,0.20873120229371606,0.4149074822080257,1
1,1.9572321123872816,2.1726037012554755,-0.5574737989485313,-0.5305652617159707,0.5180084888703427,1
1,1.4429036841185527,1.8146946848666603,-0.9876247005590106,0.05247484905728923,0.811206846656989,1
0,-0.0972902525851692,-0.00038009812545882203,1.2820745093111063,0.030292890634956292,-0.9941571949455645,0
0,-1.0148664586211118,-0.038425014390615395,0.6057437124396905,-3.3777588153289075,-0.7090591374176107,0
0,-0.6588614118535958,-0.14647207108997323,0.6868290562490282,0.48996505725481737,0.5202328991301616,0
1,1.3132246524594604,0.0998625979921246,-0.5907096067654906,0.18896949656526324,-0.7789219756409937,1
0,-0.40339536008869253,0.4312840834487173,1.623921503612242,0.3232700057853409,-1.5264079945620113,0
0,0.07070164531057872,0.14667933983104744,-0.2286139245046973,-0.18341972754355415,-1.0825822697918117,0
0,0.3500808759790883,0.4953145597251764,-0.8018407128186725,0.04892337164855722,1.054361172687918,0
0,1.3617675415711183,-0.07020093088317833,-0.5736741251965076,0.1728084159097178,-0.37408097430336357,1
0,-0.01201021801855526,0.3988950971721152,1.5711916167192397,0.27426308388844617,0.22585068333264757,0
1,2.2692415978581675,0.5734957622831334,-1.1110476260097948,0.4755862016210518,-1.0325261827033747,1
1,1.1020163338121354,0.6984406344430579,-0.7511225100561613,0.2827627257530256,0.37940335243031403,1
1,0.5950322110147865,-0.08572695983282896,2.8985093185978723,1.849728827898956,-0.2695921080735027,0
0,-0.21138098802607477,-0.0806095174989757,0.9410377363248739,-0.7260149788214851,0.446198021217759,0
0,-0.9586330307245449,-0.46351535266716004,-0.7330558454252128,-0.3749546050976894,-0.4778813413956605,0
0,0.008803900301461923,-0.5420291251022519,-1.0814473586787927,1.6929564307528482,0.5042840068659061,0
0,-0.46827247470519906,0.20079142677918468,-1.6726971933480528,-0.15460259666529338,-0.5270126243074492,0
0,-1.1725628320527512,-0.2553043165185771,0.0971141462215439,0.9316378584493584,-0.08032278318554371,0
0,1.0416150875161063,-0.8598546040821976,0.7280203544554797,0.13550487176253406,-0.2716800262347626,0
0,-0.3225370278632281,1.5268600636512588,1.518798209900966,-0.22781183638968291,0.02623760969592619,0
0,-0.9825715817665187,-0.022206372292845514,-1.8939835811634371,0.9862482232621212,0.27906454626451743,0
0,0.5389030743043738,-0.6498978317614177,-1.3253815025727678,0.5184225573940461,-0.4949035028899289,0
0,-0.4371686175235711,-0.4019012765598298,-0.11955057756687384,-1.5340098375148419,-0.11961830272829155,0
0,0.6540996202143972,-0.10388578140552232,2.7876700558590697,0.17349316845299767,0.1864865540815549,0
0,-0.4400366008068296,-0.10514757735432043,0.8859025023975043,-0.9950616743737619,0.5076872817432933,0
0,-0.3245386141576783,0.7812985638275256,0.37279977375507595,1.2711526012530427,-0.07608533250565834,0
1,1.806899025686228,1.3523420254206753,-1.224923590526553,1.7535900415141208,-0.8870527942320646,1
0,0.3559316284224661,1.1131249031209514,-2.1199852990987345,1.87397219999096,0.08645419520943551,1
0,0.4610902424043591,-0.2594537664072635,0.03884968559051807,0.35751352549802157,0.6703439773860393,0
0,-0.05384468323759741,0.2558616241559354,-0.09936948915525076,-0.4615676483544236,-1.3331316905751607,0
0,0.31717003293275003,0.6131881165966983,-0.2678075205512705,0.32175834582544766,-1.3214650192132888,0
1,2.047377164154052,2.117091382827007,-0.3804336676494567,-0.9397245366807451,-0.6622114464270136,1
0,0.12034148314010983,0.7871233304572879,-0.7483540204397984,2.3454988004422903,-0.19233015064553705,1
1,1.5144051320414225,1.2367929554719193,-0.9776421270354221,1.1943570308133193,-2.1969145293843835,1
0,-0.867176968938678,-0.0032935561649515793,1.3895077982281645,0.3045263510920115,0.5740901224781347,0
0,0.3595044940679933,-1.4876535399382054,-0.8865282965153725,0.9970491955165695,-0.18253195396135924,0
0,0.025304219484690523,-0.11760602316033644,-0.2761480587683602,-0.4917241248613628,-2.3510999455278845,0
1,1.3518304885895756,2.054752506757989,-0.03907810571616679,-1.1079580912024547,-1.113168493181286,1
0,0.7666598181549961,0.5381018879135295,0.7062803350312943,-2.2132533906734295,-0.3005841290758589,0
0,-0.8567001797479894,-0.051892272606048846,-0.8518303411963781,0.08305676139963457,-1.772537341846545,0
0,0.9864217892189318,1.0194836657579744,0.9780680215002732,-0.20815442374982535,0.970461195253394,0
0,-0.013363967180679387,-0.2304031706068842,-0.5796663615532783,0.5192892810931562,0.18683309002819617,0
0,0.190510907101739,-0.4296838944119397,-0.1618971692564155,0.013072700444952321,0.678189498125716,0
0,-0.2370264687181625,-0.2808970411358215,1.64309858565982,0.47388526124202135,-1.0290206626006433,0
0,-1.000243747513998,-0.6734790149016693,-0.9692277130986685,0.8110834004954379,0.41137278261179305,0
1,1.5162340609205323,1.7734370190221218,0.7209047124406752,-1.460181103683431,-0.6606433298194699,1
1,1.8008469441356756,1.5730890869651653,1.0046108680595498,0.8688997100233145,-0.1924687489996662,1
0,0.40573526784155645,0.3659876678238309,0.30989780224032437,-0.40658025335750725,0.35283004678607455,0
0,-0.11881991906334084,-0.24862269115872682,-0.11753082218517352,0.5175788540590545,-0.07006519740813667,0
0,-1.3155239047226508,-0.03484378760355214,2.125704035082167,1.0222268248278585,0.8084196603710639,0
1,0.6750031932504248,0.09294876595465529,-0.01384539441935645,1.0290942410209682,0.13907771761253732,0
0,1.2312117742579762,0.22573533078662827,0.2040775000328025,0.1291528163275482,-0.4631264408672211,0
1,0.9444784097367308,1.4593048730357896,-0.33652677387752844,0.178475826673812,0.8428806577443804,0
1,2.456229674943525,0.7396834031039211,0.15108185737972077,0.891912232023792,1.0536529637808747,1
1,1.0395479575494428,1.3372054807480414,0.9641179787064542,-1.5011761604116665,0.08759638031252431,0
0,-0.10947354583672052,-0.15470958124210024,-0.2753053409111772,-0.9515790549470062,1.336107375987632,0
1,1.9751249557599424,2.458587161004495,-2.1085304612637246,-0.27925672802191903,-0.2354416022610062,1
0,-0.4921166679485242,-0.6366761808766827,0.5135701828168205,-1.3327940776341116,-0.1279350863760464,0
0,0.9553290814554325,0.19885570732002134,-1.0783344411088136,-0.2717167640385787,0.004378883468581051,0
0,0.045437014841046584,-0.6544610116070164,0.7418764419591726,-0.3263489471352493,-0.12979674852667047,0
0,0.2765105077798019,-0.3347240664421622,-0.0013247317267035285,0.08710658656117275,-0.3105439148639314,0
1,1.4394357951885246,1.566091372215338,0.9431091033115159,-0.056883429106975913,-0.7148584473743324,1
1,1.9952321722102546,1.273182205482133,-0.9483437679172113,1.0693485294074356,-0.9941216954839313,1
0,0.9472756439099175,-0.0035945137281338025,-0.5352212038343268,0.5730046944931119,0.11076108876665554,0
1,1.5212284374260714,1.5996332649391818,-0.34003602599335087,-0.07103127543766262,1.1983405983459114,1
0,1.0378276744495416,-0.2962137427191347,-1.4822822026170952,-0.33326235518453345,0.81420154682775,0
0,-0.3669574850274707,0.5304879208892639,1.1114202087153782,-0.047558109910481226,0.3880846746494701,0
0,0.458457623611026,-0.18328784594256298,-1.6254229161113314,-0.02986104290864268,1.2491689289131704,0
1,1.89346860174583,1.341466723068457,1.0973136179781766,2.5187562908851855,0.019247375266954782,1
0,-0.6411492436094216,0.21678676475271336,0.4243984786736575,-1.4575272127511913,-0.988812982500989,0
0,0.12828582278239906,0.13620012069890092,-0.1988673323428531,-0.9262750430983222,-0.34944620241548835,0
0,0.004419562710223671,0.38653675472571164,0.34511614863477913,-1.0729259346949942,-0.06066070913817652,0
1,1.088084694233893,1.590178640890823,0.31773328833032305,0.26927168382693023,-0.5124225992444014,1
1,1.814801460516476,1.6814183969337047,-0.40042791157802077,0.22967334663220246,0.610067227635928,1
1,1.6877737276651106,1.204776491500915,0.29814981435980276,-0.5730717934939863,0.935539509891251,1
1,1.55644783161567,0.7587373411486876,0.7311833285170073,0.896117667120943,-1.732123669960454,1
1,1.5588535185647892,0.5434166583482838,-0.9446826998210169,0.3696568644462505,-0.14546020860036396,1
0,-0.05400615535417162,-1.0024260885853797,0.34619495233957576,0.9381003146719046,-2.903122426022,0
0,-0.22061977274779648,1.0576360306375654,-2.6263250962472626,1.2034543529109165,-0.09157354070326287,1
1,1.683900457008989,0.07233595346352462,-1.9295998999000614,-2.131044885940622,-0.1027517355733385,0
1,1.2136514725817318,2.1162340993862614,0.5645266515564303,0.6856166740212631,1.776209826503836,0
0,1.5940856948819995,-0.4925214067784839,-0.4178292318442006,-1.290060472396908,1.4762569291374277,0
0,-0.8455999472791894,0.7118645832718827,-0.8534381724935188,0.24941262463463132,0.9323504899918633,0
1,1.2491583536593247,0.07847598325073002,-0.05302547355694728,-0.07289600512739743,-0.959738780511366,0
0,-0.3034452627461644,-0.14105634112996954,-0.3959516548742255,-0.030213751378044957,-1.0175077734313902,0
1,2.8242960485947224,2.2724146418151605,-0.9886077978129807,-1.2046213336822362,-1.0960538807019093,1
0,-0.7920807899864996,0.427925738085349,-1.6390490119333025,1.0304865363867661,1.5266173712671045,0
0,0.2555533787916659,-0.20235927641447501,-1.9681574707335656,-1.2904949773608416,-0.9104420481227811,0
1,1.749036439027924,0.23421361908291094,0.7387923852598552,0.7505336113725967,-0.3855701020696429,1
0,0.2001613828047288,-0.7934931132905592,-0.42249955247731835,-1.4318903886712204,-0.8997681733612325,0
0,0.7418058975665641,0.8334882579356274,0.9695493139349181,-0.017856049507386267,-1.258172491296185,0
0,0.729497615848253,-0.20894472075223536,-0.4326501646030613,1.8043912715721608,0.3326162936043854,0
1,1.3294259040879297,1.3569055379519364,0.35496995250337543,2.36163054830609,0.15334328282133192,1
0,0.11641046969639454,0.1701210628215785,-0.12540444123452998,-1.6187188579692824,-2.2245587988607736,0
0,-1.1184612192912864,-0.7817033478525337,0.044446728859096486,-0.7045382361833248,-1.3019346140828596,0
1,1.6594558051131576,1.6443741079041074,0.09303681061097219,-0.5226613062439679,0.25518815160170494,1
1,1.1236063433008487,1.1482307115985964,-0.4457067568314786,2.255053583520935,-0.07221382181213899,1
0,-0.1118294555763099,0.17622167134532443,-1.2296215128794679,-0.06832663218454633,-0.400931718003737,0
0,-1.011223118890017,-0.34683055232222043,0.7661317455737034,1.074664086224138,0.6056780674101837,0
0,0.2429233720314452,-0.9438696360366943,1.5935467921920556,0.29970713416582134,-1.4430329676889941,0
0,-1.0179412173453646,-0.2564235190872103,1.6592154099740235,-1.1992125030001204,-0.5949916994877625,0
0,0.08897076407495184,0.3844665702648011,-0.5532699110679784,-1.8598021030516498,0.5180371518662444,0
1,0.8640966441864705,1.6364360534462215,-0.7331707579706717,-0.6130917495197014,-0.6492950264594141,1
0,-0.5097846210815308,0.018558520400836092,-0.5542824478353274,2.3168732217700887,0.31254672854432813,0
0,0.6928392615270976,0.5388791118062056,-0.1758374021437915,0.25761326004933066,-1.1462296668849066,1
1,1.9527507675481732,1.277843592473464,-0.05246096412630516,1.0543739597357351,-0.8238494539835937,1
0,0.6895218826023257,0.0337657884091305,-0.9979284582573041,-1.4182425616931185,-1.7821978123494204,0
0,0.9358362795007741,-0.2878601278162353,-1.4797358465454047,-0.32522191557941255,-2.0571265647904364,1
1,1.1362967757161413,1.9739707860520732,0.04994230650739764,0.7788439236332544,-0.4759471488390975,1
1,2.499382997464523,1.5749171286330585,-3.5304091008965424,-1.0911669584869983,0.450024028794516,1
1,0.7206966062926592,1.0658251338959768,-0.10065681931580951,-0.06396739133282653,-0.11479868672566494,0
0,0.4476602007269419,-0.8934178479166827,-0.9447476084110652,-0.8797661169280175,1.1602848888460708,0
0,-0.2960026287599829,0.6629767649389959,0.7801545266128417,0.8264343839205704,-0.39279943478768875,0
1,1.0418199144164104,0.953560969289216,1.047634877105146,0.3985165457938994,-2.120139124845883,1
0,0.3686819203826655,0.0432386114937282,1.071245760247934,0.6833854187344675,0.34419431654587246,0
0,0.5669709151015279,1.4115598098867428,-0.3464468812906376,0.8710750358006029,-1.0785281225392904,1
0,0.5491610319879269,0.4809057250399853,-1.135144011963411,-0.2276748032055665,0.12588064924893166,0
1,1.7289159333368753,2.366689753296195,-0.8145923168666186,1.003231721917261,-2.2854819564293862,1
1,1.6791743807975434,1.0771251124753107,0.28761068318139993,-0.5898481501910621,-0.27504904112046763,1
0,0.3161199514199415,0.6425858380921242,-1.6458644750411904,0.6257201014359685,0.7026918801592807,1
1,1.7822584453103147,1.4160013957711346,1.3935494894640366,-1.9709532800961351,0.5804799802897374,0
0,0.3248135037515882,0.21961015246114912,-0.33063003179733347,-0.7463561892892113,-0.25074190021503673,0
0,0.12239967666642855,1.2125050278237364,0.5001736724429345,2.315803203581627,-0.051331651633235775,0
0,0.5056702947038183,-0.16718749448982367,-1.7814261137368408,0.6109879367304878,-0.49718631343276704,1
0,-0.9763246839302566,0.01155267220592182,-0.9259820257583495,0.6113468865296362,-0.29829894246130517,0
0,-0.07876408505183173,-0.5419287909047775,-1.9056791456563793,-0.8238959314326909,0.6267738757753086,0
0,-0.8303078963073517,0.5330811335448459,1.021189493801152,-1.0942104559833499,-0.7498880843559028,0
1,1.766021210562931,1.0636238610280184,-0.16020473987501962,-0.26436016423909664,-0.6518982532133624,1
0,0.9851581055122186,0.6136262494913272,0.571304953436236,-0.06712848462769042,-1.579549079149765,0
1,1.315549130831819,0.4100520549530893,0.06341368233007569,1.9144671871135412,0.6466976559816136,1
1,1.6763512181783293,1.7291828431001641,0.4684750539123603,1.0189394219428372,-0.31986170887473775,1
0,0.4538920289529833,-0.38621598363783344,-0.33744186040852664,0.10892787126365122,-1.2629420160698455,0
1,0.3593662409400853,1.8383105835981264,-0.2035455894739064,0.06571280393659414,0.8223492810387406,0
0,-0.3132662892865126,-0.008135503712536985,-0.09173241880924222,0.7581407607558021,-0.10104396384572592,0
0,0.21870939556371014,-0.3212033489209748,0.40563165492722825,-1.3187958655083787,-0.7967978624757898,0
1,-0.13819683539436478,1.168064229874403,0.4321184212180277,-1.921349910133805,0.8381127900535131,0
1,1.0139149041550173,0.8897670199648158,2.811436884007344,0.7433880808871426,-0.39594419948687054,0
0,0.6605147840287736,0.5026726531925154,1.6816021273796067,0.07201266385512482,-1.6238721313506317,0
0,0.6017981402704349,-0.6291824096552487,-1.778758785889637,-1.3121163947476666,0.9040048218973964,0
0,0.22459093642206013,-0.1602471832396785,-0.14310547792725536,-2.09488084782995,-0.8945226455110075,0
1,2.1293185839659063,1.607143747821484,-0.4058958402654971,0.8938667968394352,2.9657005760226207,1
0,0.12906254065287823,0.9680967152691115,1.2801304808099998,-0.5215551635352856,-0.5001729009871384,0
0,0.3332369444653887,-0.005579160535088475,-0.3157479626012159,0.4002606835074461,-2.0699638065903807,0
0,-0.1893922253043683,-0.1455063519230644,0.4642888774466655,-0.26376002627357087,1.69991230281918,0
0,0.06948760975325566,0.16418091906961677,-2.3370616302801195,-0.034238973107300626,-0.11076795453800313,1
1,1.2205777681505068,0.15592147059534223,-1.5136008113932788,-0.5922507237826158,0.2014862117622281,0
1,2.3580900065093884,0.6808125795855683,2.0922931791024606,-0.07651002437067803,0.3273725343678055,0
0,0.912935645701321,-0.22521989932707054,0.05024439820824699,0.5770732363925406,-1.4150401862258166,0
0,0.827947680418244,-0.42778149043959157,-0.9984600234690187,-0.2757285201122239,-2.221081008948797,1
0,-0.24486525700671738,-0.9604999735460473,0.24287087122253856,-0.3328235607720078,1.8993742777512581,0
1,1.0277355763809477,1.914667190700551,-1.053058953452515,0.607537891476659,-1.6177326321900238,1
1,2.366184196450098,1.5558540377343932,-0.2833735418956831,0.6741798987973775,1.5836588418011772,1
0,0.3263443215548476,0.08415914836950476,-1.4526179392440148,-1.1374902138780185,0.4721207363971461,0
0,0.19715060491418548,-0.41639469069262414,-0.7887212177934305,-0.028908841851069383,0.12087185848974435,0
0,-0.3801792509670874,0.047635778798199094,-0.41633668945862706,-0.5237628098334449,-0.5224794004439,0
0,0.2553982875820589,0.3086696756646356,1.1206993143367117,0.013717975958005035,2.254610083334524,0
1,0.9488331642028391,1.2410623676580315,0.46404600768315973,1.4339668882029502,-0.746994594550007,1
0,0.3804374136474192,0.26674334354421886,0.6385240359420935,0.35896730701307744,-0.7190582417443259,0
0,0.8273320197637262,-0.47763628909506906,-0.025774651363980147,2.164244908956421,0.6188442768000929,0
1,2.5786273263447717,1.458491187793828,0.8228490983695855,0.21959452973512267,-0.7270282586546826,1
0,0.4251144324658896,0.6854989697556598,-0.8735192693432408,-0.16645850884722765,-1.0655144447570732,1
0,-0.829212929772673,0.7392118221456235,-0.7327059449816715,-0.01968246606047596,-0.11132691719880747,0
0,0.11839807856761293,0.7965532829697973,0.4075910714568796,0.142629849748258,0.6344855362152582,0
0,1.283809046434628,0.17134104925975016,-0.2791473900271765,0.32285142795424854,1.8264809116722138,0
0,-0.5211669542653705,0.018968372914647442,-0.013845848362830536,-0.9919673543994914,2.030442442160806,0
0,-0.0355089437461302,-0.2692733496956486,-0.16413527791459528,-0.23316019146790992,-1.8436691562933702,0
0,0.8481146110805863,-1.0844908539104499,1.2534504145614775,-0.72439611023569,0.9897633496810085,0
0,0.37028035324415126,-0.8069398178402953,1.3055529326788726,1.0296220504770006,-1.0367057471211936,0
0,1.4880937946910626,-0.10083298317915558,-0.6261657605637475,-1.9256686248165118,-0.9868439360626766,0
1,1.160278370062847,1.3350269305229416,-1.7598693468907316,0.15690301812096166,-0.5920247043639495,1
0,-0.5938534714444931,0.8473338172838951,-0.7114969008876407,-1.5181697874624611,-0.6557055760166429,0
0,0.7344752615011043,0.7888794776253755,-0.896960146567958,0.4322380052259032,-1.1221140375505176,1
0,-0.7175271769629216,-0.4118916848919508,0.8317483407990738,-0.39890490414482815,-2.377702001995062,0
1,1.4819392067094783,1.890995429053411,0.9204974767744583,-1.8167945662650447,1.3947968979316727,0
1,1.560612073084254,1.1137586812556535,-1.0310741830379782,0.9422305562460016,0.84685992934473,1
0,0.6215936840315532,0.4095698058022806,-0.754504758554849,-2.516387192763096,-0.06781032866087291,0
0,0.3685607808151481,0.483610636864047,-1.479011087255105,-0.03141948540072621,-1.018827275490646,1
0,0.2742389485061175,0.7452556872886424,0.13437852352275984,0.6911905095302368,1.183968007348012,0
0,-0.24145852674100005,-0.29558601286961816,-0.044916427417409525,1.376731713058919,-0.11465773869879052,0
0,0.7290024114491659,0.6085822123085544,0.7891218174389276,-1.6101567975864288,-0.6262679499228198,0
0,2.4154944256363584,-1.1236884216727632,0.49713129455943234,-0.5160238540945036,-1.695268590657699,0
0,0.4147692593537494,0.777729408923317,0.6102029710561815,1.0836530276410437,0.4871904937929066,0
0,0.059803324528101894,-0.01501003369110984,-1.542002039785738,1.1512407029592042,-0.3853962999480935,0
0,-0.7787177825952963,-0.0022367987914185144,-0.6263260365922575,1.2807435208511746,0.2101809535222147,0
0,-0.38248886959029205,-1.2224619034142716,0.9488973047432036,2.561581364177257,0.11767385376305653,0
1,1.4717738596316177,1.1668004676515715,-0.5385761184626445,-0.5086928807305496,0.5847651780393678,0
0,-0.32076014416027954,0.8132876397681306,-1.6275658744690422,0.3723819101038867,0.166627273331217,0
1,1.5903532992838911,1.1439788649783114,0.8079895798716566,-0.34586450026767396,-0.35554145567707024,1
0,1.0668096460843726,0.42807765658512503,-0.5772649950144069,-1.9751137550058533,0.5041195408557883,0
1,2.3483001504215406,1.4207330766284654,1.0626369936268782,-0.09000291335260065,0.900413012647044,1
1,1.5047003701190476,2.037601483759819,-0.01841472084031138,-1.994364488639188,1.4959817850839914,0
1,0.8750320332004838,1.5149005791224748,-0.2772194429010776,-0.5208285243553756,-1.170897545487947,1
1,2.402420585741448,0.8409130813411385,1.3631908911233672,-1.468158118026261,1.0618571959539427,0
1,1.5705674359231814,1.4338704079093658,-1.3026556191371705,0.43885713475818106,-1.6381675708350052,1
0,-1.035900255361413,0.9607301422207275,1.4342211796310893,-0.7785262855443501,0.964317138762522,0
1,2.027458071095822,1.6985870468217208,-0.6393559955459227,-1.785208033856962,-0.6406589172404822,1
0,0.6154120105400792,-0.06986778437619878,0.16236986031600997,0.8656586631993596,0.7915100837692819,0
0,-1.4555450429608014,1.3534462914799843,0.17182019542558055,-0.603751521762687,1.4426361605763105,0
0,-0.494732785279742,0.6955294215367326,-0.42711982356249556,-0.43210211243366137,0.1793111600078595,0
1,1.5337275932153718,1.890040349239076,-0.7621126900769404,-0.9777572635867892,-0.04734381142628719,1
0,0.44070654678517046,0.1904054791466249,-0.3698221889651394,1.1490761869827804,-0.09839890487948566,0
0,-0.3094479507745027,0.4381643008506645,-1.0145626837927992,0.270519000502679,-0.47058364466294755,0
0,-0.49928514118436185,0.45763924390970434,1.96196064294803,-0.6130884644868523,1.1244111684834146,0
0,0.43630154980816943,-1.3096892073312827,-0.48113097068722116,-1.9140355518513745,-0.10777913124592339,0
0,-0.28099342398849547,0.23696172769766913,1.1589472544299428,2.5106342022971253,-2.1752487937711558,0
0,0.3252327903292182,-0.09648351560139501,1.027172958576314,1.9793674165883217,0.8841648343810513,0
0,-0.6669093929847544,-0.29986576388194536,0.3629297389568627,1.443102014502811,0.8316408739886212,0
0,-0.811399811541839,-0.11726236802654266,-0.13567903406628096,-0.7031716935338241,0.04311932168652455,0
0,0.4531614945422382,-0.9335092120933207,0.19378184708038068,-0.5009472082492787,-0.7882204047860851,0
0,0.15151194619032832,-1.0827660600223075,0.572169767254166,0.4006653991575063,-1.1602128499662583,0
0,0.5534734399417243,0.7479014504690983,0.10046846059654882,-0.8938536326974625,-0.785353508638726,0
0,-0.3195558005528651,0.2772946918253556,-1.5667489906436347,-0.9893992155103973,0.1988143281177178,0
1,1.122936818512153,-0.04780727632736759,-1.8183113162501066,1.4585585616241907,-1.8435409357599277,1
0,0.8164313325245464,-0.34583072484104443,1.5089882238117724,-0.05514036027420956,0.42441545535816066,0
1,0.686224741603318,1.9283310400379183,-2.63471390321547,-1.119868987138514,0.07256218292994504,1
1,2.3508764255083747,1.231991375767621,0.19568515362685168,0.9526673368709699,1.2872729343294762,1
0,0.7923028244894299,0.7470029722790168,-0.23497801449341696,-0.573898318988514,0.7012467859521261,0
0,0.5160537085596452,0.6298510795659804,0.1608011458540994,-1.9793545544031983,-0.7230576307588196,0
0,-0.41268451020626884,-0.8140267255864282,-1.1399667412340375,-1.1348124983865335,-1.690892799484851,0
1,1.1100856979647844,1.3140055406907007,0.35067748793412307,-0.5164934303488141,-0.8212261246804671,1
1,1.4739665362010803,1.1311463451147774,0.20601643417507304,0.2199593929655201,1.3812356118503253,0
1,0.8229761939011605,0.5664570233887397,2.761011747279755,0.17173761860476894,0.2943629182125784,0
0,-0.577016399252158,-0.8725645949131628,0.12998004651734632,1.2277702084587485,0.5973382550482694,0
0,0.3868405749054276,-0.48361292774503656,1.3482351068281389,-0.23703288187389265,-0.6291844566104704,0
0,0.38960946853449424,-0.384555245707583,-1.4986856754480429,-0.4656530726109896,0.48476325234331535,0
1,0.9702551040790264,1.5699378663460175,1.0200953180453802,1.2450466404826634,-1.5201634095729948,1
0,0.40567316118004476,0.6265280839286521,0.2262733029568457,0.9787003834026526,0.9352026594610058,0
1,1.8725819834438837,1.7081869734874218,0.269738684028085,-0.21345762813971317,-1.1554267395505575,1
1,2.505931752746262,1.8502233441684943,0.2835685434603794,0.29202958098114623,-1.9744139889378356,1
0,0.34148186512051293,-0.1599706928822204,1.7063381713096388,-0.47532224473630746,2.2623316056250267,0
0,0.6351486322406268,0.36180011796773387,0.25510446572257234,-1.1621618620252094,0.13488648579581883,0
0,0.28624655455812675,-0.08902498895415668,-0.7841220491857707,2.1972361359016217,0.1072081250037561,1
1,2.1879574658183127,1.1351165700483303,-0.6159380392714457,-0.5418884033874034,-1.869955847428328,1
0,-0.772270293940665,1.1382605693373755,0.8171274938647061,0.2949927136260243,0.6225603101022191,0
1,1.526953325733452,0.001714426071500963,0.44745545822012905,-1.5153474489756464,0.8860197215699478,0
0,-0.023389660936517877,-1.1239825783844164,-1.5304736620270185,0.736451614579722,-0.19929496228073043,0
1,1.4537500318388306,1.6296198524801626,0.5146418238593052,-1.205857758022943,0.8899078434108134,0
1,1.8663319781900354,1.2410105908805298,-1.0823423568066892,1.6779585814546472,1.1705088882195915,1
0,0.38062779269745056,-0.8621906101001534,0.438258019764092,1.797410060386223,0.5257225949182202,0
1,1.835354246242689,0.767233429301739,-0.8055540385185906,0.5656390558099446,-2.166222417910022,1
1,1.4938336712671973,0.8453565218829309,-0.2814817346743938,0.11488154540731366,-1.1516098547317226,1
1,1.1585619520929251,1.9354019222785481,-0.5448084577894607,-0.1874151201715186,1.6868958444469744,0
0,0.6583116444937404,0.7274462586386634,1.5189129832353838,-0.047544005809299295,0.08238442837593117,0
0,0.20983968996830102,0.9837375391383708,0.4018477503100204,0.40923512447303334,0.08688047658057403,0
0,-0.6111683150396451,-0.9534067333256028,1.2611130023073303,0.0897450711494196,-0.8316561121776336,0
0,-0.11621252498977425,-0.8202741195069191,2.895212563462882,0.9817048173146039,-0.6374743075966556,0
0,-1.0459798066244168,-0.8613758847003136,0.046805341929940215,-0.9182981257382491,1.192649826471513,0
0,0.021222368608465738,0.7733142034620055,1.5019901863012233,1.5280824010767269,1.4984720574215018,0
0,-0.11902796555915758,0.25033467265171777,-0.6994556655927968,-0.4226587611088901,0.7972089909319503,0
0,-0.3446801702132027,0.04811952988183291,1.2548781099293775,-0.7458789697133866,0.5515717609891698,0
0,0.9507601138821176,0.1377772163084684,-0.8075088474292291,0.3626109034316211,0.6266217731128757,0
1,0.9063075282747327,1.3659330337167537,-0.018415131539620374,0.4265524967597343,-0.07037344330013702,1
1,2.0238357710094013,0.7273147715560969,0.5368776568350904,-1.7366700934096848,-1.2036600760639866,1
0,1.3120248965591241,0.3079036738709426,0.6942312300572769,-0.48110978692308654,-1.419797555576949,0
0,0.6463607422300127,-0.1116831033922118,-1.2725516421260878,-2.172049974217483,1.3147667031275168,0
1,1.5810767307413398,0.679807091912424,-0.8670219238577941,-0.6757070868755435,-0.0329244587069128,1
0,-0.6804411836539964,0.3445712672148347,0.6114500787708956,-0.6326432726042854,0.47706956757830504,0
0,-0.8172373059506732,-0.2554725817635527,-0.36771656321310003,0.2974609850565123,0.21075708164384693,0
0,-0.24693101697451317,0.1364900921048263,-1.3973485088613788,-0.7877957562307373,0.2614908222401265,0
1,1.187799559651655,1.3250125032211848,-0.07097673450738928,-0.5510477552275928,0.3449467682106067,0
0,-0.4317281453748794,0.5348272633348851,-0.11897150612377119,1.3038877101934838,0.6974020910153964,0
1,1.4042119267172537,1.532097784537365,0.17691498130890296,2.064192129289445,-0.7675545118963389,1
1,1.5386517442685879,0.8697798950859166,0.5292413209472995,-0.920904428185305,1.1824077719383401,0
0,0.29112716858717774,0.19320193412311923,0.46565135908335403,1.0192567375916903,-0.7377331228252315,0
1,0.8573222683225425,1.6128132346838373,-0.7681730945085932,0.387807292776588,0.23946257941681978,1
1,1.19065372232017,1.7067997844233234,-0.4108284687128243,-1.7387887328326623,-1.1829913088897535,1
0,-0.09580324969348879,0.6215245528391476,0.927788693287827,-0.7911702568315877,-0.1666308651106086,0
0,-0.11729111605396143,-0.3695896711063039,-0.5431848670430475,-3.027832705736764,-0.659830942591178,0
0,1.1018542244480536,0.40076140030831925,-0.3950920586590615,0.32356628458903347,0.02421470972076722,0
0,0.13934795563431449,-1.0348903427044829,-1.504269080256179,-1.0767909978244041,0.7354010446931425,0
0,-0.9681538871756546,-0.07199088917298387,-0.028680470101235818,0.1339269370939702,0.07605290290767515,0
1,1.8509088169520589,1.2352040691154147,0.34527046476055406,2.5709519217185655,1.9608587259460575,1
0,0.32739823364638726,0.8687071321081679,-1.9754932184469425,1.5931380062474882,0.7959194605995246,1
0,-0.07507681694684287,-0.09380125738589126,-1.0702503815931115,-0.7670063211468412,-0.22845331790335605,0
1,0.8719619953544794,1.7647932669029656,-1.4217277354933775,-1.008782218746916,-0.0861056330084783,1
0,1.0548328171880776,-1.0570671737235342,0.7883522370337428,1.2929815391113106,0.3777625605118294,0
1,0.9580696518512458,1.1889452211868508,-1.9123512734467163,-1.0048014641148848,0.704323577160585,1
1,1.9964633238495602,0.8921840795398523,-0.07868459711268497,0.991122767039087,-1.2340520640251358,1
0,0.12003031743836115,1.4853066739773149,0.7178621549455493,2.7358655045915286,0.6366540403077741,1
0,0.360486329417862,-0.4000780542728144,0.18782164911935137,0.6754182278013282,-1.2080915305031696,0
1,2.6241147545003978,1.4439674435968712,-0.4399586634389518,1.184013718282857,0.5398498155318261,1
1,1.9369833232846212,1.4759454813651018,0.3464683867756703,1.068029990157068,1.1000970654717779,1
1,1.2648014637738803,0.4463130254380079,1.0369733004978061,-0.5570983272440767,0.2997318485398985,0
0,0.6635953650767765,-0.31562124632586835,-0.10761161055418907,0.29019055987471154,-2.3257452446054825,0
1,1.2213403299735284,1.642859907589553,-2.2389372329339685,-0.9564356505285982,-1.7823544743624464,1
0,0.09813480683716072,0.051433365144771113,1.1477327921456575,1.2899281407622671,0.5627170607896943,0
0,-0.7758501648094741,-1.380246583204762,0.4002646550603094,-1.0851269562418255,-2.453761426460696,0
0,-0.6199687364020514,-0.3401948667027605,-0.03307636500909545,0.7009884932815473,0.6098769289764896,0
1,1.630832002261712,2.0124929968681355,-1.980371848235987,1.1317180168575465,0.9848261872307591,1
0,0.22085202514852326,0.3529337563877609,-0.29830860316704866,-0.49164237640851,1.1351782012944507,0
0,-1.021434373614618,0.7308200110951224,-0.875477230056716,-0.7209955706588379,-0.2414752332620331,0
1,1.8983724208003987,0.8086115975460254,-1.216279262964473,-0.1696929436914264,0.4385055108135819,1
0,-0.49165738595897845,0.7685577211674347,-0.13644943070021817,-0.8924315882240806,0.20889181361111508,0
0,0.7678128094026999,-0.02664362897350905,-0.5359668854976357,0.15639759452865903,-1.4728320920490736,0
0,-0.21117865729470495,0.9553335005633636,-0.4700988026449659,-0.9169701424365914,0.7450187324655966,0
0,-0.6741733617299914,0.0019826604502640056,0.7396263665961038,-0.8445559706661119,1.3904767570718681,0
1,1.6454827347755514,0.17151470437141203,0.2555721401193487,0.5469028976583571,0.6894006151147961,1
1,1.050258999352765,1.9095527427842862,-0.4955148231164466,0.6175581695364014,-0.5028008113010338,1
0,0.7613670848598754,-0.26610820678478553,-0.6223812208497901,-0.29351432765736535,0.7399496541533435,0
1,1.6003181245198599,1.1742622331789097,-0.4548585704596525,-1.646423768116458,1.2976314508869762,0
1,1.5089940261440278,0.5281421413581383,-0.24744423010100727,1.1708606234339867,1.166237559211635,1
0,0.35508061135860475,0.9733196994036257,0.5840501843758454,-0.44840136608260234,1.0268714730520958,0
1,0.9970315364798242,1.0873392957182917,-1.0425601296264988,2.062315018745959,-1.5918598069515266,1
0,-0.7734921931971085,0.945021464947512,1.4584392175056002,-0.13239687179122708,0.3982146596349752,0
1,1.8450109476649823,1.141254103044288,0.5847719911276382,0.13577738739547338,0.6456455574589793,1
1,0.9401975751947147,0.8433528787104331,-2.7379279908739647,-0.43175143065452837,1.0386596247044322,1
1,0.9399939077503261,2.191717504417888,0.08534923442854314,0.24340916908415777,0.515623939087716,1
0,0.5020536187325325,-0.0440008494001376,1.0407366433757963,3.4765673550531067,1.55195137145102,0
1,1.915038465990364,1.3618567955869063,0.3887059081608008,-0.3489689911360931,-1.827844679956248,1
0,-0.7522977254717468,-0.768975564169872,-0.4123409597181621,1.2763285179936914,0.558349877280901,0
0,-0.3714816257648018,-0.27457401281775373,-0.06109177964495029,0.0906337175905492,0.4789971085284789,0
0,-0.542238933567792,0.25721749417859935,0.1783199481710177,1.1737933114526904,0.9027170692823475,0
1,2.665791578824348,0.6204920037446885,0.7695882546233157,-1.9318868420149187,1.5421239436091916,0
0,0.543606256542365,-0.32345261650309,-1.4150948481237002,1.9448880728549494,-0.8882812035845732,1
1,1.3474930923968356,1.1477321375555254,-0.6050183532365482,0.34102544618931246,1.50854024186446,1
1,1.9457168136060956,1.4398644828283986,1.6385781280674787,-0.2677552381327063,0.8148960385970287,0
0,-0.8137117115584975,0.8877357873829582,0.0329472232809357,0.9033098986945629,-0.18716512366829324,0
0,-0.4035876907136957,-0.17997187978979043,1.5279021368780794,0.14391010276309918,-0.9087943599359649,0
0,0.06291795956513174,-0.41430039744753727,2.98559303778425,-1.1478763094459161,0.19631410004091662,0
0,0.27133844948754776,1.6478223792148026,-0.49203480680806,-2.4232797756277664,0.2856770038055783,0
1,1.5415245246919336,1.140088787885942,-1.197281141360671,1.826058723574004,0.3411873899906539,1
0,0.14880810642853556,-0.11439489670151763,-0.26553071077993395,-0.22284962447729093,-0.6269495347635735,0
1,1.6470018759718759,1.1852921784853803,1.0989927176487315,-0.6129292953685761,0.609338771357802,0
0,-0.09814644121339043,-0.16606146066577662,1.2388958717762868,-0.5352166533324378,-0.40553975913969303,0
1,1.422312644685464,1.4466529178095766,2.2719774851568464,1.4644695387589117,1.2165755246816836,0
1,1.3442410763933297,1.9524778865559647,-0.03680551931627386,-0.49011144664883216,1.7102066484310685,0
1,1.7391625051771529,1.6423926339640433,0.48805651555248797,0.6443656083425994,-0.8125987773440845,1
1,1.8464893535196738,2.0462573380198523,-0.7117696509545471,-0.33463011603457793,0.05989003841286461,1
1,1.7190155003913006,2.02641720476446,-2.506984949377617,-1.2548093171430834,0.972163666968464,1
0,-0.7071582300006357,0.1251312633695257,-0.03965269764842436,0.90128489979266,0.2758795564856625,0
0,-0.5993567106859126,0.22578718203826528,-1.1537542537397085,1.10300454949771,-1.352524538424448,0
0,0.23932908356884036,0.6652420057611736,0.6433572032596702,-0.6793187144430608,0.8647980839711568,0
0,0.8830039804025266,-0.6667259568014895,-1.881393320539162,-0.0377570664797626,-0.6057723276066371,0
1,1.6914492769352532,2.8989267213429804,-0.7393328907175372,0.09700878698615982,0.2004691409821726,1
0,-0.2470010474861965,-0.3075510783165641,0.26767920364045866,0.4451247756450302,-0.9940437696571663,0
1,1.7346042732656655,1.1894210470586142,0.37236216741312317,1.9712905723405343,0.7945964745634211,1
0,-0.6820928535080572,-0.7271405848042594,-0.047439247476067675,-0.32387029523465977,-0.42104189901335515,0
1,2.385365893921878,0.6907095152273611,1.867345167931109,-0.330044290305216,0.9004273467470816,0
0,0.11195648670481698,0.5844204413338419,1.569463635809116,-0.17531510476446174,-0.21488146087391471,0
0,-0.40167432792632896,1.362115966585351,-0.6843274930659206,-0.9422147032057777,-0.4812330869502896,0
1,1.499922720344275,1.0596559335149913,1.609409667786361,-1.722161670653349,0.4122357402730478,0
1,1.2837782607618307,1.6083899168765108,1.762201448790181,0.13376310377269732,-1.0743738747479532,0
0,0.7870019860901003,0.13209995742729783,-0.12390237404233932,0.5272768454157639,1.798233162581612,0
0,-0.12134405366823547,0.6001467374500552,0.045403122852158084,0.0024524577683976093,0.1856189577950464,0
0,0.09321944766935572,1.3312286787104388,-0.0507215531265994,-0.06270643018374158,-0.5662604127728614,0
0,0.34423587399077504,0.9125840507889516,-0.6449993881573639,-0.8987299857243287,-0.3993406131875366,0
1,1.1555400377412748,1.2568044314115514,-0.5456676795894708,0.25240244191033284,0.017572946619217326,1
1,1.7162256796810944,1.7172605814257809,1.3193225723965953,0.1698591879182411,0.9958276482392362,0
0,0.16466134163652588,0.376834705645336,0.43737614315034784,0.47489183875357893,-0.8945174609818833,0
0,-0.9324472926123726,-0.012054378700571779,-0.5541895470618681,0.3236759982592827,-0.3687837526707657,0
0,0.15161789326656597,-0.6575616800980385,-0.9259960723554513,0.39381632993772,-0.04951049142525139,0
1,1.5725427610341165,0.920734268862187,-0.7581103986134754,1.3187813251601583,1.5424717689509866,1
0,0.077979775269598,0.688891590557529,-0.16385522203491606,0.5721970357234402,0.9991439456863035,0
1,1.62137782809434,2.1507847974932295,0.9131698873072588,0.4806097419397185,1.5901713532174533,1
0,0.1555019237700492,-0.12454041890351204,-0.8600811694237297,-1.7425113998895798,0.031035370972583104,0
0,0.8024059354056947,0.15663323643605268,0.9017025681365862,1.0534968765614976,1.432754735515313,0
0,-0.7077044472510656,0.7183582927977863,0.196956748321297,-0.29785509542266375,1.2672767582928375,0
1,1.394708598699748,0.37743867678002085,0.14284194253197507,0.07921106051409219,0.696761777772128,0
0,0.3999711773777018,-0.2678114585033138,1.0257961481459206,-1.2729015308389127,0.7769988486113728,0
0,0.2885555206367466,1.2107228288895864,0.8433587179397891,2.0898735252488163,-0.5945732944661861,1
1,1.8756433320052506,1.5795846297219902,-1.4045178925715587,-2.474215711695459,1.8283040134140993,0
0,1.6521463294040024,-0.6775296508220605,-1.0840136458084366,1.4881124505287724,-0.24514720326209014,1
1,1.9684813144700235,1.4703693761442285,-0.22951649867539514,0.42516056657833223,0.5597009689547836,1
0,0.6785626777530149,0.6128613553609658,0.355972823031185,-1.9052937917301227,0.6766982405070461,0
0,-0.18424323531150505,-1.527919762397149,1.364575655223326,2.036397377747404,-1.371342356638789,0
0,-0.5957474243383692,0.1057714903146556,0.06506752586240412,0.5137654865310898,-0.05109770050394561,0
0,-0.18859045754018036,-0.22344873275549254,1.70369629872484,-2.3583164693427228,0.20337496536078134,0
0,0.4271761028060425,-0.9851988758621686,-0.7066755138859157,-0.4224566444148316,-0.1133845740628533,0
0,0.24409671289750523,0.04915635307818542,-0.5375786542794382,0.534514757201677,-0.039234558476317065,0
0,0.24195082235932786,-0.08188813905626871,-0.30568250452696094,1.7132378478469674,1.4926847062456547,0
0,-0.12860663207827666,-0.014454151318583361,-0.8172275256330216,-0.40924814789921293,-0.8271389053525058,0
0,-0.2242815712877852,-0.2089563721468577,1.159404481948041,-2.6469108160636288,-1.268756971214829,0
0,-0.10791434657596669,-0.6128025311724841,-2.769830911675961,1.459020618178567,-0.5864912925547303,1
0,0.4346852700991277,-0.8728817001589481,-0.5035689313836249,0.49820215869957285,0.7442469174031638,0
0,0.5044364569022508,-0.41441396416477466,1.1482072801984968,-2.232553926669766,0.8416771216053999,0
0,-0.6037449898027366,0.5155512684456387,-0.31231848106919646,0.342696144667474,0.6060076871379179,0
0,0.45740553565886954,0.13984217623604722,1.0728864703125014,0.4485664752017807,0.9118115061016264,0
0,-0.39043273845373777,-0.04150399766795411,2.1976841449961455,-0.3247163134027872,0.2560392825624788,0
0,0.28135299110463197,-0.6238608894428938,0.08038464703575723,-0.8272827602010095,-0.5180139111292547,0
0,-0.11517944547749288,-0.22434895971252664,1.1689342689947424,-0.6097313263301747,-0.9451565977169291,0
0,0.9394731295433907,0.44229453501432753,2.4191375236912687,-0.3253537969902596,-1.2621182266232829,0
0,-0.2508447773886874,0.3028702574912944,0.4020907072104692,0.35472041603607496,-0.22717129284586224,0
0,0.10716710453686994,-0.2863193218636292,-0.04806318738830325,0.7883599282305649,0.7883436534021836,0
0,0.3639558945356566,-1.566841290880681,0.9024653174250619,-2.1478314820870046,0.23691063018339167,0
0,-0.5243753100737293,-0.40490857809694886,1.184216753372284,0.2559718188221542,0.02294698654100661,0
1,1.556285766743833,1.1103832894336172,-0.03881529387363945,0.4879464803903447,-1.0553754464797096,1
0,-0.15995093077388237,-0.544263562621657,-0.48384365856075945,0.16914138073032464,2.5792682609643474,0
1,1.2917119099564163,1.152094530116177,1.7173953182963313,-0.40485571964760636,-0.8254588863806527,0
0,-0.26383380088994374,0.4899300769171309,-0.27061445772212034,1.419810390210501,0.1206124691119727,0
1,2.267208758882077,1.3776221282260914,1.193728770482258,1.3444025957917438,1.003017402671525,1
0,-0.35913044085619994,0.593817628742965,0.2628672732028384,-0.366212600271336,0.04233147032418372,0
0,0.33984472960296347,-0.9050232513872426,1.8269651576585,-0.08307798876512847,-0.8069391155710298,0
0,0.18875700121868655,-0.18303843477296625,-0.8490459226554354,0.7718402442922802,0.8086604397697342,0
0,-0.8381880694651055,-1.163413266507,-0.8509804020326048,1.2826279947493293,-1.3395554431233883,0
0,0.31150166305586474,-0.255946517902109,0.8544864018300032,-0.8155235098950259,1.7420480835799141,0
1,0.7518920741453835,0.7726055268213959,-1.1303393065773035,-1.046199099328574,0.28223439736335165,0
1,1.976855096899096,2.168751700057029,0.11662846248958911,0.27416186775619583,-0.2534096722044659,1
1,1.2956850141214913,1.6458272035061035,1.548409232959876,-1.1235793134937833,-1.4163822878633066,0
0,0.005020351953871325,0.6088976973558082,-1.7848321389336013,-1.9449974933826988,-1.1519783606789162,0
0,-0.7765679697758033,-0.2576086951637578,0.4021392786085712,-0.8203759401715388,-0.052093154671372474,0
1,1.6734293941628897,0.7881691417300141,1.211745389324271,0.4171636171242488,1.8927474273263216,0
0,0.5561702507823717,-0.6309377967230632,-0.025907665053483124,1.5536103032944955,0.23297568647024533,0
1,1.1158207431864275,1.5592635684625145,-0.9270928303658144,-0.7087646631465633,0.3470595862641765,1
0,-0.3643002516864066,1.0860968965160545,-0.26260800809400964,-0.12426644461817643,0.3861067998593974,0
0,0.27277261414049364,0.2474293752122928,-0.8385197864740572,0.1555450542677381,2.3640420953978336,0
0,0.28777099418816354,-0.2248606375725498,0.06915822501644173,-0.648599371735191,-0.4413903964896962,0
1,0.13949242095489622,1.2867374869240495,-0.2767055603522557,-0.7271638606713509,1.5654676347522563,0
0,1.2092438182696639,-0.018780199051078545,-0.5132605224634809,0.3349849506561553,-0.3985790864613098,0
0,0.3171320901289988,1.2159855361068954,0.46614739496169083,-1.19743161043337,-0.7036129382756707,0
0,0.4181511974717769,0.7401651395009295,1.5791156221213862,-0.7674137418937167,-0.07961081160758542,0
0,-0.08612426799721015,0.15597540249021935,0.3278208788445032,-0.20258787974279907,-0.08454353297743047,0
0,-1.1132121051313468,0.06583918068366376,1.3436655704437623,0.3224611620762996,0.5620134472967128,0
1,2.004833236750144,1.5796120342219255,1.5788248977804529,-1.5152465778661566,-2.323983760624065,0
0,-0.33911281693853174,0.29656540156984595,-0.5866403023181874,-0.13081685447283856,0.14785997116858934,0
1,1.926359016510004,1.1520812282146424,0.2748585039911937,-1.290855732620402,-0.5987471939207892,1
1,1.4687193578423627,0.8935526315740181,-0.4249476441486228,-0.6842007974699434,-0.7239527681771045,1
0,0.14282362746982644,0.6193321563329192,-1.482163841176097,0.7886266611935043,-1.2957774455076094,1
0,-0.46499782884554675,0.013189638343190192,0.35576086871885465,-0.07384551758582936,-0.36480390387016953,0
0,0.518633365607359,0.5692367614889811,-1.0521496180484642,1.6690700771702789,-0.5166070669447904,1
0,-0.7130274236746031,0.9876952492658657,0.48430327559887737,-0.072197522411948,-0.4266308221380224,0
0,1.3473416552035138,0.312368840459736,-1.5558780831412198,0.9680128227723279,-1.6386070449339234,1
1,2.942769180992207,1.6151290877420421,0.17099299947760474,0.7947747084426946,0.09814977819675036,1
1,2.5796197512799064,3.3201457883102385,-1.5707330042729293,-0.013220278181534602,-0.7916287582101664,1
1,2.3652873914647063,1.5242120769678906,0.6738647663719264,-1.3156526545452474,-1.6350354127722981,1
0,-0.05072901494018459,-0.6543280847078089,-0.39338007358947663,-0.10512621867139585,-0.5481620382551712,0
1,2.299928023448325,1.2312648606968075,-0.489793107535516,-0.5327706829620691,-0.7740754888752565,1
1,1.5422941010343234,2.331010827047325,1.1265048512429316,-0.571418946486769,0.041137239979009615,1
0,-0.9321105253471841,-0.776500410168028,-0.3215701682136016,0.15582099031392233,-0.56151045791852,0
0,0.9019208484184127,-0.4514757624917882,0.11085260207313039,-1.4495709370743604,-1.4495405357617492,0
0,0.6772946777535032,0.6638560835811104,-0.19861620696891993,-0.8738440141246482,-0.8883536931768857,0
0,-0.01880346459326123,-0.16297238550782045,0.5073924193431429,-1.0120645343059802,-1.7266515945581824,0
0,-0.7351105543986901,-0.06614747218589709,1.042944922262596,-0.2542245727674272,1.1371279818857094,0
0,-0.35172040594738424,0.6440236920783776,0.8356354568912998,-0.7681613181415141,1.2978614952770322,0
0,-1.092687350932506,-0.4300927053923765,-0.46666856955709607,-0.7024287686632099,1.4189145863349408,0
1,2.1670485115707865,0.5188385290867631,1.209046968605822,0.1354634142281664,-0.5898476132772275,1
1,0.638014619881492,0.5666684174824784,-0.9163513631202167,-0.44568487233654813,1.2971095651806244,0
0,0.1720985220880058,0.3490682660457731,-0.7424819133780062,0.0048062868819392455,0.40699787915087826,0
1,1.0937839913321872,1.5554792562984767,-0.1278007358120988,-1.1156981152691303,-0.8221555087507157,1
1,0.7439779330003141,0.984460092032402,1.0468004522087897,-0.8284222860647452,-0.628518841902264,0
0,0.14301305596714303,-0.6952749724842804,-1.1701514194436051,2.040828446909309,-0.17198071710619678,0
0,-0.20027963118721884,-0.16234387508932033,0.8914841441386541,-0.6974047509898612,0.1024516705108154,0
0,0.5029134632552206,0.6699103717502833,-0.0547470948179774,-2.1064284089301735,0.36290463881792107,0
0,-0.7605631612372241,-0.5014907722975536,-0.43373352358613404,0.34212821283158323,-0.0017864069392241686,0
1,1.1456112127157068,1.0023895868284627,1.097806366347927,-0.7079690053223512,-0.34852065619462375,0
0,-1.4325853250945346,-0.7143129404078273,-0.802670828687946,0.24384690021328798,1.3520907157841409,0
0,-1.3106080093967536,-0.2204477334613028,2.285676153749928,-0.08953499262384396,-0.11378255929700311,0
0,1.0789154459871075,0.20284739442994792,-0.17664178854228324,0.5498762400963603,-0.1710280556816021,1
0,1.2501589464598015,1.2691014942258543,0.14984170423104157,-0.09962280726093196,-0.21727089492597412,1
1,1.655635723134372,1.5306689076919622,1.5429050160785907,-0.22655226336834275,-0.11320040761420372,0
0,-0.49429725954390696,-0.03220686314221152,0.17592967858031358,1.147920427866478,-1.3624233239462842,0
0,-0.17906935529406418,0.5177619635910787,1.1888688784173769,-2.2181421718509173,-1.0030974636973748,0
0,0.5241445214918183,0.4177293310981466,-1.9531584674689764,-1.3254877182411715,2.4459868876784907,0
0,-0.3086334118932276,-0.3465964886200098,-0.4425970401709636,-0.8250949229095947,-1.6504190278945219,0
0,0.14258032022501352,1.381236044058046,0.3967337784225923,-1.6928439084081335,0.2717766596666947,0
0,-0.007653630288749784,-0.014630011376371758,1.0814192976234094,-0.47938682758986356,0.3425245472723622,0
0,-0.34128760204971476,0.1418251922134773,0.7696965582609097,-0.5780798322432029,1.0127239797213556,0
0,-0.31571564759512266,0.3308091523716792,0.676032107932891,0.9747001717886814,0.36678067016346966,0
1,1.775992523011305,1.607523420567772,1.0610578423545278,-0.08827199953841072,1.8908666487003507,0
0,-0.5861328818324648,0.9152386013247539,0.47501965340792485,-0.213011294501139,0.2396458496024926,0
0,0.27103760737410965,-0.3539452434779817,-2.1431840267898767,-0.3798385267228984,1.3478546816822345,0
1,1.317052624210491,1.870029349311623,1.4422032525136863,-1.0519958534196967,1.0399724136006603,0
1,1.6764203827889381,1.4987410672309873,-0.8376649990436005,0.8907938946757754,1.5419902448663478,1
0,0.8303775397011353,0.5896339170657141,0.31362500736416515,1.210076973017335,0.02483751442854916,1
0,-0.10091522713617146,-0.12899126998096688,0.18100476116719894,-1.2121660006636574,0.39789383998462186,0
0,0.5518826041151954,-0.21024921369187252,0.047327619069849884,1.6200558535066338,-0.3691765377394451,0
0,-1.075219713530297,0.43924409245560725,-1.1060406843850372,-0.670982581463345,0.15975359117610466,0
1,1.3177821918156432,1.6147959542539883,-1.9386932638347938,-0.752516619192413,0.21498740685818266,1
0,0.01661317264564369,-0.4921765813951609,-1.0023789065963726,0.47279367170040976,-2.07740810546446,1
1,2.7539984075238753,2.2073673718485547,0.8262384372443394,0.5620441400344359,-0.14314343922272324,1
1,0.4240287500440658,1.8395056250650759,-1.4466218625641745,-0.07126412517830556,0.8898727249611966,1
0,-0.05772591713566611,-0.04452251429763205,-0.8802809700080043,-0.3462847433182078,-1.3501892491346241,0
1,2.4740133105497577,1.1190613329613304,0.41804665379956696,1.1723528829631025,-0.9863416513960169,1
0,-0.4710122431601232,0.2184785381241511,-1.0274246748676983,-0.623299272857027,1.1556473028412997,0
1,1.472296713744598,1.79629113441607,-0.5430481897475731,-0.06876906399639346,1.3431280808784762,1
0,0.1990433910333237,-0.9564450443824977,0.08182151607009264,1.6937874700105353,-0.6207686447161417,0
0,0.11070513223366814,0.22540855351369915,0.28264273913015814,-1.3370832669605248,0.17398472478298474,0
0,0.9394622852726484,0.3915328214481207,-1.047225948178474,-0.4586495270738856,-0.0780524401985871,0
0,0.2690842860439391,-1.4114691599806628,0.14094291658117725,1.0251352618255334,1.1769759608988757,0
0,0.7966637373085315,0.11771379524717389,0.3988547528637023,0.5280000415250145,-0.5333464441143211,0
1,1.3839949856140532,1.8167654806373474,-1.273200524032053,0.8940175899056345,-0.37864622785878044,1
0,-0.4443152467501779,0.3485269885587275,0.2148429760558284,-1.3228843122713427,1.3407672150297276,0
0,-0.13543391581178127,0.481469012868495,-0.7165832297446689,0.3211150185109105,-1.0033305826313186,0
0,-0.695461856020561,-0.196539955210949,0.12391518068607582,-0.2852066909888775,-0.4979587935487308,0
0,0.29010701772605707,-0.6239438608052735,0.7230790030071444,2.2724169696683796,0.13289836316335882,0
0,-0.2315268676531474,-1.0798465990592379,-0.1762590206173354,0.8093778060850211,1.5237698137092839,0
1,1.1969266600135149,2.0553339443408345,0.9134154159790558,-0.02231861167004375,-1.1934623330777694,1
0,0.29919504577260103,0.4218392962766059,0.7908139842403512,0.2858984965866287,-0.7105872449401451,0
0,-0.6862294667845731,0.7010933584970811,0.9078300952594937,0.05428775426418736,0.5925508216627571,0
0,0.46230132831347664,-0.43508481530648657,0.40310993985133214,0.6990150078055858,0.7469499687178052,0
0,-0.2870024330948165,0.4823018535752182,1.100766890439406,-0.8563005742273532,0.21155567701799807,0
0,0.6954578664565104,-0.9016085711740792,0.38509530353024485,1.3652173398339813,-0.11672120133800748,0
1,1.3643574530622598,0.8783038647741132,-1.6672603663432926,-1.3247272904504703,0.12965240425550684,1
0,0.37914579993475445,0.075586329904702,-0.7920706567597425,0.2050438255409446,-1.5072682217558744,1
1,1.7077374242637435,1.7979245778958524,-0.21125706660095486,-0.8242798003656003,0.10142203105667212,1
0,0.44634112422869204,1.0074074687382144,-0.08722304938288808,0.04282745914394048,1.4821229042667818,0
0,0.06596813528857637,-0.14403843923904305,0.35773875924586496,0.9880187439705632,-1.32014827014104,0
1,0.6019615525940538,0.8805501669265613,-0.8069518751600276,-1.7123454209091393,-0.7840509661853124,0
1,2.2052761235452794,0.8497106733011425,2.00870870454942,-0.16947831239097882,-0.3968789451254516,0
1,1.5473902465252558,0.987292432985424,-0.10245830947831495,-1.4397569945604631,-0.33392634682970185,0
1,2.0737096464128877,2.7326160778850714,-0.007687796057837668,-0.27938248690101747,1.8413649405335257,1
1,2.014147886121314,1.8541241486806748,-0.6707491071343745,-1.442393178804421,-0.9319075162867521,1
1,1.1360221113931952,2.0675191102174755,-1.0033767601799353,0.16178571859085394,-1.1317114753386077,1
0,-0.5488772431051782,-0.1433913523079366,-0.12630317056882756,-0.42616989996606186,0.7710716949152291,0
1,1.9932130608694025,1.3990107905607523,0.027550724189488122,0.7471225377864708,-0.6468565615144136,1
0,-0.18194941764630826,0.41955870357511404,-0.08690409649534755,1.2285581110059944,0.7876746358889716,0
0,0.5618575676798981,-0.3034792534685636,1.6551559430374538,0.010648108445000304,-0.1970618108546753,0
1,1.493079434282186,1.2252152680719943,-0.1263093513778315,0.8936549854229597,0.4590198708950177,1
1,2.214045866468973,0.9951774102416958,-0.08592927443770275,1.3824586434633244,-1.5678770247841536,1
1,1.853982690525461,1.131504380145731,0.8152954784775385,-0.9221030622701349,0.45565640791366513,0
0,0.17278499622848909,0.02938716750199369,-0.17106582892920097,1.434985565629998,0.21779645640245054,0
1,1.3755932807558355,0.9069739243016239,0.5393390687308673,-0.036939122950685695,-0.25538071171175475,1
1,1.73945656843691,1.5715873874776318,-1.2790447383433616,-0.978376677881881,-1.2327384051712524,1
0,0.7157116289716255,0.17074904733067015,-1.2711445210993213,0.29846238785737217,0.2168352234367114,0
0,-0.03252927519799185,-0.10754918571370993,0.12205856445558637,-0.07209513278033014,0.724046040982935,0
0,0.3187046662103132,-0.49647591333805263,-0.23161758557185033,-1.4070118058729415,-0.5311536981912791,0
1,1.6278160457498236,1.4629778293711169,-0.8090247815630525,-1.1010494983076349,-0.5114902607769556,1
0,0.07476242564725312,-0.3029427377710748,0.12185173402498248,1.6373143305999434,0.7938888112793115,0
1,2.634046454162979,1.4279565002636205,0.20910009417497852,0.2785748564737615,1.7102211213061451,1
0,0.7210380186237306,0.6588764804420609,-0.709896877171516,1.481794247151444,0.9396191183575785,1
1,1.6476422891174312,0.6482359297375803,-0.5187958244042619,-0.41657314175504717,0.22946348714968526,1
0,0.12867245276162045,1.304091802136025,0.2166165494428912,-0.8016290104085769,-0.24322581078891017,0
1,1.1788776978694187,1.3564858449273556,-1.0210784513196292,-1.683314583144733,-0.02750095674333806,0
0,-0.1037829277589719,0.24710356434355235,-0.6040328674416809,0.9679769113376846,-1.3254913945164097,1
0,0.18563867252916902,-0.45165005414510095,0.5339351405586664,0.4106322814795851,-0.15438558940110503,0
1,2.1103681537414767,2.085326929724989,-0.023836029992347244,-0.4075452217347134,1.1198845409581688,1
1,2.0495325381465515,1.324624118329598,-0.4772028439558794,-0.7926595595160676,0.039634857676379025,1
1,0.9344445664572939,1.1635290141204957,-0.9030693189820551,1.126869594034611,-0.625499824210459,1
0,0.5861896384071789,-0.3453090127653443,-1.0132113517723982,-0.17728113067648274,-0.717998484614335,0
0,-0.05326420762653173,-0.16109521547351696,-0.13175548147046773,-0.16653021547556193,-0.031766203878880545,0
0,-0.5921948134065227,0.251008393771745,2.0258125232364974,-0.6007706954923719,-1.234636842332681,0
0,0.8018308424591529,0.10368641437834526,0.565786642407897,-0.4074594927456377,-0.9085546918020729,0
1,2.4779673980427717,1.3760841601338363,-1.3328642428947526,0.5501228344505633,1.5328175150708232,1
1,1.7582481894043962,0.9731471492301078,0.7072161673989564,-1.4164402296194343,-1.0361004746946594,0
1,2.025276161143141,0.9384959156450144,-0.7588866078976103,0.08073724966900792,-0.8015399652729094,1
1,2.0604695252466594,1.1234754304521615,-0.00485737660663185,0.955585058840506,0.2913378682593588,1
1,2.437463291687351,1.6761654272964284,-0.5888606044837659,-0.08475872256465349,-0.4417642570668963,1
1,2.036841115259035,1.7973559254622418,2.0227548128740014,1.0542262606342057,0.08863393887925738,1
0,-0.7966129664631413,0.4782265181388113,-1.134107911714913,1.3405991456270012,0.862875735705565,0
0,1.2058846493826765,-0.000880136123284966,0.3136122561354609,0.9035823451972765,-1.5470802143245925,1
0,0.6393941336880257,0.23013716455069472,-0.6853238042512505,-0.5372557691775579,0.7542463864452451,0
1,1.2942854768363414,1.2989295770702531,0.7388280793765873,-0.0354383579776185,-0.5823897376861993,1
0,-0.6177750434144458,-1.045378794557021,0.29345382006287296,0.3457701855753221,-0.2860764432342136,0
0,0.30288805824245024,-0.1295560737236388,1.2545526461520247,-0.46974973646475365,1.9220918893838421,0
1,1.4330439769794525,1.1748040247853488,0.7181177946558434,-0.5031060779595635,-1.4026236635087668,1
0,0.1979972123993755,-0.6234271226574309,-0.6935338688735108,-0.5633133491657225,0.5907027122326198,0
0,0.44604410476695805,-0.3404365054516825,2.916202577533427,2.5435606010468503,1.128029406800185,0
1,1.2601348672019228,1.4810548485745865,0.5554261336510725,-0.27109071918026306,-0.6835306992473493,1
1,0.9303352043893977,0.7200519285889544,-0.5506619488285118,1.0686756087951241,-0.6677288145034763,1
0,0.2314910807231869,-0.4264712828494856,0.20554039284621972,-0.8694022817836385,-0.3686678973309188,0
1,1.2799672868338159,2.3287412093316306,0.6308336267692929,1.7017750374495433,-0.6894559300711024,1
0,0.08765747143943889,-0.9616237955281837,0.5927944789352382,-0.378567465395371,0.06647099575404627,0
1,0.7940041378226413,1.290090704235737,0.4960280976167785,0.05297690720242169,0.892606075134217,0
0,-0.15130963468478253,-0.6997856194584509,0.9664821539213713,-1.8327227716525976,-0.36323371878601873,0
0,0.428971134623998,-0.45098207869566576,0.8681710096026315,1.1166009797131602,0.9285543512696373,0
0,0.3635595045880781,-0.11864233777086845,-0.8475661662360984,1.3332198279347687,1.401010586259251,0
0,-0.4730147825239612,-0.5925456735772613,2.108054104007238,-1.1872715972875525,0.4310593786904083,0
1,0.8990413784091691,1.7443583692198568,1.9688878175502142,1.174804222079019,0.5254835614437822,0
0,0.009458213851075278,0.8106903718634476,0.8009648952398705,-1.337287609437287,-0.5939545713113566,0
0,0.33661967821164535,0.5050068816616389,0.03869671755062007,0.6320671795072249,-2.6229669575508923,1
0,0.2431050841155306,0.6147678706325207,0.05588588271138951,-0.2879697749442862,0.5857046714718307,0
1,1.2927040933832141,0.5721585925827114,-0.32376439479464314,1.3362538763814793,0.7964761236296682,0
1,1.7786946654919622,1.2541573869085196,-0.19438422496149219,0.24919146774845666,0.24244432247014083,1
1,2.501413282765597,1.6804526404120592,-2.1867844148980407,0.9314682384094649,0.9097691325020746,1
0,0.12308681238541654,0.5227145484687219,1.5302634529129135,1.2377566694943813,-0.5482631394154426,0
0,-0.979888761491172,1.052011795565895,1.1774536416288233,-0.29103151733875765,0.5185155464529122,0
0,0.12192020286038531,0.6414237549773673,-1.6766867924324076,-0.028903264844326808,1.4721438680926868,0
0,1.2263741827275654,0.5378931742043306,0.8899879148694443,-1.1111817511856314,0.6656679096911947,0
1,0.8275655121306428,2.9801573483236163,-0.007714607881930434,-0.30002432418371705,1.342755772028652,1
1,1.6178347970974134,1.4577854489643776,-0.1990461393156687,1.9270729569548524,1.3491565172946443,1
0,-0.13580125981928065,-0.17343506294494138,0.49284150856407644,0.7557824798918011,-1.2213844088839583,0
0,0.05752977556503841,0.1064147421962693,-1.7427871893371167,-1.044599540308037,0.7191810764251613,0
1,1.7165512918922632,0.8509683465879194,-0.01124918218779526,1.6314426369190653,-0.6319545491604223,1
0,0.6839831916377547,0.04058027146068409,0.07948117679836683,0.3890031784725915,-1.107483398894168,0
0,0.05086997184048636,-1.036111316266489,0.08044896456618413,0.8304244809091642,-0.2856543082722369,0
0,0.7663557343272283,-0.3177114219406833,-1.367489398372277,0.49052881522942376,1.7541590419299236,0
0,-0.0705933952718895,-0.06920032923935489,0.44691596437567,0.41975843074819863,-0.5438001122538302,0
0,-0.21008206438477986,0.569781174511826,1.0598149960620862,-1.9977138424801,-1.7582164246709995,0
0,-0.4015097898231635,0.6666543266318167,0.40733146408660365,1.106959380828232,-1.444608099625693,0
0,-1.0902522174720917,-0.5781702388506489,-0.2291879111782746,-2.25433545021297,0.47837936523202246,0
0,0.1654688471555039,1.245620060378155,2.6890406029193503,1.0159882206850328,-0.7588252782918558,0
0,1.2324001730831056,0.08902408706370132,-0.9245747855919358,0.09956659270840494,-2.0431860391300187,1
0,0.2749412863715167,0.14402697961846178,0.7734513004707533,0.8354642766908565,-1.405112595847414,0
1,2.0120484124970077,0.42938390900700374,0.24327370568069057,0.15840087475674372,0.16691828251590105,1
1,1.352181204991327,1.0279655659279658,2.012312949673439,1.043751930008915,0.7794856470007353,0
0,-0.1466000347642024,0.6298942869194868,0.38674981591470886,0.01614805269588526,-0.44571560467110144,0
0,0.5907848929999573,0.10186707762785933,0.601155244995063,0.280926679769639,0.6489788263525217,0
1,2.8052161841738923,1.4646888357517243,0.5057169815642586,0.4047600971729573,0.9149296628967619,1
0,0.8927687614780918,0.13630330234528862,-1.0583225288577367,1.8786422792381703,-0.783710467246459,1
0,0.4831467778368132,-0.865922583051629,-0.8688804533738702,0.6002750766702324,-0.12121922673976794,0
1,1.6210903476343055,1.3420348679591068,-0.27566787663067993,-1.316852842857706,-0.6004818777293566,1
0,0.1258313485603941,0.844998213178573,0.9573828174792031,-0.5639797726142536,0.5388799946799214,0
1,1.1478956083430476,2.0520245732392963,0.23309673869128375,0.5980040116430776,-0.6122339108492184,1
0,-0.8689005127815942,-0.07511966526935909,-0.20673488668989076,1.2597459436007497,-1.2131772089939319,0
1,0.9239209853440356,2.338201204616933,1.372199801115334,-0.7221760962922216,0.0525866113881355,0
0,0.029880020713162498,-0.7554591040610364,-1.982429760812106,2.2398776163300402,1.1103449617552756,0
0,-0.17519535685600632,-0.583018598913756,-1.2958201301610395,0.17560380489835298,0.5105727552972449,0
0,-0.8816650228318107,1.118173426294384,-2.4965997950630507,0.42056740257656267,1.006835259560486,0
0,-0.02239402742984168,0.3467838709851139,1.208310504910064,-1.2540734940601406,0.9190214101135548,0
1,1.4089418053204332,1.2266675947386112,-0.09672614457304615,1.1154765818029488,0.042148576741448056,1
0,-0.7037093131704482,-0.033191139621148384,0.9662917786927923,-0.4457841744177235,-0.5974881600325,0
0,-0.22210740637204232,-0.4839786678763104,-0.1092583330323754,-0.7458828313747242,-0.8697296283956459,0
1,1.4074281995701936,1.565955561084467,1.0231836685269604,-0.3171929192133447,-1.5866079494273542,1
1,1.23001771604532,1.5184330677868825,-0.12675231617406715,1.382777511645271,1.1895495542813517,1
0,0.5560020988655637,0.011930825917614197,0.40991142509788614,0.46574272369952335,-0.33060508401924005,0
0,-1.1417409372559872,-0.6958537291266574,0.2635134908112687,-0.8890852363740881,-1.7047704762462201,0
1,0.4085206055734174,1.5588536666413464,0.33770728988796683,-0.5303789715470305,1.2343252185709979,0
1,1.6019714706694552,1.0822931405467808,1.6847372202078401,1.4095665749821313,0.09426695209389956,1
1,1.6576763136353836,0.8084136437064872,-1.6244245132406705,-0.23638101521214716,0.9677693040418873,1
1,1.8425290816113842,2.160045494922417,-0.06838335587272262,0.5604125591073058,-0.2615416812229912,1
1,1.2766158950325437,2.7018328147011554,0.1979872141780293,0.8051490356655069,-0.7932737416119834,1
0,-0.550754283055399,1.1655720772917817,0.04828701403031597,-3.4187876606119434,0.44574883573477025,0
0,-0.004389679616968472,0.39007365825737067,-0.3978852205533892,1.264390948083105,0.5286350162382092,0
0,-0.26494688120879767,-0.1593510474475142,-0.5347162844102102,-0.8523514875417285,-0.27990077861303486,0
1,2.5306428427934167,1.3577866504372273,1.5300146554109126,-0.3605881499777932,1.3135280607181254,0
1,1.405463650044885,1.6433613580773647,-0.07072108855096625,1.5393193119485735,0.945469200848874,1
0,-0.03191109103024675,-0.2521486514767135,2.437946533897374,1.4469246962515319,0.5647639944991857,0
0,1.4852508837587655,0.7912860360734376,0.5282749863748487,0.4927799035415456,-1.109972149885172,1
0,-0.11685613603841212,-1.2214364965971232,-0.28965556577568513,0.7284389481147806,-1.250859025445488,0
1,1.9336941191194545,1.22256466760754,0.5526788404646344,0.9779617227766716,1.199017584941471,1
0,0.3877856600318118,0.48064289524039205,0.10893287043771317,1.4301079444564713,-2.1883445870935905,1
0,0.43884098623092876,-0.5070957883678925,1.3419992669393899,1.5574186071277711,-0.09097938178444875,0
0,0.17369235924675142,-0.1440893347066999,-1.1677223193904813,0.10770223162012967,0.1466443480150764,0
0,0.11630447664630578,0.35618604974592144,-1.8011859834145791,-0.7373350580837429,-0.4897131913170167,0
0,0.06020057390226968,0.9109614642226775,0.36098101048333125,-0.2551527144036374,-0.03532124259887958,0
0,-0.3455963413402639,-0.7763629692997466,0.83569589806094,0.12720006574650713,0.42029708581234243,0
0,0.19531128170356105,-0.820844692652916,0.2859054496179301,-0.05306737158074613,-0.5872207366216652,0
0,1.2171875024547552,-0.5676181127039045,0.6724751789690911,-1.0122219255450415,0.8814103104122624,0
0,0.7264091453781344,-0.922521510304896,0.5254368627202523,0.4367941740511247,0.5824755346230012,0
0,0.182350813334782,-0.8798270732468821,-1.4804001953296708,-1.5677876727629565,-0.17995860573756509,0
0,0.5134978788635941,-0.5835967186168204,0.28123970380651714,0.08538747551620776,-0.8264313135166275,0
1,1.0784944547616089,2.1400961289475946,1.3167806635714312,0.14950017250009345,-0.09066087392586264,1
0,-0.15630729251983125,-0.1872460908412545,0.1717669548113143,0.11524073520294939,2.110670228156586,0
0,0.5687099065104332,0.01882506369396406,-1.309958194954815,0.8512147993761583,-0.7574287182751482,1
0,0.8923003160749149,-0.5732785540525072,-0.3338571180948485,0.7186060597791426,1.5307807252211616,0
0,-0.4625197032572268,0.38012224503874925,0.5567567297132284,2.222678339488907,-1.755181546692319,0
0,-0.2901529856538943,1.1254584166996633,1.7956302827980526,-0.5177117838209477,-0.8607862265543512,0
0,1.3088254763271217,-0.5325779304236528,-1.9563460811772742,0.27933316445125406,-0.5426297014953095,0
1,1.6577567498613837,2.4348490226448405,0.36123211910214503,0.215236772902594,0.9490887308677562,1
0,1.0940171836202273,0.21865462990070725,-0.9322075566301186,0.1681863646908236,0.055357155547421794,0
0,0.12411439036547547,0.01011809957322663,0.5077270963387507,-1.2648542345545668,1.3100715205915971,0
0,0.14770816939526113,0.24007429939514469,0.5878312589785422,-1.183475909305473,-0.33264223286890926,0
0,-0.18329453259593848,0.23431589938020927,-0.23314721662939625,0.006466469974647651,-0.053859778543447284,0
0,0.5655330849061372,1.1142626514379466,0.6315992022913007,-1.5758939181122005,-0.3286813598004687,0
1,2.4146665301823997,1.7121324390930348,1.139895716484215,-0.3342053550406645,2.0264012811369154,0
1,0.9789986619154799,1.7246643026845825,-0.1645717054235552,-0.6475396004929517,-1.1202414300002583,1
0,-0.21147033133226203,-0.2528998919775266,-1.3371602671649832,-0.29797743965861934,-0.5081969410114211,0
0,0.5490471146245323,0.5034462818786424,1.4255728210777394,1.1323269556003437,-0.9779623006271213,0
0,-0.07772918267059674,-0.5741081841737915,0.8286948590409773,-1.0783356130757928,0.5733124710469593,0
0,-0.2960312811199261,0.06540239374775642,0.563756431645642,0.8697991505599149,-1.1410097570549267,0
1,2.2057252923216413,3.129970133468497,-0.6909666491187524,-0.571287690758806,1.8221464637582947,1
0,0.6620719228275066,-1.5025139517877748,0.9854358742941127,-0.44675272872092636,0.0806798853002871,0
0,-0.26978525440328316,0.13988819780127087,2.0424256432884373,0.4655456559886942,0.4123800722017869,0
1,1.7274199167927675,1.5629737525273382,-0.12131033024875619,-0.2741485001225741,0.46310249849813645,1
0,-0.7250848775425398,-0.13685342549232157,0.0944926997905119,-0.892467767981082,-0.020059250652625305,0
0,-0.5372885462872194,-0.12271155664045859,-1.0651906536963711,-0.3702773043839008,0.12166436467795927,0
1,1.6744991392800281,1.4548458638968897,-0.7195420015508934,-1.7766336717733762,0.08473127468805232,0
0,0.01884407254790612,-0.1512019652787188,-1.0745693863829666,0.3811845198003289,0.5192431348445282,0
0,-0.5801256550383806,0.1331878372926025,0.13082252989655052,-3.1018500303731154,-0.822369066407293,0
0,-0.42958435483534524,-0.2925664234901394,-0.340778952724859,0.8880195830034511,-0.9920779976099755,0
1,0.9609733780266645,2.613435691248247,0.3728002566626673,0.6152619511052647,0.8209680791179066,1
0,0.27303591414792633,-0.15120824597841095,-0.8919008374075167,1.601434794162049,-0.0019177900744140085,1
0,-1.18058351801514,0.34176684457482975,-0.1675565497658116,2.1820771137221713,-2.006452292539964,0
0,-0.6069463377361176,-0.40142165990593004,-0.953536225042117,0.9357709596591994,-0.4751900593827352,0
0,-1.1177649286993925,0.5598858182406881,0.18757157769779925,-0.6274050333718487,1.5299743100874401,0
0,0.25141236231478836,0.4400806724108008,-1.6323242999465004,2.1726223853954214,-0.16037710953769466,1
0,-1.081640130032821,0.2515561419193021,0.15157830765478958,-1.1939332598444479,-0.5309913200491719,0
0,0.019037519121324162,-0.6164012137311119,-0.2787302787865048,-1.902703632842048,-1.4947938326735257,0
0,0.983714409448454,-0.45144182433811253,0.18096408892248975,1.8524639418421776,-0.5678310106302106,0
1,2.604060388762541,2.4117037914477084,-1.6522666732579177,0.6015581832740385,-1.1637534500713753,1
0,-1.0835445415072926,-0.45808422462640774,0.6547156739355009,-1.8758175566131423,0.4292045777377179,0
1,1.7790457609785735,1.7845413021275025,-0.2987428925935739,-1.3553592019449745,0.0492927411761099,1
0,-0.5933827778282728,-0.5668027981087814,0.21711271536185886,0.5512850311008659,-0.36346292318026485,0
0,-0.7158816214261549,0.6050299413610614,-1.8700742610772119,-0.8699648385306727,-0.7622178167777732,0
1,1.5319180273659556,0.9881615855015691,-1.2427332762339351,-0.7261488959021734,1.52644049155256,0
1,2.3369746941598755,0.8220872674759999,-0.39015416111174067,1.9664224338200638,-0.7053165378654732,1
0,0.35979532453221486,-0.4274054860181408,1.3755001385101429,2.1481941152303663,-0.7015987165265356,0
1,1.1709154429102717,1.067718442003386,0.5272713484300947,0.14676240385843167,-0.2429680405714506,0
0,0.4230203984460015,0.24280401295453186,0.12987504139043662,-0.15049348775938795,-0.1031189064277298,0
0,-1.3462249991290076,0.04163022368266997,-0.9243081659486009,0.9024551786632987,0.48204630121760433,0
1,1.148232520940056,0.7429063520523015,-1.1062649495987384,-0.5616066216414509,0.930444758747663,0
0,-0.4943349268207504,-0.016768208279292148,0.27665519096546437,-2.230525167376863,0.8555731894317921,0
1,1.6469924150433588,0.7138991556253421,0.7006892981874261,-2.761529543291938,2.429894351128287,0
0,-0.12169677819599979,0.3861344190005876,0.2089741014670074,-0.0735983373753819,-1.6928739867102678,0
1,1.5151173438280692,1.896141739323444,1.7095572080877297,0.8818785908660279,0.23085132934447125,0
0,-0.10483171806368317,-0.014368403129617105,-0.6824617232361911,0.015999954586683462,-0.5205068327573905,0
0,0.013444344593452201,0.16299204179565685,0.17936994077494722,0.809960768454651,2.0097598686343794,0
0,0.32407858017493424,1.051274466398646,-1.693174724102902,0.909833584673663,0.1756034743281901,1
0,0.0895986156614297,-0.09456179543527138,0.211045520667232,1.3860406677078836,-2.029672149504276,0
0,-0.17061108996273502,-0.5665547700305338,1.4693732133552966,0.18626455075536774,0.43421377781149106,0
0,0.24104896788286928,0.3475171415626741,-1.0415088826118641,0.2758753129723287,0.2668324392539839,0
0,0.4956741261916583,-0.6795922594592069,0.8421315419620594,-0.03679952527581304,0.7577458162704093,0
0,-0.33361553443357755,-0.12634137796376557,1.4410397463655,-0.258402873649202,-0.7235308378850714,0
0,-0.03564163840360547,-0.35939402765011025,-0.6897127748314813,-1.572029961137767,0.327827268005954,0
1,2.297143937827952,0.9789081000746778,0.4669396940780137,1.1719840898608513,-0.27048639060566404,1
1,0.9383435936395862,1.2499474426132935,1.5796317448086095,-0.3837602378230378,-0.6713618870297094,0
1,2.6828213177535662,1.9399347957284494,0.23047516227954284,-0.44104832538868594,0.34272385346370793,1
0,-0.8034929848437452,0.6634012729945116,0.7867149975116339,-0.5416179442659952,0.15278469323446858,0
1,1.392781233277158,1.9557235178544021,-1.7739493594180071,-1.3403878309313835,1.050053193037418,1
0,-0.5701139981256071,0.2018124534770486,0.5971365267723902,-0.08554320604227428,0.02698895317071167,0
0,1.312756198121626,-0.15462993683259357,0.5172377405196646,0.5164250019584302,0.6039025842123201,0
0,-0.3020100173082911,-1.4146949972399745,-1.326212065960792,-0.7052875133611911,-1.2074335422431572,0
1,1.2994953060828804,1.6205965959663646,-0.9643286539702169,1.0376011067368822,1.3945171669216014,1
0,-0.22244924396395147,-1.3675990348553322,0.6040018021981676,-0.3684113576322086,-0.7772006720532261,0
0,0.057361684736370155,-1.1540203658838077,-0.3027119043169736,-1.5326541814836183,0.9029305058422872,0
1,1.4029349326572935,1.3029994065278316,1.1119383889693057,1.3736983757446715,0.26311875205946417,0
0,-0.07973208277343964,0.1587463467782985,0.31072693050544836,0.1984626752624151,0.13632373118246435,0
0,-2.1175259718142425,-0.2706509422975563,0.05645556654227363,0.8632832123043578,0.7603454116542324,0
1,1.6342959016010965,2.3213186891563806,-0.17044903322301097,0.886859654010306,-2.139981694013279,1
0,0.010683972891986884,0.27726099451110403,0.29268213193451403,-0.9461098091515893,-0.5735243226370123,0
0,0.6231412784474362,-0.14964474407715456,0.8029323725161529,-0.5219137707260653,0.7461295775448288,0
1,2.3854365689676413,2.231785967109077,0.5338506930209715,1.0342860752568597,1.9220931223863578,1
1,1.4873751631649217,2.3390680085384545,-0.42300866040898233,1.8352175152205237,-0.024358218320323248,1
0,0.4897374490043732,0.30753521608480144,1.239437052540271,0.0632864986796283,-2.4376291975827153,0
0,-0.6609412682668838,-0.46515459585449787,0.6576942394618999,-0.6271898774516903,-0.3172189756773001,0
0,0.46040540561766263,-0.33016225861303933,0.3852338916401919,1.6823361481439734,-0.060149857465702075,0
0,-0.34348547948074615,-0.8680432277960021,0.09169717741232955,-0.6266268706299047,1.1094593607514278,0
0,-0.7108184808780329,-0.025450127880307934,0.5000495643384668,0.3289705244148871,0.04834303190941919,0
0,-0.1113532069224303,-0.6300248648667194,-1.8316789397250854,-0.427782865986394,-1.2767251194981588,0
1,2.4402834683186674,1.202555138482089,0.2413092743812357,0.269072772760275,0.9634965483122099,1
1,1.7086033220385082,1.5563601818330965,1.6401829295660564,-0.9454521139458305,0.5683168209272946,0
0,0.897892888607028,-1.1902251852023635,0.2199866867044663,-0.37466097799792175,-0.6990936733949015,0
0,-0.44923962828948244,-0.7582447611127422,0.08347731870697218,-0.6272972369618022,0.7198726037783874,0
0,0.628710662728794,-0.30410883290119545,-0.5958843054724052,0.6622381922875238,-0.5466143379260769,0
1,1.2087039776578328,1.3684835787660965,0.49272728021696205,0.16321445074010568,-0.2982080434652624,0
0,0.13519720289352188,-0.29633447984286476,-0.1950744073381489,0.880200751152149,-0.5296883332231642,0
0,0.13000969719564898,-0.16231075883182625,1.3092997823905892,-0.8257599536026291,-0.3099411451444359,0
0,0.39689504035450357,-0.42371231767533446,-0.8636196913474898,-0.20845098654739871,0.9067602627614803,0
0,0.15044437194679647,-0.8696399050851757,-0.4523049342670339,0.6250315478853422,-1.7857853982037688,0
1,1.1564892773069098,1.0791495335649808,-0.600878056905611,0.858700150317221,1.104129343703127,1
1,2.1281841712555383,1.272098885041817,1.8345790887114215,-1.4457841555753526,0.17632485192180167,0
0,1.0389939565952366,-0.18623406216374902,-0.18976566161240316,0.31779600729766155,-0.39008534912974574,0
1,1.249717946646329,1.4670775512778718,-0.5480774628714136,-0.8132501920044102,0.020763086589213917,1
1,0.4988607541329808,1.6513367422851182,-2.090594545454645,0.9093009614707125,-0.9089759633364575,1
0,0.2995917410122732,0.40903573613800187,-0.9113719855360253,1.860504985557505,-1.6317234928353113,1
0,-0.19870823643128943,-0.3801305013068344,0.5278849433926043,-2.611918145617506,-0.8807782417492265,0
0,-0.07866171357317792,-0.9454780823518709,0.5238757415913377,-0.6559481525597863,-1.8954893094837113,0
1,1.9337066534386074,2.162957819437164,-0.6512032324535616,0.2637707455991821,-1.352642159069885,1
0,-0.2738354578953591,0.23126754936665292,-0.5956558996330859,-0.0038442529863135454,-1.6227515680230677,0
0,-0.16131118280620282,-0.5727974107043632,1.859871068064664,0.9396509181676689,1.2238188343067036,0
0,-0.06007171016195182,0.16662303389545285,2.6963797625551447,0.07906441878402612,-1.284211147233732,0
1,2.4818523627910096,2.0407968399608745,1.1497725901185043,-0.5297410031651616,-0.041246353536171905,1
0,0.01804176246814895,1.0375059151436348,1.5592798872946922,-1.020331247209571,1.116736668760456,0
1,0.858595851511024,1.5503661656946386,1.771425263118786,-1.1885341731008119,0.8500888397488479,0
0,-0.7175270886846691,0.6358023824099165,2.2145715499047167,-0.7427498001575039,-0.2951360581857844,0
1,1.6835379529957608,0.6742387566111654,-0.30192786040735226,-0.5650979860562547,-0.29057629077797287,1
0,-0.6776568004145873,-0.021541650958005917,-0.8782679627400033,0.3837523845411151,0.18015075225331495,0
0,-0.9373820921544964,-0.2010075895537917,1.8334897831382375,-0.15672692422573775,2.112228237870728,0
1,1.9813215945604064,1.6055419110225257,-0.9642940179416516,-0.6508940041009349,0.4130472237801915,1
1,2.0106990417211867,2.366716361261733,-1.0285960942212329,-1.0093163028762562,0.6682199158137953,1
0,-0.22088192033631196,0.14993363656755498,-1.005634684261482,-0.7026283709296304,2.266396802541632,0
0,0.17619557469102537,-0.562614443560126,-0.13139633776526344,-0.5640328138582191,0.27782636637096597,0
1,1.7128729865173005,0.6419368520696712,-1.9843758714514073,-0.7481257015707895,1.147858949686354,0
1,1.9614516315814514,2.387468037652363,-1.4331094235599389,0.6731127837738594,0.477725258685303,1
0,0.36284994236387963,0.3082760474311396,-0.6223387938333408,1.3680443838418432,0.46315757880215236,1
0,-1.5634731525163355,0.26884880818503404,-1.1959253138250674,-1.1760626301786028,-0.9633389171771312,0
1,1.4557006249105635,1.1937611668650976,1.062411814024592,1.1192539187620016,-1.1291520869134979,1
1,1.91074251290688,1.5607170708007059,0.006648201517649987,0.6932367381288702,-0.5123164570968579,1
1,1.3537260453765914,0.8078240563239139,0.5770219209361136,0.17986862411700924,0.881935216925987,0
0,0.021721583555895995,0.2323190134221911,0.46753017929393614,1.5266642441251714,0.8344661551643054,0
0,0.4504199890068465,-0.7049220819444166,-0.20677308976638484,-0.17026822734834823,1.3331862797137204,0
1,1.6485551399512974,1.1844269329833443,0.9881315252266694,0.4018970740312723,-0.011103684787509461,1
1,2.50475165034092,1.0142641108043564,0.4521478851829387,0.12372381195715741,0.5377419151892107,1
1,2.276191751368673,-0.5544205855999449,-0.31840027312214836,0.049351707227258915,0.5419955921594496,1
0,-0.0711384917828604,-0.2080611759200441,-1.683909861113983,0.45899864779895094,-0.1074942124765022,0
0,-0.11882770243486718,-0.5393198546777571,0.5206583924017935,0.046421810860825204,-0.321534674197347,0
1,-0.11019446312081871,1.2737660696655297,-1.2613033780259002,0.4661175351193264,-1.4849982526968084,1
0,-0.19590131813431552,0.0010336802891124537,0.38028312559085314,-0.6698200994261782,-0.1525345645226522,0
1,0.7880386643736842,2.4607591657889505,0.07888855867289704,-0.6385798514760365,-0.1040005188901266,1
0,0.1327377252003736,0.1828253982945053,-1.3603691840398002,-0.6743588664326582,1.1343873395542325,0
1,1.6917224266720012,1.6004675797901227,0.25839704103481737,-0.3647975511598388,1.2329918534942148,1
1,2.0175134536160666,1.6973683011315468,0.1913194369304747,1.0132845537675756,0.14571333063755063,1
0,0.8380022831689148,0.5230851073446755,0.1949475013950915,-0.4622048142238367,2.0633831791044894,0
0,-0.015761657803181017,0.27256767231271095,0.14699691728869863,0.6524608705524366,0.18998698426610158,0
0,1.3682497871539174,0.1690278146544715,-0.6523881861231408,0.265446262965217,1.0329203181821704,0
0,0.13947086713194234,0.42674815113788606,0.5916091341003569,-0.44142163320019706,-0.10007412686085121,0
0,-0.7861298362299797,-1.4559806524986625,-0.6876557942866617,1.3091825362210296,-1.1401507897892293,0
0,-0.33724312506607185,1.2534309499672955,-1.0745909140082592,0.7361111784853063,-0.42521929768864036,1
1,1.3763519798153068,2.353837906828039,0.6746337043314335,0.0017820893085115997,1.4740509760561196,1
0,0.3552762906920272,0.13028145111557402,0.9364306008908072,-0.08113858934781705,-0.2642020471920045,0
0,-0.5683499401375803,-0.8478038702452598,0.6061980999477652,0.0937265606540813,-0.4664981600530331,0
0,-0.1787855296856376,0.7262102594957668,-0.20719486146244043,-1.5295376439877166,-0.004065866466749025,0
0,-0.096624168477652,-0.41632589943882664,-1.9394657039169663,-0.8249611803149862,-0.3894970880447183,0
0,-0.2688724845933262,0.3203046099449613,1.4816901708869763,0.4625155036887168,1.193759065396385,0
0,0.486849229007831,-0.7697433610712797,-1.9550974407886346,-1.5829253068032094,1.885454698581,0
1,1.9847928330792135,2.7358441393838735,0.5860613934188822,-0.747624545612635,0.005934895547345447,1
0,0.6999402810623753,-0.8653300572651721,2.1102368511391236,-0.39254430811883756,0.5404556805644442,0
1,1.4013848913332803,1.4413916421899007,0.14946644794310449,2.903654641460433,0.9718751151806323,1
0,0.7215165405887412,-1.2733123287068957,0.29123304459846505,0.6737372492316451,0.10854815827642071,0
0,-0.8183982515862275,-0.02473347131779328,0.37932094961350066,1.097341825582322,-0.8779120875925679,0
1,0.7669694194060859,1.1448288769170345,0.1981673396599849,-0.8051472209367425,-0.40944260551880945,0
1,0.8717189883452722,2.0823100363435794,2.35061348394051,0.362055927540961,0.41202295279578355,0
0,0.00552701557925367,-0.25522765895511923,-0.843164852728583,-1.7601745085050793,0.393812176131045,0
0,0.7214268699466534,0.683174149707798,-0.9687266466130996,-0.33061468593115223,-1.7921885436163298,1
0,-0.36128524838377807,-0.6144723405532025,-0.3275010668261888,0.5053659279210636,-0.43662101170611295,0
0,-0.2860160429786623,-0.16917696182684636,1.7408315925815088,-1.4175778779272814,-0.7370070773996814,0
0,-0.12961077318560255,-0.15714725875230365,-0.576876608978567,0.3931369398820419,0.8822917815669341,0
0,0.34369687403259286,0.2973529533797503,0.43029825179079645,0.4760714340557563,-0.6982409334580076,0
0,-0.2865751820127443,0.2210246558442339,1.0710085412486485,-0.602503233985836,-0.461146630477901,0
0,-0.3200501747499008,0.43333509295401695,0.7789836199251122,-0.8348047785078178,-0.49609146485942346,0
1,0.7927628419853858,1.5600983619738436,1.018073841563032,-0.715241788098103,0.7913316937621135,0
1,1.2569673332937275,1.796788895967869,1.4179863692441252,-0.3469489526904856,0.9688443316713802,0
0,0.7064770517611996,-0.538718357215883,0.3082317096919268,-0.31677401916972764,0.4935735507454746,0
0,0.054555605087086005,0.23327920012874054,-0.4570488983217358,0.5096087502617995,1.1064094333220653,0
0,-0.44391270614874906,0.9649235564674087,0.14721889056049428,-0.5344025303179697,1.235415168331753,0
0,0.7416863836373605,-1.0079956604325582,-0.33905346112943335,1.6021261444629769,-1.8103086402801434,1
1,1.2488718987638876,1.6934047729813566,2.5215519817090657,1.5948742742082154,0.5919113502461253,0
1,2.4519733476894796,1.8060678667628705,-0.5326566529512831,0.23620128678406696,-0.3697986813984094,1
1,2.4421641867400603,2.2767118264830097,0.48314100447964037,-0.34463410504523045,-1.25674840537146,1
1,1.6336069758248013,1.8356281599741255,-1.5008655991366413,-0.5332812986478044,-0.3197344816003558,1
1,0.7008702835769876,1.460189565295225,0.13281839312141236,0.316758613881249,0.7308607162439515,1
1,2.973700369207453,1.658043917306023,-0.28710385543127714,0.4917148241690525,1.4552472868931166,1
0,0.2323656337587277,-0.44102270073680416,0.6756853858444289,-0.20100436739159525,-1.3450998526771871,0
0,-0.19433221483235405,-0.23278084341464753,0.7017530353646626,-0.3931295106967442,0.618415795213199,0
0,0.5736767488650334,-0.8014217038211968,1.4169984722933255,0.35274330110013347,1.9656289562428637,0
0,0.42138167221280837,0.8922177086065338,1.3375693341483217,0.06904149629940481,1.8307536500403543,0
0,0.7865630099318642,0.27009439137050756,-0.06630492879003086,-0.5721224805284093,-3.4533051002385426,1
1,1.2025913267920623,0.8503325238052316,-0.9443861425023862,0.11303952262772723,2.178880071836133,0
0,0.19108404766463535,0.16281417759755057,-0.8271063496226796,-0.6052692516323414,0.9610411036106785,0
0,-0.7115221381469621,0.6956086259965996,0.3027379760219803,-0.7516586592725796,-2.3073827278272545,0
0,0.3998006374447404,0.5956753952726305,0.1577861133870961,-0.004977211772486045,-0.7656609719910654,0
0,-0.01376722177631245,-0.5565831678998407,0.2579265907812854,-0.5746693545054586,1.2577640787613489,0
0,0.16860555329208726,-1.8803032895277285,-0.5351103063364816,-0.7329986227166922,0.3602855178782128,0
1,1.512190165695718,1.6372316509378277,1.4372374313120264,1.0457140216023326,-0.5739557297930417,1
0,-0.1505932923530167,-0.5321217791029399,-1.472683822319886,-0.39220527096119867,0.0664627438768181,0
1,1.0790612955911718,1.7733965035883004,-0.5904651816510577,1.8433616653415865,0.5459189185652138,1
0,0.47425812881054014,0.5701622330017447,-1.0771071086308668,0.6266389621956614,-0.5792689590791126,1
0,0.8938224220448626,0.6681798666980294,-0.20897318967664966,-0.8207033898407939,-0.1271174058219907,0
0,-0.33400101534605114,1.046844291587119,1.2465664093979574,1.1597596104959493,0.8969171063110216,0
1,1.932124302982657,2.141814150846382,-0.28775390314921784,-0.7166194999700621,-0.7008190692651776,1
1,1.8593101747961454,2.449729297270413,0.10147733577392529,1.9733475092539887,-1.3569881948095315,1
0,0.004858686809315214,0.8274362059411986,0.6642428564252366,0.22619306951339194,-0.6373122264556577,0
1,0.6840425599811701,2.2797305444133,-0.335316358031428,0.542567403303669,-0.8889123624824253,1
0,-0.7809584106663555,-0.02452088357866357,0.38262766426124417,0.030952806781242907,-0.6048671526737719,0
1,1.1314108293090577,0.6264041412605735,0.25075575183203874,0.26588258459896114,-1.7274586516972856,1
0,-1.283402834143159,1.4893621526894474,-1.1308093139660624,-0.22910967649561687,0.23562099008953966,0
0,0.844818437943369,0.037771761129612114,-0.464315394551542,-0.9258083596915647,0.8676012969135798,0
1,1.8206219375078283,2.1372248383845407,0.3545856130767431,0.33967508372073396,-0.8117275915073688,1
0,-0.017976629039473054,-0.3301648986145332,1.2821920256572852,1.0247993658525705,-0.651969224662913,0
0,-1.314141491560697,0.5783534655273835,1.2812602922581782,-1.1906423406230777,-0.18738650231765447,0
0,-1.0943225130122403,-1.4669779950239794,2.0954870304333277,1.5404738236758568,-0.9113052995038255,0
0,-0.0014048329121749965,-0.2462660346005724,0.48545715595446026,0.6011371911866729,0.9837825730548916,0
1,2.7822939792903862,1.340953349964627,-0.4133145546843729,-0.4369081798358277,-0.8886612101722269,1
1,1.1808134824761511,1.6775652609831115,-0.06395233187832489,-0.4547776361186857,-0.5258994656288732,1
1,2.118278808647463,2.0432148059606647,-0.11376481829694274,1.8641624376481394,-0.7632679383094406,1
0,-0.2879414446049765,-0.6564857529781892,-0.407880213235845,0.9387247016836515,1.0074771180960493,0
0,0.03314355557331994,0.3959809133521223,0.3829553434621597,1.1400511859215476,-0.23107891009585765,0
0,0.728810309335759,0.7360001859820449,0.4294884966141465,-0.2510617203739841,1.993109286743807,0
0,-0.2075709780999265,1.4075469496525543,-1.1737574969424953,0.5555158816147858,0.3537646743850935,0
0,-0.4140629448312799,0.42397679030252033,1.0881700477746266,0.34937861259070824,1.1584312822593537,0
1,2.4508423324748585,1.1242964111112668,-1.836803605074439,-0.1746502461994104,-0.3242722297474978,1
1,1.6273346926681573,0.6369412057350433,-0.22248195292370715,0.10925711177097336,-0.9426205178488627,1
1,2.2547230543516976,2.4975213787191377,1.149315273056193,1.1100511748216575,-0.03316086358296027,1
0,-0.41114933603081216,0.4424051613557651,0.6073914267983219,1.599591543315416,-0.6790435739666774,0
0,0.8440045253765854,-0.013185378948143705,-0.35697382597705546,-0.25149671481485364,-1.9985292763020757,0
0,0.1641763647207666,-0.9718909765330909,1.9688235134509828,-1.3130562544181579,1.0135198119943476,0
0,0.2608725757287952,-0.5587103705388317,-0.4400735023061775,1.6435929314017126,0.03274300896115837,0
0,0.07897758685750482,0.37879217326436193,-2.0019509690482806,1.6561579229130226,-0.7003024443894417,1
0,-0.3032849891979009,0.21229981447554006,0.4527396883444347,0.40038748154872955,0.3762716366113566,0
0,-0.00100968629698304,-1.1677989353798723,-1.7785135554433957,1.7926309624748469,0.04693262606325595,0
1,1.3344458572063804,1.7795675339010968,-0.8314485284414707,0.327615325157132,1.409790700148005,1
0,0.5757276375868713,-0.941061868931976,0.6227502650625915,-0.9090588977102657,0.43281676010934494,0
1,1.4781656997588026,2.212405441161356,-0.46085766589845123,-1.312129938083906,-0.15691928140407388,1
0,-0.8979043366763397,0.12513354894297424,0.5806095077529472,-1.3216882533545906,0.6934281089669322,0
0,-1.0076542409935703,-0.27805286924957995,-1.1580993319396735,0.004556824945600413,-0.03596415936118697,0
0,-1.0360308913922547,0.5940926034664036,0.8584800242620702,-0.4662456513443391,0.1838327796964644,0
0,0.3707824545323648,0.21209957306747082,-1.690946491261784,-0.5788556197884449,1.2261667861877323,0
0,-0.6909025868240665,0.7949565651030112,1.3186316079585185,-0.10690662541073999,-1.16857208288587,0
0,0.18005146550314008,0.04828536803374039,-0.4753562369802145,0.857971346529255,-0.8632736134528907,0
1,1.681944710494848,1.483291619843428,1.5311585220681867,-0.5470082766076154,-0.41935670540795544,0
0,-0.03882515694586628,-0.17115025955874533,-0.8405122889667441,-0.71539345572387,-0.27302884884120876,0
0,0.26304312202942165,0.15778028566029798,1.9247652817184364,-0.48101065840268314,1.156539107940828,0
0,0.09498212225431571,1.0187705278735522,-0.957661114027176,0.9209254794481379,-1.4146993824790761,1
0,-1.6258378456685698,-0.3016585020366263,-1.793948680004687,-0.07001788813411436,-0.02949988434477839,0
0,-0.19417514450909412,0.38877308959838147,0.04310327611924365,0.279907724349316,-0.5507781070515219,0
0,0.2550618804380586,-0.5282661498047706,1.233989039096018,1.5530235418310676,1.7004824335631743,0
1,2.584169686452999,0.15996072939293038,0.7907885126285962,2.8432732454478917,0.883847503679663,1
1,2.6118745699494985,1.5244752442220655,1.162971269163844,0.6403874156224512,0.2386922772107079,1
1,0.7821096918488462,1.6222432540816536,0.8105201978815615,0.5413566606536869,0.9688426979362673,0
0,-0.20983517958766387,-0.06603076166549043,-0.8202678889556686,-1.1845270426183052,-1.3194399217915642,0
0,-0.9396688882247987,-0.8975909824633417,0.7664168950852729,0.36851554456578073,2.027504484466577,0
1,2.5119310450660497,1.5825806447849726,0.09283395235246969,0.06199529186129578,-0.8418538507763261,1
0,0.6077137248891304,0.15978818048366752,-0.7097313202063501,0.8922482534451703,1.256949938351583,0
0,0.2103527321179048,-0.533268378655544,0.179354087439254,-0.39184686100302435,0.5516510520962589,0
0,0.09965691675612605,-0.812094942883812,-0.05632580311555679,0.2007170638480723,0.26432481639888294,0
1,2.4283786602096846,1.2485672433764194,1.4159925153188726,0.6052323264315527,1.2152246076614286,1
0,0.7267951168560833,0.391757548066661,-0.5148773927524785,1.8985425748233362,0.9965820261853273,0
1,2.294826817993673,1.6499928390751943,-0.5616176254009604,1.5637717926116745,0.10738216910176918,1
1,1.874007915869356,0.8714978012995531,-0.6986386403809086,1.2660723566460805,-0.42159863635714473,1
0,-0.20953697970849752,0.08215505101320446,1.8968484696425045,0.7271192703383661,0.12302895817239791,0
1,2.0602748992105346,1.93227584328534,-0.6426864243324357,-0.43132653339656546,-0.10280664411734136,1
0,0.4896251431530687,-0.7035994255600888,1.2968382324450054,0.7265387021160932,0.35399122192474436,0
0,-0.11438248175517587,0.037893220825916375,-1.0313875001615005,-0.7722679287045329,1.020589574107935,0
0,-0.21074935130054487,0.8037845881025238,0.5066238221933962,-0.2062188683916423,0.46856848977338345,0
1,2.2799879617349257,0.6350407068236611,0.2625093986304683,1.7783688301033314,0.18486970786074117,1
0,0.998469665261764,0.6933157746297054,1.233368458255322,0.5379817245076602,-0.6539669127756931,0
0,-0.4496374685488597,0.971512471393431,1.088378824590465,0.22701307148516015,0.32465673033942277,0
0,-0.15802600526878463,-0.1333233151025319,0.08189004374324715,0.3557108625041354,-1.6959330481110084,0
0,0.21055984587281876,-0.2058051714097684,-0.5370759294328917,-0.09382787040339419,-0.7975074660199643,0
0,0.29195939864916637,0.6198566514117356,1.6249616391019226,-2.1558183997322375,0.6062423234468346,0
0,-0.31341981554477655,-0.11167822501771145,-0.6369474516701604,-1.2643871485968394,0.8851871445710434,0
0,1.1301123782064264,-1.4118760204170553,-2.267723774874389,0.617238349663786,-0.020663416235554368,0
1,1.8532571593271028,1.3407232431862521,-1.858565456508074,-0.9205451504917389,0.20099051098141787,1
0,0.3188300450823317,0.28224238091673765,-1.615061349113567,-0.10758574061931014,0.3702611529990422,0
1,2.655330448907052,1.8440503121494807,0.5956955451999448,-1.2274431219538922,0.6814359587507636,1
0,-0.269436975146754,-0.5283774988511536,2.214467601644522,-0.7186476080491133,-0.2014091465531456,0
1,1.5469408741346333,1.238119328316435,-2.0399606717519947,-0.004261532178775855,-0.9829604739308629,1
0,-0.7519933374129772,0.5861443584913797,-0.782554883164555,0.9238606365819626,0.3871743656604023,0
0,-0.10341028335214693,-0.03599917284800247,0.08902579478820845,1.1243273696436829,1.958305230511061,0
1,0.7066434856387824,0.48275720362345176,1.5455069656705527,-0.7346372338220964,-0.9224528439434531,0
0,0.4487096125159032,0.7425828057722255,-0.7879375191522701,0.30670323858909154,-0.12691331841579548,0
0,0.2519980500419953,-0.1284666134263471,0.5907998224836434,-1.4254287121724436,-0.3862464380743389,0
1,1.433758415776876,2.0547312663088277,-0.2500892484133701,0.05641059931722482,2.4131983788660643,1
1,1.5397457753092914,0.5627259824800703,2.6071616329152643,0.9533179207379235,-0.9607254331175005,0
0,0.4568798491133943,-0.07259204855345097,0.1445402876332783,-0.06704739309822098,-0.1604579839698225,0
0,-0.6814776521339387,0.3058416142063409,0.3556887731453272,1.3156872409638214,-0.3646862020741389,0
1,1.7225007204715141,1.3477130830994073,0.08425695926466475,0.836919302527511,-1.2543466769052842,1
1,2.019705883875247,0.6901962786074042,-0.41468656769362044,0.24132454836131817,-1.3086590089160388,1
1,0.5306355535556551,-0.03208198410610885,0.9498704089020585,-0.2497047806489735,0.5683834023097231,0
0,0.4109628034212116,0.9139590777020159,-1.1590275532607888,-0.534329789858897,0.7086529058563745,0
1,0.59556252204306,1.548822921140795,-2.0019624004109335,-1.457966866755926,-0.559500143078072,0
0,-0.07055669031091953,0.7000806316746828,-0.15019462452352697,-1.2951573098058087,1.4089964025159745,0
1,0.9019653375428643,1.9572014596162695,0.8155637206624808,0.9949346556099338,-2.25081311698174,1
0,0.8587479475740089,0.35810809567174745,-0.5807768951997203,1.5136908062512304,-1.25847227335501,1
1,0.9057273675085916,1.2071975869117593,0.18649054432316478,-1.081036655041351,-0.8247206146455875,0
0,-0.9901139351792295,0.2938601553834771,-1.2206963213967281,0.06818692475934822,-0.008953275756281994,0
0,0.08001128495778936,0.8595221678224346,1.0626633102941556,-1.574473417171211,-0.4509071062223458,0
1,1.3517782119875064,1.4498065569642542,0.6519096326043807,-0.9767835663759016,-0.20104710774572515,0
0,-0.9027631371983598,1.141020626639514,0.019728319118210456,0.259829335874041,0.48505578604358285,0
1,1.9154891194929098,0.5003468681198863,0.1687297878915687,-0.518697035290429,1.4570694613525936,0
0,-1.1948994374698076,-0.9641451667574681,-1.3935752632950515,-1.9161935253779985,0.8024306962919119,0
0,-0.6217445835498749,0.5928451287116363,-1.3488933237786027,1.7188647674063096,0.056153419131634526,1
0,-0.3451309622524708,-0.49124576191252695,-0.12199142377333605,-0.04914663810852352,-0.08014155770129423,0
0,0.48133343529308414,1.2260021522572673,0.5137348107254257,-1.104405548123174,1.1014115605506958,0
0,0.7772810202078911,0.8024048227397661,0.5643786709412704,0.12803420763797957,1.884234823758951,0
0,0.6616693483965437,0.9525429040548249,-0.3629328741139831,-0.08086719243780918,0.638292943045469,0
0,-0.09196427427733966,0.5306617833307503,0.7453783562914271,0.4218255819920303,-0.4901045751565481,0
1,0.14361505312290634,0.8470498257978233,1.420791527413573,-0.33985479930595697,0.259228136457029,0
1,1.8345118127311353,0.4043950399188848,-0.08866741666423159,0.31425848509325494,0.5803122115913638,1
1,2.4823442435347682,2.2971768015134133,0.3096639066117773,0.9436359734267789,-0.5551458044555047,1
0,0.7402742446881408,-0.8997409236072343,-0.20785413033412606,-1.318184139611794,0.8657545056913577,0
0,0.27776940584623183,0.9509314126365122,-0.12630630896851133,-0.6932540536516085,0.26404156502655196,0
0,-0.7137016586030716,0.40176885613761315,0.16956432295832757,0.8392619618769109,1.164658093806166,0
1,1.284815797822951,1.3542484077079389,1.7032642890538652,-0.5513851282655449,-0.9767418274770898,0
1,2.760288639247405,1.6652286106011864,0.91527637724555,-0.08167249487458153,-1.7414776178913025,1
0,-0.8500377207984803,0.2791745612694597,0.8251844337621803,-0.4703924993816843,-0.392753860616013,0
1,0.9112952631097686,1.2785537668477518,-0.45374286625106963,-0.40802502517494726,0.023736889785119304,1
0,0.5655309306991705,0.8554123409515884,-0.8981751487917088,-0.49293503091238083,-1.8009027945923366,1
0,-0.2586955468833167,0.8348405163597205,0.38953544095604276,-1.2586880363503252,-0.6084583088471773,0
0,-0.7090530733227731,0.09339558109256461,1.243745313974767,0.4591969531624545,1.2835555001962313,0
0,0.9167827072338094,-0.3599966320201827,1.723404398532815,1.0623031903444877,0.533283543553471,0
1,1.876633586887084,2.1835724266425744,-2.452637189265702,-0.17649064676417128,0.13822764683018504,1
1,1.3709193013736933,0.18646377191670838,2.446388292593417,0.9494629299601434,-1.0557844366167488,0
0,-0.6874649015397093,0.26633556420679366,0.41698694824768573,-0.49108277521316973,1.250281965426392,0
0,1.2284439383159627,0.44374506492535293,0.9089303641637926,-0.5501158333661602,-0.41734574942937,0
1,1.5853289087520357,0.9029888991331925,-1.739944109395562,0.41069690294990724,0.09499432702202669,1
1,2.4383968374816964,1.984271292462588,-0.2369058367646544,0.4273746482243863,0.40740189749048233,1
0,0.536180126765664,-0.015831516789975998,0.8228479168972085,-0.11275872931419498,0.17125124306036543,0
0,-0.31254093699794044,-0.3274200731694708,-1.1747477587184636,0.6765881103951593,1.4917781447326033,0
0,-0.3077646689938687,0.5779340037982033,-2.8883113699675436,-1.286976871048387,0.5751138225551444,0
0,0.8677889387603518,-0.6514106572186494,0.335505352303248,-0.30397205950998235,0.3383423222977875,0
1,2.4775103995719867,1.9215160019383275,-0.04978266316281681,0.964817826095494,-0.08642957528620764,1
0,-1.1261495856724406,-1.1894077282915534,1.441337087876839,0.9621262507861686,0.4319060631778755,0
1,1.9298681565893154,1.5714226680387178,-0.15991847588461555,0.836025689406052,-0.20999625504654906,1
0,-0.07272888283417178,0.026306373728096584,-0.08671879308249515,1.020739158140401,0.18937903973949755,0
0,-0.6199938977631035,-0.3238174601194562,0.6976775056368316,-0.3725405525693729,-0.3417143742682711,0
1,1.7570476568303186,1.6337749207334065,1.0335204355964815,-1.705198083267657,-0.49943338068024273,1
0,-0.8097580745918366,-0.047742077620672674,-0.708748432659443,-0.2587863915599332,-0.9160591819501097,0
0,-0.27987321278766,0.632817376383328,0.9444987595770209,0.6359957309604819,-0.271191445258141,0
1,1.1209157603380195,1.736090593282061,-0.5217338269296156,0.7994367391658113,-0.33679468794471784,1
1,1.300125241506401,1.6716165397246114,0.01652160372657919,-0.5262714917707586,1.8293760938911672,0
0,-0.04288709619719456,0.1751167221361228,0.6707697428073575,-0.9680157700920731,0.9921054589709075,0
0,-0.6093399971432918,-0.2832998739282252,0.8451363438779997,-0.8685093615169817,-0.13402580000953887,0
0,0.9439074173239785,-0.18108212998541834,0.31831490640472443,-0.5436687321716064,-0.4233115275678304,0
0,0.29596994003647514,0.14892950413253353,-1.0805553270331993,-1.8971395218837974,0.615055140346545,0
0,1.0767378170292328,-0.10401569226428162,-1.8702547092352513,-0.5271458072081939,1.942279375808332,0
0,-0.09604798144681169,0.6668716982597974,-0.18795598822445234,0.047876720589621155,0.7965602235822499,0
1,1.2707260226217347,1.4560701137262517,0.9712848587097637,-0.09788432116755641,-1.720053696980248,1
1,2.655049368695817,1.6255799646950786,0.4496974413977428,-0.33027059471010706,0.8631645320374493,1
1,1.253164156075609,0.5583896396626633,0.24203300738003705,-0.689260018561868,1.0403197768257213,0
1,1.4930247868065252,1.9659381632362263,-0.007026556466483158,-0.5728071667859884,2.19923895717298,1
1,2.032028446298389,1.0512958437953939,0.30910184347168634,-0.5551246690952026,-0.2483464027960776,1
1,0.857364515021633,0.7744078506219717,-0.9940911769539187,0.7054801648540101,0.13856875362920487,1
1,2.02677681087619,2.3877116054675427,0.7802018191652814,-0.0009289353094979465,0.45024020018870897,1
0,0.35000823969876155,0.41857291345955494,0.846306458422149,3.1668406766765713,-0.7639777050047483,1
0,0.7615951908226996,0.5862574313350651,-0.3552655083432789,-0.3323368527468313,-0.8545749821684079,1
0,0.5340267018060846,0.27269770974439056,0.4370076306516379,0.437873148922222,0.39935768091691576,0
0,0.7799870117265426,-0.055890477542226626,-1.7165494643700052,-0.3100337841011353,-1.5430289591555695,1
0,-0.0662531403050461,-0.167762404833758,0.18004791597133304,-0.3343350698747456,-1.3170234404500547,0
0,-0.5176021912242363,0.46746611127400206,-0.13312526094166677,1.5623715678679801,0.8156771958595812,0
0,1.2659912484500173,0.6795114253429757,1.259232906870481,0.9975483751149885,0.4978391875020862,0
0,-0.9160173693131801,-0.040910248755507535,-0.1986427571850607,-1.7546898109250193,1.249741455443668,0
0,-0.8559078473242847,1.243525718820481,0.8686645133809461,-1.0225259884408404,0.46323316157411176,0
1,1.9390768243052987,1.2816088701735142,-0.3911725111825011,-0.13624160678983105,0.010422544340713867,1
1,2.57499162890641,0.5635949330660165,-2.286100714575102,-0.5171127568523178,1.2890692194957534,1
0,0.11373050754849902,-1.032913644596386,-0.22553632081023298,-1.5083271154622577,-0.4228704828487811,0
0,0.5995822198213235,-1.0126652207275961,0.196757255113438,0.11580498431231122,-0.3333381612479239,0
0,-1.197481636483175,-0.24828707554349685,0.15083750368850762,-1.8781251377930057,-0.06451821694529535,0
1,1.300273022691318,1.26078918733233,0.16595050527347807,0.12675276138400132,0.4504654402668535,0
1,0.4756313157140446,1.8095597826079348,-0.506454202365567,0.729976663352469,-0.06662234330664625,1
0,0.4682465749371959,-0.017164821152262796,-0.32372757574502425,0.8727358859610387,-1.4850476983812015,0
1,0.6716612040465915,1.9060226207805107,-1.126343844580533,-0.14431406945552114,-0.26659203224266287,1
0,-0.7666913076195883,0.026935699573696303,-1.996605665509153,1.510815752663758,-0.03155705517486169,0
0,0.30841512297684165,0.008112855676119623,-0.1064590033798917,0.33162604644371724,0.11482040199847134,0
1,2.2370946112106376,1.0534910755949316,-0.7452030824981152,0.8458252949934352,-0.4494004244304474,1
0,-0.09538086493752997,0.8535530762386879,1.0798355789996796,-0.736263730130815,0.5056160065552084,0
0,0.34210350246510585,-0.9188905779467967,-2.18198368634686,1.521634796836283,-1.61052577055481,1
0,0.3226729001238553,0.18078617442832912,0.2910187991442926,-0.0029576785112964176,0.41575955625632893,0
0,-0.12925611566548326,-0.1089902770495401,2.1214872648739473,1.576771076837727,1.7928598366230344,0
1,0.9431767102682508,1.8690527585027004,-0.18284643151750574,1.358153287286032,-0.6068080324817575,1
1,1.9389348441307854,1.3875023593064904,-0.002748090682042315,0.2576380085049186,0.05761038103071457,1
0,0.36785741446504955,0.0051862233695390446,0.4263467699714907,0.40568693110129234,-0.24702525086667015,0
0,0.5364146418541552,-0.15998377338582673,0.5045194572057273,-0.17993626292917836,-0.2301703603487054,0
1,1.7872398544473385,2.2359538424791983,-0.4085073365606463,-0.8191828677720735,-1.0284688133648068,1
0,-0.7010999480875958,0.0014435310361740426,-1.0082962100481587,0.5951981880554914,1.9915585637229845,0
1,2.014204096821508,2.5817907269680833,0.6527207975505291,0.5440421202277,0.38578526432865173,1
1,1.5991713518629953,1.5633482489765214,-1.9080613874169783,-1.6186725566696931,-0.6707965821267937,1
0,-0.28964246659400583,0.013055904478396241,0.8322283200504094,-0.08277909855957083,-0.78464649337903,0
1,1.4232184976837727,1.312803824087337,-0.3917985240681871,0.8680143614086105,0.061501217246768485,1
0,-0.4141543070342278,0.33854813981110704,0.003085154087149521,1.4657370943674517,-2.1676731198281733,0
0,0.5333062673126573,-0.35303602374432363,-0.5256078712483713,0.7253165061844588,1.0528220182168624,0
0,-0.8508688401480122,0.0874454394234221,1.4308826235216237,-1.5172667303697007,-0.5138505940313939,0
0,-0.596091560883851,0.004882208464691052,0.2490107074245947,-1.054444477350593,0.38879351242783666,0
1,1.4027362691969834,1.5951486195591138,-0.3217379866121474,-0.3459970949000716,0.43559774649109795,1
1,2.5682505089434,1.6100181957570527,-0.3499028956417454,1.3988119343501626,0.9652992000433286,1
1,2.2325683294557095,1.6411969281103478,-0.1481571346678707,-0.6070763135215677,0.49262554619513516,1
1,0.6154955180516648,1.4569428477039752,2.396940176533779,1.0585999187264579,0.7431750919944172,0
0,0.8108082532514916,0.9413660954096243,-1.3170883569796352,-0.6231325976056798,1.0190654824141943,1
0,0.8096521301902103,0.2535412897094903,1.0828821809657418,0.5326178243018383,-0.3302464873491289,0
1,0.8955950043864143,2.9635917730155965,0.5681052870899564,-0.9400284851529979,2.151387276629751,0
1,0.08712503764213309,1.4299108451395235,1.5398117524120762,-0.19381339203082212,0.35287386172884344,0
0,-0.043332973408345465,0.5753479754731048,0.6290667951915221,-1.131611521325499,-0.02798238640194878,0
0,0.6734546455798931,-0.43562952502480845,0.0033630003668177356,1.443099524281456,-0.8411044515461555,0
0,0.9547571818801213,0.8404735531867821,1.02002762862038,-0.6948523269221415,-0.20704892514617262,0
0,-0.5224963586167501,-0.42257036206468174,0.22976882434929377,-1.5471464664273888,0.4018560514050318,0
1,2.651187462797779,1.673526810773657,0.754956030606311,-1.6263169711664778,0.09527700456139938,1
0,-1.3367594374900207,-0.15865632093847573,1.4282194638192287,-0.08543280833249083,1.8274477784085164,0
1,1.3791696317024276,1.6712046782701295,0.09251997382248289,-0.4580681481110187,-0.3899851420043163,1
1,1.349673598470552,1.259122257877106,-0.4243849816516148,0.6487237071652568,0.6793096491371522,1
1,2.291402214954582,0.9264482636472704,-0.6438118642490992,-0.2351164263125392,-1.125548311999732,1
0,0.778981479563868,-0.16295537387867076,0.45054040759676534,1.165966210968567,2.183208251068539,0
0,0.5725341932600372,0.9249480744849877,-0.8781684089460169,-0.38541618814593326,-1.193637306819835,1
1,0.7896699707524634,1.6803657611030884,-0.3498049642806596,1.0264819577047986,2.0742844306312525,1
1,2.1175714190793533,0.6266899820725212,-0.9675687617023202,-0.9525570089464088,-0.13583935348637596,1
0,0.30542518115609507,0.6572296207440359,0.5083391184188641,-1.5033332461910087,-2.234551874980879,0
1,0.5972593688322456,0.8650914918036324,-0.7521557705789111,-0.8233383932521416,1.3520377759971551,0
0,-1.2402082972810122,0.4460155728348912,-1.2867329123808553,-1.1287427642723622,0.0823248421831095,0
1,2.222793574012466,1.7318990885575434,-1.110775422918861,-1.2406310883307852,-0.4534407352301977,1
0,-0.10805958058754672,0.36978627975081274,-0.571088360924298,0.41365217867655013,0.6416816090293662,0
0,-0.7711092554729252,1.111913499700908,-0.4803008188967742,-0.2643166020683257,0.6644082046383398,0
0,-0.12490315722526114,-0.49718455494120917,0.2514526455534996,0.14177542594442974,0.41458339446805137,0
0,0.21842464866792158,0.3664768655320973,-0.16162328869313858,0.5275494007167024,1.1350385858723868,0
0,-0.04971067600052823,0.7557531674594318,0.37031079375770487,-1.685696715862276,0.25254940515856833,0
0,-0.9311916918756518,-0.386005020974923,0.45061252454172385,0.5699304674287601,0.6497242768203396,0
0,1.131334142138466,-0.44745214830899666,0.7404995114285353,-1.2052048365490886,-0.5217643615139542,0
1,2.2025307813927353,1.2276874767365393,-1.9078245768066273,-0.5768200084573842,0.7655639631757842,1
0,-0.20122647100408037,0.1948398214932405,-1.127223371349994,-1.892125588837598,-0.5174019492774009,0
1,1.4229432064586276,0.5537142356234289,0.5548867229543852,0.6545801000580552,-1.1245409638293271,1
1,1.8156924368279057,1.7308411945149893,0.21141234196322875,-1.6890629672855502,-0.2062622753143677,1
0,-0.6777728374441989,-0.845032045047436,0.9769329535545207,-1.200108832618638,-0.27578054430745563,0
0,0.1936058619221812,0.7759984954844679,-1.5440176285183866,-1.127581202663823,0.9277504406030529,0
1,0.8015605378835408,1.7082600968540738,-0.4751545729944498,-0.12876000322986444,-1.4532006912541282,1
1,1.5576794698929004,2.547883923281362,-0.29637993643437244,-0.15926923639068205,1.0936332830793811,1
0,-0.7011428999141153,0.4012702563655788,0.1665637879886019,0.8118980514800894,-0.6229746527125736,0
1,0.9291496106039714,1.2171437293274046,0.03587737453543161,-0.10456949047727164,-2.464895176617994,1
0,0.9874335681709258,-0.47920628113059816,0.46907778201728206,0.9657704013030172,-1.2073893437197885,0
0,0.035535536570732475,0.14333463484671738,-0.11465396117318255,0.3793243998702391,-0.3075351350105068,0
1,1.7244438912407007,1.381849646913275,1.3723362709546834,-0.9454793068872157,0.4442258914949227,0
0,-1.2068279166487936,0.7116834209263659,1.6912092781721646,-0.6671944716976937,-0.13329949249554146,0
1,1.2417989448873714,0.8428287101870904,-1.1178967533993476,1.5105833850390626,-1.2095386282269822,1
0,0.2767272712226083,1.2125412002765872,0.04511121026353519,1.2274306854183537,-0.7785346482415294,1
1,1.7164817595685031,2.164866165028996,0.7979942753071045,0.8240786212149895,-1.192860053305593,1
0,-1.2924178928122232,-0.1221141781542865,0.5853279817092991,0.9554892077477027,0.25875627663741146,0
0,0.12428274999424871,1.0786925385825716,-0.407843624335685,0.46512551038134387,-0.0905934916602867,0
0,0.2199352821298136,-0.46987685703436355,0.25486488524678635,0.33510667440408676,0.6137719479603807,0
0,0.7702571989192197,0.12335387394913701,-1.583458314611133,0.04971486740099717,-1.7701982545911457,1
1,1.2068613286369945,0.6341173690582075,-0.0191418784480852,1.6988492331188558,-0.533983093006983,1
0,-1.3452412320814024,1.107941553780846,-1.4603037045020144,-0.4646584497304182,2.0287980654764555,0
0,-0.5980624510830932,-0.9884320878485867,0.5079789640323182,0.24030002536060363,0.6410343550908885,0
0,-0.6582390233211343,-0.8642650177572947,-1.1159579480990816,-1.7082704273586395,-0.29610728194581054,0
0,0.4420253266679845,-0.3808278642367221,0.16303317476800286,-1.4307171397998188,-0.9873540995060884,0
1,-0.030041953037190483,2.193394204805697,0.3191955904215626,1.8151622353009023,1.107747605265085,0
0,-0.26901387604357324,0.5729069316473312,0.07586388909341678,0.616780264118091,1.5326711238672965,0
1,2.455477284146353,1.473230376937464,-0.6319528629317696,-0.2126985104916551,-1.1486677341383607,1
0,0.004327477700180892,0.6113557267003771,-0.2103682502236217,0.0783245871520337,-1.0540687731678196,0
1,2.137790089705854,1.3307517651733105,1.181071668209721,-1.358122130023882,0.27880092820673286,0
0,-0.9850790001306526,0.2534572675607977,-0.4246083998615804,-0.4281199966542142,0.37228350865456056,0
0,-0.9611937079237935,0.9910356453936696,0.02143010694561321,-1.458136778906071,0.4827784825058153,0
1,2.4623454747071407,1.252028676077472,-0.5567888044588363,-0.29530544577545076,1.8433698438224124,1
1,1.660729219454352,0.9401764275369763,1.0204270995380669,0.680320521033843,-0.9714878808953156,1
1,1.6619646173254865,1.6822230285961943,0.07783077516025289,0.4533010330879061,0.03985833189011901,1
0,-0.6708916968641979,0.4441645844949304,-0.7639740084636406,1.5891194202104135,0.7211939679970016,0
0,0.06046903737013888,0.0662686422871672,0.007125258531753792,0.29473338595829063,0.7104194890107353,0
1,0.9124374589959423,2.0020287882236194,-0.24103188148148189,-2.4784824282721556,-0.6478149017173339,1
0,0.7121222693433901,-0.12075548174010728,1.3925821108965455,1.9506670181733474,-0.6083241803361242,0
1,3.2366984259209026,1.4765276057500951,-0.044687506506034355,-0.8406933632494217,-0.45922211979350863,1
0,0.2903646321991976,0.22474492953816583,-1.382748888380824,0.1621032699428015,1.7034572469595919,0
0,-0.3809678312769262,0.1724166228224668,0.4986332364495265,0.10182821325178884,-0.9784711506653692,0
1,0.07980500170320526,2.3679629775733093,1.7860874333652892,0.2408987161575721,-0.32430965867691125,0
1,0.5893215312745954,1.6217337500001991,1.196930889546251,0.048058806946454445,0.7754519905586829,0
0,0.9329170986162816,-0.18234128095281057,-1.1029336587852534,0.06567631977058735,-1.0888124146914804,0
0,-0.6175151059626439,0.316789020894607,-0.2687281443251039,-1.3216371813560446,0.2580181521004898,0
0,-0.2225009290119073,0.6053105041620757,-0.030683177364783768,2.5869827518543587,-1.8995314528313676,1
0,0.393195584747507,0.4645412649112773,-0.018548858560692175,0.6514363063683817,0.19260132819605527,0
0,0.8893738796170755,0.43128454269778727,0.38096185717883885,0.051880729295031965,0.05237473765987471,0
0,-0.11975215269830279,-0.8988300861084209,-0.3441010076529328,1.8418669098004679,0.16360962664108247,0
1,1.3571998782003794,-0.09550757010419653,-0.9156238305808202,-1.0719246028891884,-0.868932463095044,0
1,1.6429726171064103,2.1651587231723743,0.9518003365089319,0.8683896366441906,0.22772433184456706,1
0,-0.37658268998353034,0.2633144677236792,-1.1235660822700946,-0.5551659326955121,-0.03904835182359175,0
0,-0.34429152197577306,-0.012946449969161946,-0.8021165410409284,0.40233285232349847,1.2991204605172744,0
0,0.24712807052032415,0.4165878166680928,-1.1297810190811273,0.4244525997860564,0.6378411704310865,0
0,0.11117491070069183,1.1563859613995482,0.6122124354521776,-2.3364817754238345,-1.4489824225832242,0
0,1.2789631839351503,0.8481186995078461,0.10647130941483159,-1.4316642900946435,-0.8325850897284897,0
0,0.2633092899812577,0.5773323436811746,0.8835036197046491,1.5864392067463056,-0.6163571505230788,0
1,2.290687328856297,0.8679646203004139,-0.785193416256105,-0.252165307030951,0.18038576882367133,1
0,-0.6427711060338787,-0.4540744817819257,-1.2530131170349816,2.0015801794027412,-0.16911725449977658,0
0,0.3150943740181627,-1.431842808820624,-0.4439009554702268,1.3101254426690878,-0.17325533360384693,0
0,-0.4337888079606354,0.38010808433095206,-0.18249728676057775,-0.22027479211988152,2.8177331057355874,0
1,1.8372719579779349,2.0651763184766994,0.20909630777006488,-0.3085143332586823,-0.5128965448360137,1
0,0.41310875886890464,0.7141068277149071,-1.6823916332877236,1.6484164160511827,1.3908659724704773,1
0,0.02992130640088429,0.40525828276606546,0.47873086328367487,2.1030199342411753,-0.14736112917486588,0
1,3.044395432884876,1.3075598850636116,-0.8942387382895159,-0.28660155470731846,-2.1785242453928793,1
0,0.8567878614650716,-0.3385664771460863,-0.6474156501174982,1.538164957824213,0.19132542958965978,1
0,0.706347199697458,-0.49521887765445893,1.1737095311414185,1.03001856418585,1.1192308025162347,0
1,2.0585717154220085,1.3019450905008805,-2.1831968454531987,1.202547298153165,0.6334471053423194,1
0,1.0580164906380265,-0.5866957523378692,0.3225020271669523,0.10114592761256765,0.2561503873542899,0
0,-0.8621815784815295,1.0535724390051522,0.31872863006748414,-0.6724179315709653,0.023725898164416292,0
0,0.8221698707943457,-0.7814229318393605,-0.8187849768507568,-1.0543745896513097,-0.4946585083741232,0
0,-0.5947465871997137,-0.11823196613353386,-0.4470043209160218,-1.304266389353159,0.8962355243426691,0
1,1.2613965285599624,0.23826895194147557,1.2210468021512841,1.9108888805514423,-0.4342033569534971,0
0,0.3368354664370008,0.17793291677883896,1.9629235439710266,0.010944773766955247,-0.6403373632927861,0
0,0.7399320993064341,-0.0014302258542781036,1.0647258668844564,-1.1447756099941109,0.41063202209354827,0
0,-0.6921459790091772,-0.21407421218372366,1.8858716677604708,1.0024274260569954,-0.30007442044002597,0
0,-0.30752692660663855,-0.5596699596180323,-0.6913319246675488,-0.4788722017984357,1.2808646049355814,0
0,0.05851924350078629,0.0014771013525698685,-1.5800840664595126,-0.6509755056985981,0.467280284868605,0
0,-0.1118196028174284,-0.3266765340085427,-0.05262150847295787,2.0680100365888623,-0.7779698093276982,0
1,2.1124192367411125,1.3178792663799983,0.8048586361056724,-1.330702871086758,-1.144727239163501,1
0,2.061556569590712,1.1744580011507955,-1.8547501061169125,0.23504738296966676,-0.5735918709807759,1
0,0.2515924251155279,0.10330632953554149,-0.9264568493264672,-0.5909200755236076,2.3379565201001613,0
0,-0.4411178628973897,0.31972032478441964,-0.8153950930128742,-0.7505042949944205,-0.2375727242271587,0
0,-0.7779049983833973,-0.27867886540829695,0.35656356238702136,-1.4638548247859353,0.7582783440903562,0
0,-0.19515234815136337,-0.4706613058048572,0.2276195637495864,0.059583532758031944,-1.3056466887054026,0
0,-0.564149931617274,-0.01377462806918872,-0.775160773504345,-0.8739009973194991,-1.0830812930737266,0
0,0.28052987518525385,1.5023556029113345,0.1798111976907926,0.5913779091233432,-0.18843166994843433,1
1,1.871212981470536,1.2275433830636235,-1.1448051847633351,-0.04700690267354157,1.7010981391663338,1
1,1.322099077285026,1.6168626820188934,-0.4264248126156457,-0.31262534160994415,-1.2907344753157282,1
0,1.1909730082702699,-0.497039109054324,-1.2647892526907165,-0.8685444906870606,-0.629734522763782,0
0,-0.44126839154393654,-1.6531632230410502,-0.15023782779481346,1.430705961844089,0.9016941845837195,0
0,-0.07165864073890453,-0.4738987991589936,-0.8004892588573568,0.7356804037079155,1.5925886206354196,0
0,0.3834975995338905,1.428425716412257,0.6903750200685745,-0.6813425538325805,0.4374033007057364,0
0,0.535232936261897,0.3572341768348596,-0.026187070724264534,-1.3592050450386828,0.6758684249273876,0
1,2.3665459129259196,2.384554520632071,-0.22674275178249276,-1.8879891854268196,-0.8969221718842321,1
1,1.8570978873959434,1.1913666590408143,1.7681243689946053,1.1373533938096865,-1.322920506196553,1
1,2.230547620472798,-0.014098662253996697,0.38328817701863704,0.9091729350309422,-1.1458237423254576,1
0,-0.39906490321676347,-0.6652254020774672,-0.36815408363192886,1.04657029620141,-0.8733583956200646,0
1,2.1508491762102295,1.6382148566265011,-0.5837353470860831,-0.12028824840593705,0.22560233889980724,1
0,0.5428374900938397,0.14256831656187044,-1.18117260593125,0.8060120260493259,-1.2196382159038053,1
0,0.9077320048521215,-0.006254277946937456,-0.06588388545478925,1.0271940632308327,0.2504012682848207,0
0,-1.0010615953371256,-0.31814940746179127,0.30761354237663563,-0.06979538927315415,-0.3151866041310969,0
1,1.0556901306393598,1.9638294120819464,-1.9143759925009314,-0.35814811559361204,-0.5625179930026418,1
0,0.4938845816203812,-0.300808004400577,-1.363983526978429,-0.9762836793714943,0.885037701588868,0
1,0.009181312071161907,1.58469012209762,-0.5161027892668636,0.42614888252951333,-0.9590305028113105,1
0,0.29520370427301007,0.11719689901956216,-1.098180715893553,0.5592138337131528,1.4357044430606525,0
1,2.23588265495882,1.1788985339826725,0.04325748602593875,-0.4065347431589141,0.8308430817891543,1
0,-0.3458251485302639,-0.5287776306237381,0.18215204290688525,-0.28874163456250407,-0.9901016909246773,0
0,-0.25811400006714713,-0.2563980520337767,-0.12230736793299765,-0.21729499885310952,1.202236220506009,0
1,0.9555175916560578,2.524173069618648,0.5501743213841611,0.7912410658652969,-1.1082372447020168,1
0,-0.312928271838842,0.667468717959707,-0.5849122775679194,-1.3743256775535242,1.293079781259564,0
0,-0.29554110117705457,0.612233238769187,-0.045904860460539515,-1.1052534823121778,0.33293378962962017,0
0,-0.4097047646793129,-0.471878224064889,-1.003313584835347,-1.0857452811284627,-1.5791229389299732,0
0,-0.4426069066706981,-0.8626135637801337,0.2846197072925162,-0.14853191466461202,-1.2953783293296375,0
0,-0.1626028709330361,0.6578965294551723,0.07590815548632852,0.3152772011655719,-0.4049746468464457,0
0,-0.16986258939367285,0.5428603562699666,-1.1985349884451837,-1.0688757443004617,0.8677956035278059,0
0,1.1244791399166338,0.08234938600953136,-0.15505937520475505,0.9090058737392254,-0.1706897880312056,0
1,1.363488914129794,1.1776760674499234,-0.03782187326702969,1.4626494521694002,-0.19562058940391577,1
0,0.20649012971511507,-0.8783667925410189,0.28101190322012104,0.4137976196972815,0.040169388667874985,0
0,-0.34612977988578086,0.5204402666271013,0.3181185065711509,1.1227901052856921,-1.9950840248611277,0
0,-0.3537574655048743,0.7116810689795458,-0.7211859389436774,-0.9151720542521978,0.8242252837699291,0
0,-1.0226223226395734,-0.4074554570947168,0.7636446579327141,-0.8913597136895522,1.3396582011303868,0
0,-0.9428197486866559,-0.4575597604437738,0.5230556788392572,0.5146239775977388,0.7893612497953192,0
1,0.8758010322082003,2.144637155005282,-0.7245795902054749,-0.038402715636916496,-0.4234862981959666,1
1,1.7102181008560426,1.0148813222639108,-1.1426970450143714,-0.893220156790138,-0.8850414456408403,1
0,0.6457041931707511,1.0674361247138293,-0.6481516452942438,1.425047596675779,-1.0819370153168946,1
0,-1.0719987161373108,-0.06543105471942598,-1.4716479476306472,0.2987902355697766,-1.1331408922598882,0
0,-0.32944608080929016,-0.23193702411998982,0.20800651207418022,0.7021749726867456,2.2645628707239163,0
0,-0.820134425610209,0.027064800728037984,1.1835599230758214,-0.6742514634587875,-0.07882295652807315,0
0,-0.1585662564801299,-0.2319790406184118,1.4215460579259485,1.679908456242031,0.9046859753730672,0
1,2.2454616962242904,2.075727431808609,-1.0893414176762264,-0.15592901544151144,0.8496379685153383,1
0,-0.2681294409647852,0.5314860837452321,0.7868042603802599,1.0190567679901443,0.14261045110649445,0
0,-0.02851018331981798,0.6528637756504989,0.0845008778751851,-0.5828278071297605,-0.931655095854605,0
0,0.8731370378353884,0.11071184441643764,-2.3959403461000646,0.16864785609449004,0.518693637141112,1
0,0.27474055830474553,-0.2738126989850178,-0.33239714865226727,0.5578360302183867,-1.0825237314307463,0
0,-0.4560551134900812,-0.005438404456639776,-0.44368306319329603,1.9954071135672131,0.6023049826782604,0
0,0.09534917150143511,-0.25541807494216445,1.2108178959747031,-0.439727099860568,-1.0368761568567813,0
1,1.1034705931586257,2.279957907909776,-0.8709545089790566,0.20256264433170545,-0.4361600794277236,1
0,0.25228920764159984,0.6013642342791607,0.5630643471922648,0.5918552606175903,-0.4378340624202466,0
0,0.3092040924436556,-0.05491384011432596,-0.10708833498699176,-1.414840048541473,1.3989516721303028,0
0,-0.8202958202990716,-0.5558849740627625,-1.4458090032859618,-2.174339843821686,-2.4340955176972208,0
1,1.7050896504314643,2.3245038129222904,-0.5521853085580387,-0.9958373254379,2.330785910904796,0
0,-0.07054395479755181,0.08201048132658052,1.531631460055703,0.9671798914061128,-0.8059051922873657,0
1,1.9268064383032673,1.3218995238819593,-0.17337054870105384,1.7164069077201045,-0.12336182485955437,1
1,2.09880823061148,2.329791631831375,0.9058670594835805,-0.9229854851871565,0.41330694287209835,1
0,0.286469762474763,-0.3059692880268407,0.8510542877251781,-1.21672450428087,0.3276154889221185,0
1,1.4180839879721487,1.208643859202279,-0.44826385121823564,1.534745975273101,0.8436299403222428,1
0,0.5599980125184002,-0.13845536902545877,-1.283422476159985,-0.5654267188476655,0.6103728177106624,0
1,1.076162334213849,0.6100584970148953,-1.151818329056963,-0.3717907439956959,2.0369950802218115,0
0,-0.7923131960216996,0.18944121925556887,1.4516670425240814,1.4591339927161215,0.7315956799266995,0
1,-0.31717201073647994,0.9425931531929294,0.15173741191821266,1.294700769830238,-0.11736170621633356,0
0,-0.04208457104229301,-0.3424330393866736,-1.7338211309795752,0.9340655133607354,-0.5530133350588471,0
0,-0.4929278636960611,-0.42266128764099836,0.83396052778057,-1.7114711213697023,-0.578853604627783,0
0,0.23865268564521047,-0.3522421219823662,-1.7868512676778587,-1.258455237058941,1.2932437682808287,0
1,0.41726356357337946,0.8966513215905112,-0.8261242435799611,1.120508088019221,1.7552020050684494,0
0,-0.3883071305397,0.14832850657198293,0.08129437257354072,0.31789018945904873,1.0041010303033306,0
0,0.2821619435186911,-0.09335585549142865,2.5204190799023265,-0.7777347234675455,-3.1644210154620884,0
1,0.9820983121906118,1.4288048829248694,0.8160010783535337,-0.3445588908290005,-2.2471501320186125,1
1,1.8455540491677174,2.812272845877388,-0.48238973461665285,1.1109854320988037,-0.007562069605381313,1
0,-0.3342135570408244,-0.09333670865951849,0.028314296010229462,1.52761021378965,-0.16669228168231848,0
0,-0.019684985867998554,0.3629685733418199,0.919709216602271,-0.0059732873606555,0.019908639760661456,0
0,0.35709480385011333,0.43124975960158735,1.4218632908329962,-0.6869180063033875,1.2517424971383946,0
1,2.171678213869188,1.3622860253814355,-0.2476394967589437,-0.2754930546469391,1.2018899772544485,1
0,0.0554954467923643,0.16427947892702288,-0.21861693366010385,1.3430655723183085,0.17491334521136553,0
1,1.1115938230727531,1.4124189141574552,-0.830048505589191,1.3235333724027314,-1.5238806517107804,1
0,-0.27482331742779,0.12153503742688697,0.6651586806116184,0.19425473040031502,-1.2292042518214,0
0,0.38217321785217484,-0.35191007360888227,1.025971992761923,-0.5294895505317242,0.06742894852475367,0
0,-0.612752150089564,-0.2965267857478943,-1.9386849171297538,1.0827648441504598,0.416822541034006,0
0,-0.10683995798412341,0.010153351969845736,-0.3968060138666205,1.6229445436744527,-1.2173086526014123,0
1,1.3684695409831151,0.2168578136894037,-1.2134460217710636,-1.4535069851478462,0.6605217166278383,0
0,-0.06201706999137876,0.8976436738591947,0.15090695692601908,-0.23243168050396884,-1.7523763951533058,1
0,-0.6055695175496263,1.2965148107994777,-1.2379462244525308,1.1559590046192088,-2.6631602250591393,1
1,0.4888333886727332,1.5022101559548284,-1.32014105055276,0.07367231540710718,-0.8751273896269791,1
1,1.912445569575786,1.7992815063506027,1.1235192807109482,-0.48858637190769366,1.373063420606057,0
1,2.178478854093189,2.048634602030298,-0.16559413535318643,0.18518810934529917,1.5222851448669559,1
0,-1.0753049744988938,-0.7948018437469614,-0.05990616210007344,0.3707043019693714,-1.594939372992935,0
0,0.22135569655572976,0.5569667671706541,0.43168512698500267,-1.1268373489932375,-1.518487419453532,0
1,2.249909748907106,1.144136123339465,0.9708189619889586,0.09079510219300672,0.7609350620140105,1
0,0.3575466280573939,1.3744345378901064,-0.4185928325751819,0.36733351636194933,-0.4406899330692585,0
0,-0.25000210720563987,-0.11295574199921682,-0.39631460366720794,-0.4908452588868067,1.3663742638417355,0
1,1.0339021781495457,1.944909333902996,-0.3920665271741145,-0.7794881892809884,0.7446612365759521,0
0,0.048586847609993565,-0.10704775821607987,1.0815088953291279,-0.5378875899243727,0.9163934970929484,0
0,0.14867103530812845,1.3180156537982681,-0.0681351295974623,-0.9709126137375748,-0.8218802449108784,0
1,1.6574845066935393,1.0925898697766567,-0.2910983119073438,0.8506205514933302,0.44381147273157967,1
0,-0.1080807780705394,0.6990532723964334,0.3908964318681999,-0.9836401150326509,2.016383659401291,0
0,-0.6495910344736544,0.3760067294711678,1.8312541997787293,0.18904329953614543,0.14224835861361626,0
0,0.25361297478531103,0.2425859769984963,0.07428314426190351,-0.37419896751268694,-0.04500188745593936,0
0,0.2825126966481143,0.13740444062686358,-0.2694472246786843,-0.7061843540614817,-0.4356931387720688,0
0,0.12049327527700313,-0.40020751061811777,1.9429985179902964,1.3713276247088164,-1.6019361033535324,0
1,1.6665961870427544,-0.15163378626044643,1.3298016422512406,-0.13078347862582893,-1.0989457994508955,0
1,2.6075496926476633,2.044635265076969,1.1848250064980184,-0.6693994267666018,-0.8918227109850629,1
0,-0.3746272707440377,-0.2933034662065706,-0.500686754217494,-0.7651186994914063,-1.6443005350551416,0
0,0.7688610584739934,0.7017600862092177,-0.5998277840939689,0.3390647287524973,-1.5434822201889982,1
1,1.1595853184668976,1.6110186607493988,-1.8341544533668062,0.8265878605415744,-2.4481846225796158,1
0,0.6653703437738568,0.7201540686120723,0.9649168878542486,1.2707548298428364,-0.7825108472559423,1
0,0.7400205300483261,0.48113551206568417,0.07699715037160444,-0.1676562575188339,0.6752478928268029,0
0,-0.17583072204112954,-1.4788171082875203,-1.8008878770315262,-0.22773102870650314,-0.316518896750476,0
1,2.5965778324365,1.768937369748798,1.2018476020787738,0.1309543543732453,-0.3119859110037236,1
0,0.28142153204765347,-0.2062052913686905,-0.33735095423623346,0.16712466459807623,0.7667782019551481,0
1,1.0736365353156596,2.0990067123609055,-0.21408044070346283,-0.7720566813438735,1.688965164987287,1
0,-0.2244939566335254,0.3547244970820798,-1.5129692970010697,1.4624119799360813,2.2733302461528915,0
0,0.6796573836639909,0.36178142277936426,0.49219844060642215,0.022221756838757645,0.1445108013774567,0
0,0.5538388211259898,-0.16334567742495024,0.5017700257768325,0.5347400088825501,-0.28180122414365794,0
0,-0.6348242408275745,-0.5475637152646748,-0.04798755305599204,0.4244545644221665,-0.4130790105936488,0
0,-0.08355438731429828,-0.25973217538231536,-0.4182379338853215,0.40393297872749906,0.59120144018992,0
0,0.12211378966590708,-1.079935356918569,2.626467638503752,-1.0040967655580653,-0.15630593660954878,0
0,-0.3045627534453653,-0.35420624072798734,-1.2033677359653812,-0.0064004825718728,-0.1527292815907924,0
0,1.4146798340248314,-0.8784954597236593,-0.7214369921967101,2.2807442904271404,-0.08646948022445063,1
0,0.1401982460431953,-0.8626444822546865,0.7082567378433953,1.5871687179536569,-0.9421365457748092,0
0,-0.03708731454182959,0.06988730833572566,-1.0144399366631334,0.15700766066935012,-2.3321963910582126,1
1,2.314510626554854,1.7204293637023764,-1.0882069165528085,-0.36686445101509413,-0.6692365472485401,1
0,-0.21912812090330097,-0.01907608810512948,1.1315186464293339,-2.2177795907900246,1.457479311244605,0
1,2.2044565663703937,1.1007257015969587,0.6051917249408904,-0.4973361802212602,1.410476104861086,0
1,0.5993605626502092,0.8315551026566445,0.4841379770942782,-0.0784191075724209,0.9397825643790138,0
0,-0.2721924277473397,-0.19031579541882646,0.18182484903756774,-0.3173164602261435,-0.49372857855187263,0
1,2.2294422510263483,0.9066661752633525,-0.692153396386862,-0.24768242071085064,-0.7905135993755262,1
1,2.5421186323538025,1.3623015547272133,-0.25267110378547325,0.6224313498578122,1.6245964547448615,1
0,-0.46397742780359585,-0.9129190644473433,-0.0790748152628356,-1.0003557243905883,-1.0831298698845093,0
0,-0.533892981731189,0.42079054692343676,0.8462163531553897,0.27265171612898786,0.03939792347695301,0
0,0.34046785822227543,-0.34021867324541527,0.4258573655865509,-0.11025886446707536,1.689493570967813,0
0,-0.37382033695062766,0.225754140169403,-0.9278434655416381,-0.882303514506964,0.12394641058888609,0
0,-0.1611467506532364,0.5323331973787152,0.7895422277588717,1.674104773207668,-0.29347803859168975,0
1,2.1258430148422947,1.5967225291586,-1.6785060499351645,0.7478098853091707,1.1598388162263864,1
1,1.273538691031593,1.8794760737588494,-0.32042184893432685,-0.786399790184677,0.07201203742578882,0
0,-1.1792554509214113,-1.2399835577124427,-1.1420483770836505,0.5172510845602049,0.19617102413057322,0
1,0.8193493386364713,1.1042860017776681,-0.8571034444707225,-1.3894622311616025,1.5147128401710852,0
0,0.005973351432168526,0.6618460000734503,1.9265862780395655,-0.6634791774330554,-2.5449252033759096,0
1,0.4819461109162695,1.7055377229897328,-1.4706741464213928,1.327569794207683,0.35884002708668933,1
0,-0.17829625037839236,1.1090779593308775,-0.8191940559929812,0.35151487526792924,-0.7663201536953137,1
1,0.764742090253605,2.42262828798021,0.5104017713182099,0.2711973163292275,-0.2072233160043696,1
1,2.583963404119359,1.579755280670382,-0.4700027599054521,0.9869680807271372,0.11295640542027861,1
0,1.2990855568594035,-0.15118717133088405,0.15555773076797524,0.6112781099097158,-0.6754706147847821,0
0,-0.634918261405241,-0.5750632278401938,1.4295496326852777,-0.2660515525759275,0.22852217586795817,0
1,1.754055208022751,1.1145148606788515,0.6546278576634222,0.9364046444473557,0.385364704380065,1
0,-0.5762422391981114,-0.2449481450936197,-0.4686823500573077,-1.6889555713384514,0.2034555968970666,0
0,-0.18558936123270675,-0.35594951542902886,-0.13371947940079018,-0.6674746708667065,0.11141440453171893,0
1,2.6820815967734832,0.8489973513553721,0.5306060097858019,-0.09695096290634649,-0.11760068707559063,1
0,-0.2800131286358912,0.24094595251322695,0.6349897661603746,0.5477290072639642,-0.09793290890042651,0
0,-0.17162247734226818,1.0179838068853406,0.020752739860514666,-0.3249992472868076,0.07939265813509785,0
0,-0.5655175603366182,0.5599540609381553,0.36060900005740876,-1.7840606506264338,-0.9424157506535648,0
0,0.687713626598918,-0.19345203496219396,0.36158244037961457,-1.9244783029318628,1.2701166737050589,0
1,-0.35796002151441586,2.0084173085604253,-0.09222655400513156,-0.06809271589879815,-0.09111311432888063,0
0,-0.2656783929189726,0.20799052010332927,-0.6052376063964122,-0.477775547990721,-0.4033761803912843,0
0,-0.027531656481275226,-0.024422610562105564,0.7425955980216679,-0.9099771999321457,0.3958439027092611,0
0,-0.3966463979105486,-0.06187363538844257,0.2917954615803091,-1.0772712878834114,-0.11468980009671197,0
1,2.1181273046387004,1.2800359172070417,-2.080979715777251,0.13377604795241613,1.2426241791868529,1
0,0.7212163703822845,0.3906396736423621,-0.825835519686871,1.3022612745694504,0.8946831679506625,0
1,0.7527762922722911,1.4838020493658528,-0.4806716102665296,0.13386049487057597,0.09294009342893245,1
1,2.856091992262483,0.9629463214538059,-0.20113135674714627,1.3156025847823287,0.938915052055937,1
1,0.7460447053878908,0.9338887345397888,1.203944919729829,-0.373991671692944,0.2352683846131707,0
1,2.3731784090055053,1.5835423887690008,3.202325903747537,0.4434423058876745,-1.1541119901544201,1
1,1.6898966191214166,1.657190729409965,-2.4588209778245154,1.3520392481720336,0.8898676326460747,1
1,1.2977793417317114,1.2121204134099295,0.3044063596328327,-0.1578745739921189,-1.900445863058488,1
0,-0.24562015780550167,-0.6792033736477465,0.0695861202667127,0.02597230419098457,-3.516855542169703,0
1,1.5798923256038118,2.150579070251079,-0.18048978867265256,-0.3744837377130308,0.6979960291194502,1
0,0.12505071711826912,0.6231627657162604,0.5429395453621464,0.5925062392059014,0.4435623623343799,0
0,-0.5520926108229152,-1.1924259005840987,0.1497887405794813,0.902272101124861,0.3767524882693383,0
1,1.4596360253929659,2.203749753988118,-0.36143397563878776,0.3512801294073612,1.3895567506743363,1
1,1.1375963062434433,1.2746145216001916,0.029242663859610142,-0.22944197161455346,-0.02471607307073585,1
1,0.8709702837556764,1.5139922480162855,0.5565666647330694,-1.4997235639921145,-0.37825025707818033,0
0,-0.4903870214747383,0.6829338360315762,0.4614712645145952,-0.048429792201083,0.7966398323071884,0
0,-0.6899847796172637,0.9915232719774321,0.18863230761968566,-0.19195377907542122,-0.7137936937695954,0
0,-0.2520929476503112,0.601719171027318,-0.5834476277528152,0.2359960938860893,-0.23810920575528244,0
0,0.25948494328104926,0.1446182993703355,2.819142883225069,0.11679223315885004,0.2525729624414121,0
0,0.07242621250677739,-0.825384411781799,0.35951331118824936,1.572408150678301,0.33254157860333544,0
0,1.1846068659963904,-1.215739094390843,0.762463227336137,-0.6964098886802417,-0.3330248232459384,0
0,-1.3262718082319502,0.5268953634147021,-0.5078024528610549,-1.5752630524062563,-0.49047930446668037,0
1,1.8816045797285132,2.205218207446686,0.18957369416287068,-1.142535401878337,-1.1199188638819235,1
0,0.003852143114611302,-0.4887869165028288,0.18160807680054034,-0.6336229864725234,-0.7871749191063605,0
1,2.0894022054231804,1.2381320211567621,-1.9119497884148662,1.082007171583658,1.8190884834167258,1
0,0.4298791225862452,-0.3343595330312729,-0.7166607603462448,-1.2972425802224925,-0.2655767803657129,0
0,-0.09899505008110622,-0.350340044093402,-0.735143352915445,-1.163802195357527,0.18925148236108938,0
0,0.10359077091405335,0.6449767103351791,-0.6004567663178756,0.41390621142813316,-1.4912780029892343,1
0,-0.44644152775109075,0.13102387965218543,-1.069839135161088,0.8493060921909348,2.5632109331814266,0
1,1.9682079876126726,1.2624930131625984,0.04385603630094532,-1.549238739344786,-0.8614649890863235,0
0,-1.1273256312736206,1.5945120123062233,1.3973586138984084,-1.7720547279446817,-1.1750743138667255,0
0,0.4660958631895904,-0.8606525394045361,0.13048869973405622,-0.7865365995011847,-0.06118257458987406,0
1,1.586095933458334,1.7287466488974712,-1.1812704556719156,0.6573621328036797,-0.8924792194245622,1
1,1.3077627773013467,0.7706130288966829,-1.0309039031989309,0.1432267129082201,0.36498130007750806,1
0,-0.13951991966803573,-0.09446212319654489,-0.37705114920949107,-0.7499738676124342,-1.5116435294642636,0
0,-0.09551774075302848,0.08918303067760384,-1.4156065145619654,0.7394303582035645,1.1370491318816542,0
0,0.7783822562883008,0.5067574317810551,0.3044570839608582,0.12430532373222157,0.9398592193374292,0
0,1.9400961979491074,-0.1567091370966134,1.3530988697667792,-0.10759553495590042,-0.11868067151005549,0
0,0.7319224944902293,-0.22016885867810512,-0.5759042127325396,-1.614348927696343,-1.6555197273045084,0
0,-0.3391954715338537,-0.16745105868810473,0.07613390677896471,-0.7705185365696876,-0.8122532641522049,0
1,1.9778690945711674,0.7520283882192945,-0.42896068767120565,1.956927560346975,0.0625256060892395,1
0,0.40399749963449033,0.3793858812550119,-0.6296278512768233,-0.3362931255558103,-1.2105110778070935,0
0,-0.5550964334683322,0.16880062246914498,0.1895760679224758,-0.9567936153534755,-1.047823119632801,0
0,-0.756479578332409,0.26110120278903004,-0.6633054971115451,-0.38225136969759355,1.0492990965543774,0
1,1.5620314426499269,1.3582741984801514,-0.808400452489977,0.11908457974518481,0.1549170337752158,1
0,0.4846245616208608,-0.11572677593405592,-1.6192913819294215,0.8833438920034106,0.12333073647080046,1
1,0.6329150394391431,2.1053602029385106,0.06458822773864592,0.6210850400888195,0.5274594259178006,1
1,1.1674612794073564,2.0130718820942093,1.0670093949527026,-0.6765960082195143,-0.1638228537442337,1
0,0.34359102539424385,0.8488803517106328,0.7073087885423386,1.2715768337335962,-0.05950580493402552,0
0,0.02503416796234808,0.22355661089752232,1.4919933307486095,0.8146883607501112,0.4559855944951707,0
0,0.8497641723593973,0.8115984567932515,-0.6745154547295736,-0.44513357677642623,0.8089830828328238,0
0,-0.846820472445806,-0.24964958383224845,0.8508093873733549,-0.1281982549724623,0.4981030299895925,0
1,3.0112989600696736,1.2794889283152011,-1.1026326185121387,0.60066908316219,1.460388117540023,1
0,-0.9227954661417477,0.7170604522091768,0.7092586457278951,1.0747034916472022,0.02463036659835988,0
1,0.38250176870304387,1.9060529229561431,1.644187278990438,-1.5186678350997536,-1.3471715928650307,0
0,-0.03534766769838414,-0.1742702441489379,0.49838150311211465,0.07044991143190037,1.0882705619517044,0
0,-0.6806753569476056,-0.6277549416118264,1.6618116169437407,-0.031124638485244407,-0.24508619144153768,0
0,-0.02325339842692745,-0.12237852419548365,-0.5987319980759855,-0.5706339596290583,-0.7686900257257662,0
1,1.5557638726272,0.989078935233779,-0.1342310655133788,-0.575801186082556,0.7123494234042735,1
1,1.4825354727355413,2.4347020894932045,-0.9156836951737612,1.0543764099101958,0.37077169679396615,1
0,-0.5054466193180674,0.4560243861118505,0.03478984845542972,0.5346781135654385,-1.2787478053202066,0
0,0.2595936915478146,-0.4595535464320594,0.2696738204380895,2.106634583500347,0.6706302840157958,0
1,1.4095977311396983,0.7730054236009924,0.026035062632394888,-0.5697928095749993,1.874316873329909,0
0,0.6621989224528582,-0.4669879642707333,-0.4741389473059162,0.137134474221502,0.3236179740205326,0
1,1.491776648483016,1.0647048569201996,-0.49071576070636536,0.3097002513759764,-0.25618373807038686,1
0,-0.5787884537199537,-0.10002023627831662,0.3451705919833726,0.8960840720296066,-1.6692555162196392,0
0,-1.0126263311060313,0.6687278945285323,-0.15928693035016447,1.3584127442822826,2.0512182840741366,0
0,-0.10326565886902285,-0.5799101348118021,-1.15180300516887,0.09361160187692935,-0.5169602123411305,0
0,-0.7615227428175735,1.3737223469079298,-1.897286045973107,-1.094775431437547,-1.4079884958233677,1
0,-0.8099771124028667,-0.5659801420971927,-0.5954884869308772,-0.7108782567333014,0.11084491731572839,0
0,0.3164743854881922,-0.8454286386567594,-1.3822687367164619,0.1427276172802682,1.0082489682743476,0
1,0.533397963301965,2.4129828951940824,-0.8355699885294011,1.1227618138884605,1.2359147746201156,1
0,0.8473160269997474,0.7927533599021735,-0.4233052509939386,-1.4464059676332515,-0.6722196141680852,0
0,0.0958298306373241,-0.10940927865377116,-0.14609917289053218,-1.170002811589546,-0.09852573428833701,0
0,-0.026305578614976708,0.22879938907471592,-0.666005831914257,0.757153488680802,0.0004127961890907944,0
0,-0.6208595643303516,0.24394147146120834,2.1912011081614997,-1.293627186430819,0.9765579760089804,0
0,0.4586233778057628,0.08202745724613515,-1.2611030335979663,-1.1250228426365123,0.5928341298304928,0
0,-0.001742960158437163,-0.7778877230822838,1.209212457940401,1.1365374531011008,0.2706246375943625,0
0,-0.41165798564448114,-1.4891803095997513,-0.16256800969280905,-0.22132181421032843,0.9148264516634298,0
0,0.11989481799095335,-0.5068357093940502,-0.6575263913405929,-0.2978119807061279,-1.3620678054257755,0
1,0.5903287267363719,2.4896926468225686,0.5875760103912714,1.368293821588256,0.4208745652666296,1
0,-0.9811962789294831,1.1132481016359936,-0.45287755126834034,-1.0629766552935191,0.22159633296983972,0
1,0.9278883488193531,1.2428978213046147,-0.806964686439436,-1.2639845378749435,-0.05000668608739487,1
0,0.20971636056582835,-0.5747785335142028,1.789809902248607,1.6292125161872049,-0.24967440698593968,0
0,-0.0019549930836789413,0.16687273183762819,-2.1944600462682695,0.23332230564830345,0.1341496138749958,0
1,2.2293875593334516,1.6633887172802153,-0.24487382549239659,0.6797047502176703,-0.5701880946171869,1
0,-0.5519939113011461,0.36043171157643455,0.19007162049412393,-0.311084075317558,2.727291751785459,0
1,1.9448007042888051,-0.11621720970255867,1.408022533177587,-0.10659842602405876,1.3589742301011871,0
0,-0.06832233143716868,1.8946537102950973,-0.39843089784548363,-0.7037657333489795,1.0929099662467048,0
0,-0.5658271168445571,0.6794848008261795,2.6610152443350024,0.31812003431479535,-0.5296773264211094,0
1,1.8311846024277514,1.2812817777562,0.7591190613482472,0.8313729314729292,-0.9571927857006729,1
0,-0.03960711494713952,-0.4310865780965119,-2.3672928107544697,0.195981910426895,-0.21195218170609928,0
0,-0.37747151648723926,0.5923834164477628,-1.453682728967563,1.060906759356373,0.11415964652091619,0
1,1.625199452286455,1.6972367690207246,0.2369340007917713,0.6623956639950512,-1.4483900341789022,1
1,1.522281768437565,1.4552884928207066,-1.1438662573569283,-1.048442278629491,0.4799768114419882,1
1,1.5077871588894987,1.6750007801844868,0.5478332446417096,-0.14474401030249254,1.0821496116439993,0
0,-0.24755588994647965,-0.06763176253476866,-0.45372978326480484,-0.44839465826569697,-2.235677394823106,0
0,-0.7829691233361826,0.2411173594303812,-1.1960264038786907,0.7534341225603148,-0.9003681169859244,0
1,1.6448592495369234,1.835817710572102,-0.9645893739445153,0.4615874653465612,1.227834068351837,1
0,-0.4816286242328487,0.20599012444921622,0.8519136050796912,0.1273826667362414,0.37396531303647335,0
1,0.9878026794135594,1.5745531389931513,-2.0229535439078057,1.0135887655432392,-0.8663228740176481,1
0,-0.14441990646156422,0.8357160799267087,1.0452748251655632,-1.8656803034781193,0.7353618623336348,0
0,0.44041592650330696,-0.9582642716510738,1.0745368728078772,-0.6031302239397506,-0.5942146943867532,0
1,1.7113681046145888,0.9212706328649416,-0.33140680379455617,-0.5182870036312062,-0.2361215528021007,1
0,-0.3186853250145534,0.01593641158861355,-1.4044426428406136,0.25173438862110004,-1.1388773448491316,0
0,-0.34280763472071446,-0.4379205497575445,0.5558642090990629,0.5528101988448634,0.016914729173147618,0
0,0.3814879573132608,-0.2376195229463646,-0.48635931717624037,-0.001307777430703948,1.0181902662759559,0
1,0.16195853833165597,2.1726450697340263,-1.5151176807370699,-1.3149598648965986,-0.4775046244699936,1
1,2.0784189935196884,1.310617415625365,1.9091402279460612,0.4067717875919572,0.6454572210154275,0
0,-1.1244094649582033,-1.0975266166283844,-0.8844132959221176,0.12806183350379338,-0.049909878994550336,0
0,-0.8492447449937882,-0.25400503760056736,-1.4721508867300803,-1.4687137099617364,1.0790071154301522,0
1,1.2914405012420649,1.4348679044803232,0.28505081980757097,-0.2954018880725184,-0.4630374638866379,0
0,1.302074485758507,0.023813719473796117,-0.06784743628366471,0.374024549208335,1.5550198324264182,0
0,1.00645161600856,0.33362246480784863,1.4861883692433777,1.6532088234175069,0.6815888376565866,0
0,0.42389265347828137,0.2846331448532842,-0.3805202750823674,-1.0890708737698251,0.24401300095693307,0
0,0.21392542697726996,-0.08329565911559146,-0.3699563167016862,0.790120439288332,0.2805073929321572,0
1,0.48263381919251525,0.6841761450527399,0.33522823219616227,-1.0764737527744503,-0.4649864519991208,0
1,1.6940548977284193,1.1353164490174625,0.19951792122138184,-1.27060848946283,-0.5293384888012551,1
1,1.2704670888640173,1.0263340660269211,0.23003771490399802,-1.2115912485345524,0.26219241346382566,0
0,-0.49000160017363303,-0.1710622816117536,0.2719514971344084,0.6050139392516197,-1.1987334390975377,0
0,0.09288185398479556,0.4147011211547321,0.16461629489552215,0.1298931221120807,-0.601691898545819,0
0,-0.28266600566801925,0.2424616497382514,-0.41648296562181963,-0.31468929728369127,-0.9372551631687955,0
0,0.5215797275813103,0.4944034282450114,0.8326775967689005,0.45783198496143157,0.5718211496633413,0
0,-1.1615728605676003,-0.23044992216167634,-0.3598974027895524,0.04082140706978602,0.5870273155131468,0
0,0.04500685340758923,0.90501646097084,0.8043502976024579,0.11051892966675599,1.2678222217088204,0
0,-0.527458334108426,0.4037031075580321,1.3877620882785533,-0.30352618455988417,-0.3346531656592356,0
0,-0.24578149734941612,0.06734080910517436,-0.6775408673369395,-1.0275470610602402,-0.8077680883413757,0
1,1.782775851687545,1.7620079506267814,2.404483418669109,1.6913071162009194,-1.4692964274716727,1
0,-0.6703847175660401,-0.4054562487786189,-0.7126129051755844,1.400431616611723,0.2709501850020138,0
0,0.09853928358747892,-1.2652525295762527,-0.7053881786517867,1.5901587035315008,1.3967942426339102,0
1,1.4725970768744414,1.035982178558133,0.5399908314938124,-0.5393148864108894,-0.07461241587303495,0
1,1.2036478808938669,1.848474174345301,0.44156240439474126,-0.6819277125511909,0.02663122176188729,1
1,1.3176565083934482,1.448129623813378,0.07181522551001375,-0.41444496221771515,-0.006214122246446214,0
0,-0.09273113471215565,-0.08210068360672403,0.8182510879771867,1.0741069440194984,0.25401035219272017,0
1,1.1392980924620728,0.8912959575333632,0.2526300425032956,-0.00019207136786494498,0.9970491788248471,0
0,0.0042566851953668335,-1.1734954955499215,2.065741997500149,-0.5431916986481097,1.919188657538484,0
0,-0.1669059729996454,0.8549073724888742,-0.053225417873054126,0.3638616780788255,0.4983059624648649,0
0,-0.36676952224017645,-0.1247368450869643,-0.8544936215862284,-0.7364489332625039,0.5642709078984949,0
0,0.9539053403417901,-0.25772278913831453,-0.551709296861704,-1.3553905466721528,-0.2392648738738705,0
0,0.24914395353697255,-0.40298776025512334,0.4713243817295227,0.12923495768365506,-0.1078122122516591,0
0,-0.22962733957377265,0.7527134865759774,0.4859516866554282,-0.5160732121259307,-0.12130859525641353,0
1,1.6875162584948253,1.9288104874276306,0.20647603191777028,-0.013700095673971688,-0.36614698624064523,1
0,-0.6160920820641048,-0.5803436785265722,-0.8495035720708591,-2.6848596418094988,0.12752609466047346,0
0,-0.26206296406714996,0.6987257790261209,1.108648119944049,-0.892078395238444,0.6248744641160435,0
0,-0.19204647026294855,-0.08704225135276032,1.9369906566882775,-0.04505725832055031,0.06355662699346791,0
0,-0.7480763459459295,-0.3663253127923363,0.029225321895288127,-1.5163906397599851,-0.28052019204905176,0
0,0.23241242879665075,-0.17616743207853028,1.8106049431441273,-1.4823885456354269,0.12599873178518362,0
0,-0.30336762156769553,-0.46997835030893814,0.8662559964420152,0.038769376606717615,-0.959856420938019,0
0,-0.21328000046844228,-0.7925262616492741,2.218687174646668,0.7015819154576518,0.8033402813282473,0
1,1.258768084525987,1.8656785793051536,0.47264409056854495,-0.8917160753746192,-0.41315908876994795,1
1,3.3754543543858597,1.2675770845811192,0.1366030757728789,-0.2621266575213602,-1.1549687553949717,1
0,-0.3975690901044077,0.37032572018716237,0.8424012329796334,-0.23902267684882603,0.4617449837631193,0
0,-1.2412061723314964,0.17232799867772783,-0.43358499933927314,-1.5623142122243816,0.5113828077840882,0
1,0.6400408174246988,1.7291246668119438,0.4071173878596385,1.183886079548419,-0.8599320222270807,1
1,2.055581573617261,0.17240791675574774,1.3307164466199057,-0.18295745020822007,0.6235689615902746,0
0,0.8018716150098779,-0.5200561496142102,0.8195104557188427,-0.17223959547805534,0.6338996647561188,0
1,1.1909216851762878,1.7416188532411088,-0.03095765807169273,0.37298340396300117,1.9748807119288037,0
1,2.3673698017812783,0.6351015835184192,0.20041559409823037,-1.5599949840012008,-0.23502511678259894,1
1,2.0449539999055264,1.6238390502873388,0.7576767813017862,0.9199342952920321,-0.05437657383041185,1
0,-0.11368807859165335,-0.8344227480111449,0.7244466097898743,1.050610770954795,-0.6067968791868137,0
0,-0.15626777026232128,0.009866390096816514,0.7500643831285315,0.14053169682133324,0.4936753385214793,0
0,0.10852213584939195,0.965994236361634,0.3394381054196218,0.4622084478286435,-0.004604375980299381,0
0,0.5264734932921846,0.4647600691989748,-0.8245446394378756,-0.32607949745109954,0.9879290160182038,0
0,0.2383767393570133,-1.1104445684644406,-0.6651528638060755,0.8632940488115796,-0.4339503851422407,0
0,-0.4060849810792175,0.5090228425897108,0.46116676477351143,-0.8229397071259792,0.4718558264561103,0
0,-0.10452422821578643,1.0933429360377498,0.8314594195090657,-0.03239832563419534,-0.23784474227533883,0
0,1.1887580728331544,1.6782096060970435,0.701936224014839,0.027263486021683294,-1.842480056831647,1
1,1.7507282783777152,1.6850454424812136,-0.6752167163510698,-0.03868446887516717,0.6280406851543116,1
0,0.5215952561295691,-0.818651954331213,-0.15116736898262964,1.0691260562901375,-1.7480498214149673,0
0,0.32393099234953937,0.26080678681465763,-1.1742786643862584,2.188204837221725,-0.159484268711311,1
1,1.7640146463986217,2.3576201590048784,-1.3914286796048276,-0.10983704722695203,-0.14386743941791982,1
1,1.6652193400090414,1.2877470921498178,0.08147930032643269,0.47035763382715096,-0.008369413937142073,1
1,2.1384343751949877,2.0258653537295346,1.3581563647022803,-0.8024274385394559,0.04731077286494903,1
1,2.03118534118641,0.8962382006733871,0.09980400070481274,1.0319214801647911,0.03746760708942943,1
1,1.7583360868069293,1.6234119518761103,1.908135428873693,-0.5174846563181295,0.3630726684434586,0
0,-0.41625751532873284,-1.4937477091020763,-0.1641039711728624,3.145128115262409,-0.10873088270379952,0
0,0.23133528332908312,-0.5702012291020309,0.031217208146895995,-1.6707397996306834,2.6156974313232513,0
0,-0.04020476188085006,-0.003672388369113596,-0.9910068910191485,2.1474451670879215,-0.342392730813493,0
0,-0.18495354680704554,-0.21801403834586142,-0.34724398333708834,0.9912221880494576,-1.2226091432900077,0
1,3.2072655849796408,0.619629503434552,-1.18993823361941,-1.1222418326765982,-1.4100130399454864,1
0,-0.9234307846246965,-0.29979371885097356,-1.5453372842841013,2.3194483877696035,0.6582568447088322,0
0,0.5751077154344897,0.19779302908079802,-1.1729312838882398,-0.9284104099424422,-1.5916352172912165,0
0,-0.5176025665522983,-0.05173655226613129,0.08527508996604768,-0.31433085036271674,-1.2097475421319992,0
0,0.07871729360603764,0.0365625419225213,-0.7367062802356141,-1.2965925558700746,-1.3537590527128205,0
0,1.541152511454111,0.43918128185144323,-0.49987281736214095,-0.1464519051888669,0.45714211673309557,0
0,-0.5774213968944377,-0.2058976204399479,0.40987056972466207,-0.052697279756085895,1.3307073830230192,0
1,1.1656764071036418,2.215506729831149,-1.5487983725214718,0.8300306906097307,-0.9439464793064091,1
0,-0.010508242290960193,-0.5935626396608475,0.08103605875243748,2.438313702189339,0.42204143996270505,0
1,1.091669825421183,2.556801531835711,0.8480754359790462,-0.5129606384632788,-2.636945763408861,1
1,2.1304338105641807,2.0678231782965573,0.9345594910795687,-2.7526304188822164,-0.7447450926373582,1
0,-0.32071766163797705,-0.21359866830733315,0.5165670497533381,0.648498144866606,0.6024749119650413,0
0,0.39240578408960214,-0.17359122253864828,-0.05218227019258244,-0.5503107193325508,-0.31230465320598416,0
1,0.8024865209199585,1.5240413549670415,-0.6237388964770473,1.8184534035563233,0.9940288581262813,1
0,-1.0840989012925353,0.35920255792318606,-0.08235875324045575,-0.03458460830358658,-2.233190258310528,0
1,1.4626090126281703,2.056728965140074,1.6534632279233175,-0.7590907756728349,-0.7349761269659004,1
0,-0.941104702822557,-0.8043547488090499,0.27306620254692326,-1.0129686158622515,0.4527464988624593,0
1,2.5109613476592703,1.6624655732367482,-0.10688187032426212,0.6228867196642872,0.44019503086360223,1
1,0.6821179057030013,0.13009144852237076,0.5636927677972634,-0.27523666302767474,0.5169352516948189,0
0,-0.6226120126024187,-0.10638029150129003,0.049724248857303505,1.4677072531302522,0.20751162526382744,0
0,0.2481719312847661,0.8723475022724748,0.22579295067896646,-0.2105894989218028,-1.1441244979848457,0
1,1.2481816299627964,0.5494345806689008,-0.2467171547313977,1.4146201601956725,-0.7791148349457758,1
0,-0.9110327819205624,-0.9595426716189974,-0.4149377540747048,-1.3801342060809683,2.3163848298034995,0
0,1.2239784960431757,0.13247705972878548,0.9960002601965614,-1.7386196718373588,-1.259377263556203,0
0,-0.6009802818957444,0.832457498503561,-1.9503496903927064,0.8291876204060151,-1.415571002416312,1
0,-0.11775468449792952,0.19523727065119317,0.4786017367482569,-0.4644255955231249,0.6798913737597521,0
1,1.4744844879363819,0.2572292618710692,-0.47675298650126785,-0.2635508620436718,-1.0592696114248636,1
1,2.026185491179947,0.3901229521722356,-1.9052124638307364,-1.0121939693019963,1.7922136069129662,1
0,0.2774114764026353,0.05864785975765163,-0.9746094224524149,-1.0855013824413529,2.734446470443204,0
1,1.1039193773613967,0.6924545484225395,-0.036046089297868865,0.6356671058768927,-0.24093959633081788,1
0,-0.19549633046598405,0.08201177634339367,0.10147922917039104,-0.018847294805892253,0.30945214561438017,0
0,-0.13615346012508944,0.1175970679601635,0.7400044555134456,-1.0602011493986716,-1.8246573178009486,0
0,0.4493756989191372,-0.2938545063946264,0.8080182345449464,0.790543879481739,1.0316052314556614,0
1,0.8990068510848394,2.488852576369288,-1.546714963227221,1.1749134723991954,-2.238636780754583,1
0,1.210866334053469,0.35428032296057516,0.37750358635139036,-0.10883211707319049,-1.3395364199727482,0
0,-0.45551003247566646,0.7269545272765058,0.7285439734227724,1.003199918007952,0.11859225877130807,0
0,-0.005249638053955953,0.5523490549629733,0.2189226209320635,-1.0018048910119774,0.5476572328855167,0
1,0.904006336184055,1.3099558628300794,0.5024414852067237,0.5772088997676719,-1.4838979538491288,1
0,-0.77889540698437,-0.11666835080360884,-1.9325208064730643,0.16175021120274843,-0.5425336201843453,0
0,-0.5246570454465743,-0.17857202209726233,-0.9902149894158045,-0.7915610916450994,-1.66157269839843,0
1,1.0176860694014471,1.8086613515001462,1.3660470023821174,2.053058581320267,-0.3170270686402632,1
0,-0.2485542144928983,-0.39021910642311813,-0.27970832214143765,0.23277499175658944,-0.8007542502246652,0
0,-0.5873790172582444,1.0350197652207407,2.2231039147358342,-0.5908202273024248,-0.6356973012987416,0
0,0.4173314527765259,-0.4475215822034358,-1.2784224115816676,0.01962404934305713,0.6512162823560507,0
0,-0.469790337191025,0.12868504337821707,1.5637722411325112,-0.8696943863285376,0.2815691887206431,0
0,-0.5362892960711492,-0.13744848722756917,-0.6107056129846442,-1.1568783951357542,0.5611869525757454,0
1,1.3642186815296389,1.1295240113680838,0.8624359829483585,-0.44941960556272476,-0.12920068355182424,0
0,0.5957033272177766,1.3034081114781675,-0.29538241549180705,-0.3817124302875526,0.7169324623071395,0
1,1.7289257041662396,1.1365673951525221,0.11567814790527779,-0.8041738102065689,-0.035096206175562784,0
1,1.540186282067518,1.217167291404544,0.5955433074182512,1.2511133018190026,-0.49138556334335876,1
0,-0.8598268619812074,-0.3984801590735339,-0.6133532614398701,-0.7657765718507682,0.5705702483667897,0
0,-0.6856250759182256,0.024624369413353726,0.8011063948747925,-0.9322290413448805,-0.4234216816903631,0
1,0.832954035976226,1.3392161795943835,-0.26587374672151765,-1.1857202394120994,-0.3294891145079664,0
0,0.7841107342034079,-0.6715518784225827,0.17804993371368696,-1.281983056749377,1.068269789302457,0
1,1.9183378738789887,1.145378081391406,-2.6451713950087816,1.0274516845381663,0.9740877098235678,1
1,1.0830276946454838,1.7658119256703768,-0.3373352744236082,0.2581671684936005,-0.2971380446234749,1
0,-0.3386229862953932,0.6161921096531724,1.2635419883516432,0.690327544544323,0.872857088437502,0
0,-0.49517410574240034,0.014400367779288138,0.6946771871187014,1.0184050811282945,-1.2781721616178527,0
0,-0.5315167298284251,0.03539687439192561,0.8865456143437245,-0.333299760100545,-0.2913386852788822,0
0,0.27618061872970834,-0.21659704305916594,0.05331767786142099,1.4722397618754028,-0.7518008664430207,0
0,-0.1725217324705879,-0.3014650211747298,1.6762745028910715,-0.6268901782599082,-0.0017505038749457598,0
0,1.248700646578478,-0.5517438179293814,0.28843871656876874,-1.0957260257980515,0.734585988389837,0
1,2.3502158947101988,0.4660103274566292,-0.6601000822083767,0.3736166600518985,0.555677148360992,1
1,2.3856882042800334,0.9785319955360778,0.8551408751076107,0.14454787794849708,0.4196298894045592,1
1,2.0028141849688756,1.942431720404308,0.9225983594884104,0.14295975553570442,0.13749165748187964,1
0,-0.25359544230431347,-0.2546501656183063,0.6295912247674517,1.0153213416858464,-0.15936881170560904,0
0,0.3586745307177504,-0.20761121021642515,-0.4029338874633403,0.10621096450225327,1.2011873167354628,0
0,-0.20929961671719477,-0.21929111982878832,0.2814721720699038,0.3130518090143498,-1.5465276207726366,0
0,0.9781656304370175,0.7468245994996404,1.3933248609997293,1.3596025785247132,-0.6667699510754892,1
1,1.8425676298299525,0.8429704576811974,0.4775499944962375,0.26668097538965574,0.41128206992268,1
0,0.1574162151618091,0.1662320030339961,-1.4777625366921907,0.4942590342593519,1.5278815047507421,0
0,0.07624359745770544,-0.04107968014209839,-0.6287637124695135,-1.4177143502803906,-0.34583708995975204,0
1,2.6441598564165147,1.4407560950568612,-0.6752653402592256,3.7191514806707002,-0.2609293480000309,1
0,-0.8602502003020713,0.14661024426987024,-0.7543234118807486,-1.5908423015301123,-1.2899186271206504,0
0,1.1029726966012356,0.034298964160842035,-2.1112843022450525,-0.5393293516144726,-0.5415185155754789,1
0,-0.11169228447248258,0.4758131319905516,1.8905775277844614,-0.5695672828022663,0.7082306663715112,0
0,-0.8436893854893907,-0.017554396777757324,-0.8762876130095373,2.1080155188991494,1.579293649495259,0
1,1.1486741610141664,2.4466258360554183,-0.8039483095430128,-0.6005993732770544,-0.29328564296249204,1
0,-0.9904843576341497,0.026687963380107656,-1.941708455060482,0.4418794378824984,-0.7989742874302258,0
1,1.9921940473513842,0.3779198704398381,0.8664289846936486,-0.5627657915113431,0.06975124779060835,0
1,0.9770242297920885,1.782986214886239,-0.0908648528892948,-1.0400970607698323,-1.6146800667864094,1
1,1.7012005997228201,1.635258083155869,-0.3509136050828987,0.5703553529856066,1.2355819666738341,1
0,0.6805302180995085,0.019527019057154628,-0.2980013524472166,-0.7189663531217777,-1.230732959687523,0
0,-0.40321015713968206,-0.15574278937268674,0.5878043922669566,0.20758990279243608,0.3137922583808627,0
1,1.4391377841853648,0.1312285601241283,-0.4800215106750887,0.62669252196931,0.29899413884495823,1
0,-0.7820199659496094,-1.1681064373594052,-1.9889010626842436,1.9067548977580906,0.6277404425273096,0
0,-0.23301426537071857,0.9885115322984886,-1.291535940980027,-1.2621749615700713,0.25559211127101206,0
1,3.144414175164023,1.0486984381403677,-1.3434714767356808,-0.15281519652678802,0.0027127900463619166,1
0,0.46675989846626503,0.5793722565313251,0.27531784141058785,-0.11146939757098899,0.42859863709886814,0
1,1.4411617486638373,0.43818003605572287,0.9300190405331484,0.0009280943752601162,0.8346895331261244,0
1,1.232987178290971,0.7718850227790405,1.4658056298701507,2.5688013229158995,1.7964564715645477,0
1,1.5744199626061401,1.8071845681290293,-1.6348944172679192,-0.17333256361385957,-1.1025197787864147,1
0,0.0780304513161837,-0.06150062141917979,0.6202700922525863,-2.5205895975447494,-1.8390483801041226,0
1,1.3485581757125455,1.7226003031936272,-0.6150711922044216,-0.1984308619237716,-1.5468930548700037,1
0,0.31803551746267755,-0.008179539557884618,2.9234580778155426,-0.11837721280315727,-1.8132748498187585,0
1,1.0279315059637546,1.2753968215960347,1.3835541306512373,-0.24104162959350006,-1.1996822151405508,1
1,1.0249673950094391,0.9919737030950657,1.7018954121344898,-0.7186441978495999,-1.3266131122964773,0
1,1.8221172742301228,0.6835984064419994,0.8024398202466396,-1.3213016361473675,-0.41636690773085505,0
0,-0.7011850521386387,0.8416207738394992,0.3818881964751942,2.159491039670511,0.855122527801678,0
0,0.4374103517175238,0.9403854636779286,-0.40258297070391974,0.31829347193789237,0.6264853758093719,0
0,-0.008568367438160075,-0.6232217728465104,-0.599320810825172,-0.19224027576583907,-0.6222314190083846,0
0,-1.096745531230328,-0.662447461204169,-0.800105086957647,2.127625966600811,-0.5358589411693214,0
0,0.06569947533656806,-0.2086638854532554,0.6175756580620021,-0.8686576848333946,2.0107763256300384,0
0,-1.0110879747533967,0.20426100891789126,1.560402799168632,0.6024084101916778,0.5947849795938235,0
0,0.4160172057933968,-0.10909092477400162,-0.35680784072305405,-1.2490613850883783,0.1727071811618407,0
1,1.4507714024496425,1.6997120391486327,-0.7223488099829608,0.7507584630260073,0.12150177463931174,1
1,2.7106505299040915,1.3704506314331806,-1.4835034051424818,-1.134495292617693,-0.28924704847003135,1
0,0.6427877066235642,-0.06877868486954007,0.24469166839351647,0.4704630560934891,2.0031379974812413,0
1,0.9635844962609054,2.8478472420619214,1.2292674810165194,1.9532357789016481,-0.1898468086053526,1
1,0.38755608169514977,1.0848780490428158,1.2793273227198214,0.09344959438660917,0.1492957458330545,0
0,-0.45306075407482427,0.9839681356947282,1.3784387402568954,-2.1925814643386885,-1.6488170564113322,0
0,-0.7327551616982226,0.8681178406085183,0.41540661299509846,0.03577148065465651,-0.6363658221882901,0
1,2.6954428521262566,1.7024561039507893,0.09018863732990444,0.4804520197799127,-0.5507177544412144,1
1,1.5938112044319093,0.24432089813028468,1.282252262014753,0.900983980792572,0.48629363759434185,0
1,2.1600512825099,1.4186344942177769,-1.1100612621525996,1.4735914934830547,-0.7752190810724175,1
1,1.4289814524696485,1.0911831455626717,-0.4408449265353551,1.524570642908565,0.0483120699312238,1
1,1.4921995070316127,1.4120544148642842,1.7108480803672799,-0.13093983802673698,-0.6063548676668619,0
0,-0.019576213505344973,-0.6377800754327293,-1.074605523091488,-0.6594385477689149,-1.1006413331195173,0
0,0.6639235911554678,0.45375476943003146,-0.03445813279777493,-1.1185105406460238,-1.1412927748267137,0
0,0.18697485340475917,0.5909910162666395,0.631330605707724,-0.5399497460119977,-0.17339713912903426,0
1,0.9655996939140011,2.102014581240165,0.08269855532482104,0.4765305156047582,0.1030630817531957,1
0,0.9735084828518503,-0.2293072298307204,1.1494175066197203,-1.3486478142291687,-0.19372505156611203,0
0,-0.17568929939178787,-0.6356550612280639,1.525678168841895,-0.9268602654284844,-0.8328629953797673,0
1,1.326687925674011,1.6110088498824708,0.4796643202791693,0.5622990880945653,-0.13775623640292733,1
0,-1.6977031813494208,1.0536445932892446,1.3900627257574272,-0.6464871219713128,-0.32271167628449177,0
1,1.9806397546968024,1.44163378076812,-0.928675464463819,0.36998623360719085,-1.0418673240555032,1
0,0.06060758379712998,0.27137825166726,-0.15753923471929213,-0.8143101958053717,0.08308425866854698,0
1,1.6599553939611413,1.2590459324708012,2.405191179927027,0.28779830310251087,1.810326929326511,0
1,1.3583051973335092,1.0979178764625421,1.9429304211713976,-0.7718769921897619,-0.14958306044964184,0
0,-0.34513070407966967,0.3949655631626992,-1.2769392173225684,-1.9019763921186892,-1.4610805904934971,0
1,1.378251743901742,1.3363599395966805,-0.012762408508797712,0.9559568716241071,1.4685447561662797,1
0,0.27789652267636766,0.242113746917598,0.1360746265233924,-0.6958944918246353,1.2571215083443352,0
0,0.3834706638200103,0.30450411436621655,0.41652570475073714,-0.24863020709866004,1.4325273793427549,0
1,1.461381046975241,1.6085101034833449,1.27404266170917,-0.6911420983083457,-0.04221735730022216,0
1,2.1693624965900553,1.734713191632644,1.8391590829377737,0.5444777702483956,-0.7835545051474441,1
0,-0.047384508610486605,-0.5118034396560549,0.03741617559507404,0.3331689114586238,-0.8930258115902485,0
0,-0.30253585087419327,-0.5484176138080988,1.1219857966304019,0.542093483002689,1.1412242428672572,0
1,1.7190493449444186,1.374427036035646,0.6481960831061858,-0.5495430355684529,1.6058789625926093,0
0,-0.8156318510963161,-0.011136792156748595,-0.02113077801126493,-0.04972834927295644,-0.920373095253947,0
0,0.13963098544754912,-0.31339369603177714,-1.6981581743647174,0.41703229673206904,-2.5201066255903126,1
0,-0.9253092633158229,0.14460017784880538,1.0184736200390496,1.5452039725323667,-0.01778597424506638,0
0,-0.6166361759902584,0.5449304585004238,0.6051937122186815,0.30653127173886574,-0.9042585613579642,0
1,0.3887851559700255,2.1125071244920917,0.3895892301133444,-1.0033496551933312,-0.7072662104979568,0
0,-0.10507017160290039,0.8473571235882936,-0.9812659050146119,0.26789390057952633,-0.23821907834603626,1
0,0.9657802213854563,-0.788880997834311,1.9591372732726449,-0.16499776602492386,0.40987355708770623,0
1,1.529754003351139,0.7022008557749447,0.15247188244886165,-1.9987339612135007,-0.7809636421164121,0
0,0.3861512276598763,-0.17378723606498775,-1.1413755754828778,-1.8451568100492446,0.13607653343838622,0
1,3.0113883383874334,1.4481719246044256,-1.3023203798044005,-0.06648961752297544,-0.12615417570075566,1
0,0.2424335088720575,-0.14305080231419331,0.6774724004639007,0.01779893276963813,-2.305348235266261,0
1,1.1408727732471866,1.0684164018904703,0.7072497397402788,-0.2947497402339099,0.5449751398365366,0
1,1.2234588383584977,1.2173490558815767,-0.46301015664664935,0.8841817862435671,-0.4510049170334223,1
1,1.6003949249338039,1.6899882934595016,0.46262516133029463,-0.9351457691710426,-1.2638625879111838,1
0,-0.3797367871565546,-0.7977734680752194,0.6676063425376766,-1.3861951227318925,-0.7259979682372405,0
0,-0.33485219988805914,1.4060143035522614,0.13992522099692056,-0.825692295722023,0.20296570272332307,0
1,2.191152345555694,1.4125961260305795,-0.7013411209443716,-0.6097760624662398,0.046233114934464956,1
0,0.6156937684633274,0.630508436537235,0.9613559491672948,-0.05815324485273307,0.6444325720234314,0
0,-0.9881354892291982,-0.34800293697870455,0.837631310491192,-0.7976401227997799,0.4365835835265622,0
0,-0.4909017107401318,0.34460975551486106,0.5676800400493592,-2.141726321770312,-1.171603439830843,0
1,1.3215973678519646,1.4600546436971453,-0.8337318767779751,-2.5693053802671324,-2.9543093443139172,1
1,1.9594533676991512,1.9140850363329758,-1.3310324935042994,0.12315915874903947,0.12090535888705166,1
0,0.6858453531033938,-0.11918815069425119,0.07652391040577229,-1.129021536721046,0.6309512079858545,0
1,3.22118076056433,2.3309381402538065,0.929571126614457,-2.005354661372025,-0.20244430857958182,1
0,-0.27940397776959686,-0.8952335084922264,1.0403728809618988,0.624941300679053,0.6606044738211581,0
0,-0.24943722860521733,0.569624298118814,0.5843818340999428,1.5451810351485515,-1.0016428179662054,0
0,0.35314200938262846,0.07123185331982886,-0.45045417811345445,-0.09445853876958991,-0.34601906272143385,0
0,-0.4093300313729155,-0.6109960190237661,-0.8042073999941806,0.26844013141836437,-0.9205766213284737,0
0,-0.08457711689431026,1.1712395220282659,-0.016866829996716345,0.27691589708350783,0.6972979194337795,0
1,1.3509771347298727,2.509218635940547,-0.007383991291692272,-2.3131501439964897,-0.9104007954599153,1
1,0.027007646857492684,0.1556775531059269,1.1072952931986813,0.888652607194921,2.0598492360906064,0
0,0.0739399380909274,0.10607063240749481,-0.47971439632112517,1.2398817684438883,-0.5019941188193032,0
0,-0.10941657558167417,0.42339753283844195,-0.3966492766243261,1.8367991795933583,0.7981807503908129,0
0,0.7627386301541397,0.265022884990689,2.0549911002727668,-0.43761981069553063,-0.4891456567134384,0
1,1.603294244521813,2.3093177649670595,1.5512222363868797,-1.1351205140823268,1.3376215029763425,0
1,0.8471515130114967,2.1845796245087685,-0.8827804411640898,1.358557520061708,1.2995091431147545,1
1,1.445140676212286,1.559112413790309,1.4687518989470283,0.4989103925272523,-0.32376597057182915,1
0,-1.2546497058819768,1.3662621674469817,-1.1218817465689122,0.8746637074596071,0.2746994056705363,0
0,-0.7265507011197855,0.5621079136245462,-0.4340587158095934,-0.6470763584311255,1.2739576452704167,0
0,0.38130358089179855,-0.21084869710675347,-0.3202434978198473,0.2715624167258087,0.3043298953751369,0
0,-0.14840426397219794,-0.33140855689701093,-0.07759162274797651,-1.0533999194178278,-0.9207256685495374,0
0,0.5535049436988394,0.7460049017841647,0.619756337197627,-0.005239820706521647,0.07006597817783827,0
0,-1.1801353505268286,-0.4757725359182651,0.10647331828592477,-0.3478876771237595,-0.7482225193912982,0
1,1.4545231616057483,1.1541570323249135,0.6147273543853687,2.34355394346269,0.15099479060798007,1
0,-0.2853074990326712,-0.14374313487290882,-0.40184086256024953,0.5486297102228435,-0.7874726593891846,0
0,0.5735091495679236,0.21339203596569037,0.3742226239402479,-2.1520063178577127,0.3728056360060451,0
1,2.0036576608999734,1.2839249822230507,0.07896683847823306,-0.001555425618620257,-1.7887918047142368,1
0,0.38535129005297875,-0.7901825378880831,-1.3883300744357658,0.3681709875598373,-1.1219806210308694,0
1,2.524846022850461,2.097247842794458,0.48301020869106676,-0.47396030210732526,-0.7932236503765379,1
0,-0.22085226557193974,-0.24263918927106906,0.09605536848628529,-1.1027591834342336,-0.16021408894553602,0
1,2.4010485011804317,2.611961161279695,-0.7139095811963408,0.660516076359069,-1.5120818624619263,1
0,-0.6265236905278416,0.1823940043559036,-0.4248421284294223,-0.9613874102561363,-0.8834564736073127,0
0,-0.6485266498594163,0.7603244906412955,-0.4003207447742374,0.5754437187770781,0.7781210276006282,0
1,2.0516479428990033,1.7785169085084755,-0.2449184744248296,-1.0458771277499732,0.897165049023008,1
0,-0.9028444430452809,0.7890337628739758,1.758958120632072,-0.5339013102523176,-2.533624757460836,0
0,0.34365937705137467,0.3422033977586592,2.090254438982392,0.9561500807241777,-0.5867456348700648,0
0,0.060787916232795655,0.14110130039508387,-2.7260386833447767,0.48917411431567326,1.2748361632275083,1
0,0.6431116371929236,0.65594045511391,0.4881743968238727,0.03142116029636186,0.38603855938924353,0
1,1.5643336210270664,2.891583268755231,0.95495136850919,-0.029903850160969185,0.40734882302483016,1
0,0.033629367777316274,-0.16187816316292516,-0.21607677801246578,0.09055317307974718,0.5641471371396609,0
0,0.30555899575494355,0.4769561926350084,0.9280900847818052,-0.7915417048611971,-0.9589304098020919,0
0,-0.39758973003586706,-0.0031469535060892158,1.6541676887127479,-1.5166972610948128,0.21403052485156993,0
1,1.1762762155058673,1.7036354122958206,-1.3718419901840846,0.5691729932328272,0.4717338230953773,1
0,0.2846576639060517,0.025295134545920334,0.1337618862249922,1.5301000439033854,0.10708006222251258,0
1,1.5824273145216177,0.10535426857375807,1.9567471771130562,0.6042329288603249,-0.393632938356689,0
1,1.355611649617432,1.2798879693570937,-1.2377653009982292,0.2541724155957768,-0.04808619822995098,1
0,-0.04967045981860052,0.5997330436851205,-0.11523234112154675,-1.2085240770798997,-1.1401446060593403,0
1,2.556735704702998,0.9408760260388577,-0.44839727609409435,0.8771742708931943,0.6141566649737153,1
0,-0.2658110440439355,0.5525678658429258,1.05189274007967,0.4813943874533876,-1.4353346521684356,0
0,-0.2832117679692093,0.11016549863420692,1.1912459471962915,0.7601465008328266,-0.816259246006389,0
1,0.575533465202503,1.2851056814874744,0.16232735814354976,1.0338910106512036,0.6817850268076677,0
1,1.5745882371057311,1.9434892311700205,0.03220929691018214,1.586006967043655,0.29025640153141713,1
0,0.3941301067442352,0.408618926138557,-1.7191478455213078,-1.1147218506459458,-0.48415025501384396,0
0,0.5017188694085208,0.2523282427188211,1.4230025211446031,-1.2889769338889,-1.7124623506344332,0
0,0.06493056097831955,0.6095401216682484,-0.35316631535689413,0.14815405057191233,-0.04613268655163162,0
0,0.57350014384853,0.1218589917531484,-0.14232505845635054,-0.922518168884214,-0.6301762440550163,0
0,0.43873824112814513,-0.9867996197934144,0.9715998026195624,-1.0957041804473793,0.4804172825866752,0
0,0.6677701378153575,-0.22687252387939164,0.19759967548228716,1.2200957510777495,-0.5166241571565156,0
0,0.590581593286537,-1.0826414536679194,1.0038419504114928,-1.00906259510908,-1.7506668650175705,0
0,0.9419869176643507,0.39441889572518035,0.603410135965475,-0.011067133201980106,-1.3837317935527347,0
1,1.4981841000602503,1.9377199035757804,0.20378706083573803,-1.6314257294979615,-0.4269945322367027,1
1,0.803765174583095,1.9650213452798249,0.3104427284702329,0.06303906250812634,0.10876688262584233,0
1,1.9982312462112521,1.6934568195378823,-1.1227727465764106,1.1828175562629524,-1.1638870319645171,1
0,0.46833191359366577,0.5807550776335793,-0.14898012949935724,1.2130932656456406,-0.7584851728673657,1
0,0.9419972360286837,-0.9459620029604765,1.0840470499303452,1.044992191386581,0.792473490155935,0
0,0.7687742137018235,-0.06454015307657256,-0.8986400523919903,-0.07837196893157541,1.109644448330965,0
0,1.1672834735187392,-0.848949593284929,-0.7152760786981217,1.111504518907733,0.27691476536847703,0
0,0.3719123881959198,-0.21499776768353346,-0.8796242873790703,0.43008124723464225,-0.28503693537754937,0
0,0.1372863551631769,0.9697510415596543,0.15338059690605266,-0.4389463000152934,-0.6214144082469291,0
1,0.7690101272045521,2.055942309412816,1.4025288527710644,0.3817015195278768,0.5392243197932854,0
0,0.18485792070844823,0.39737124388465306,0.547159994378064,0.8856735138556571,-0.31636867410995495,0
1,1.2684979858772094,1.2910278628396141,-2.176962579859716,-1.3277178911753982,0.9201274901939307,1
0,0.12690600805948254,-0.596156870667349,0.6486250001408866,-1.0604172016282292,0.9726841793137688,0
1,1.6327079117857937,1.5122166102706573,-0.4420900545866694,-0.14361258179779005,0.4100772097109833,1
0,0.283040153310081,0.666405499093384,0.509382352476045,-1.2217581248342775,-0.49762078242091046,0
0,-0.05839842572310637,0.24592289355554053,-0.14950017533501367,-1.2360294195615307,-0.42038490866815575,0
0,0.5610121144395508,-0.9514144735107372,-0.8604565562387354,-0.42058707172787446,-1.6437025235026723,0
1,-0.03389258772503467,1.462766538269501,-0.071471591642292,0.9919890295413409,-0.05265557013448479,0
0,0.11399614509470667,-1.1479969152398088,-0.44147010037488016,0.9731509811406687,-0.0836919139075094,0
0,0.7214938674915371,0.4825102998636045,0.3077149482220616,0.32108017395457106,-1.3775259583723793,1
0,1.1220291050737288,-0.41580464884002905,-0.8860050469788258,0.1802809896696239,2.3641540682162328,0
1,2.0391768030310375,0.6661271600882402,-1.1247698544713458,2.0874784284157815,0.5562468200767726,1
0,1.0109298135495233,0.490758397639322,0.7320818474768084,-0.5393509724646938,-0.8404456631967907,0
0,0.10136159745524542,0.3356267023103918,1.1088395013664296,0.24107413498309788,2.054191964221782,0
0,0.0017175455562378347,0.13943937744852652,0.5800577929164847,-0.5889879558737513,-0.49604904251501236,0
1,1.917649385936651,2.7150247682906308,-0.6487728346729158,-1.2874213363278968,0.8303390379842944,1
0,-0.0019165697346390385,0.3809999017535735,-0.7400699350164758,1.184881064793476,0.08763258948339821,0
0,-0.46941448081041637,-0.38697415795642026,-0.6824892331777428,-0.3052054327824676,-0.4617585479955678,0
1,1.2908558535208605,1.7115223204909649,0.8903949297504297,0.6948219697199349,-0.3369415565829776,0
0,-0.6672917436456943,-0.17164640603786574,-0.8250488581415144,-0.24612898982219297,1.4366517050281287,0
0,0.31702625691914676,0.7600552931382012,0.8840405096294298,1.246637164531694,0.876230070919082,0
0,0.006835087500286358,0.16858632409825688,0.6369031574574684,-0.9972366680214746,-0.12240487993824974,0
0,-0.21617167005485852,0.22795397208026913,1.2377269815337515,1.1639127128378917,-2.0503240307910784,0
0,-0.3400102541023741,-0.8654210461171764,1.0631530789880839,0.894205369657445,0.304427891219649,0
0,0.3030338077197759,0.036810971701771326,0.5426555822812499,-1.79463751485493,-1.2464749429003774,0
1,2.068268908366042,1.3662404874408445,-1.468681183366785,-0.516857925706897,0.5385929671885018,1
1,0.9216916020968905,0.7854719268736693,0.6101283758569072,1.0208286424105755,-0.7140539270802799,1
0,-0.7726108018653706,-0.13290089183330694,0.11547339203235835,1.6373276245206254,-0.6094280587914853,0
0,0.572705973372609,0.26145146615044695,-0.37325373877359536,0.7154963186399974,-0.638084578188293,0
0,-0.8250799430931574,-0.0026097596064079197,1.3622242477345088,-0.39655808805843296,1.020514903327627,0
1,1.9284921002934907,0.5527401850495798,-0.15133566950972718,-0.9683394466011713,-1.7662676133055253,1
0,0.9701455192524079,-0.16393009991816596,-0.5294489169497415,0.5666544792980043,0.7377618973545221,0
0,0.9715408820358806,-0.28081487342392447,1.1240561679269667,-0.42602104144152503,0.3423007734575031,0
0,0.442723554379255,0.1161081138187097,-0.4050926902778047,-0.38356115658808043,-0.07263538347889274,0
0,0.4252857091932724,0.05131953713665342,-0.5794932206226927,-0.2241569524846145,-0.4480484272971961,0
0,1.351144470117873,-0.24696783726710814,-1.127154102233821,0.8817571203633842,0.48648200627411653,1
1,0.1993626022637376,1.129601933945989,-0.8201760214123419,1.80644507709121,-0.44002178490628396,1
0,-0.27860140564838104,0.04033355279069987,-0.7343893405826645,1.0268793331768156,-0.4490710116756548,0
1,2.1090951094459607,1.9777860529919375,0.621047522315453,0.009551426053599474,0.06375358633857046,1
0,-0.20237220470517422,0.1671843136249115,-1.0190723053519766,-0.8991941087758154,1.7197555604679409,0
1,2.3438669851642207,2.2538415951744284,-1.8578388759018272,0.6676106136324863,-1.512871438356493,1
1,1.5763875638138845,2.0799145873051343,0.3032298005614879,1.6654428485460302,0.5007041864563103,1
1,1.6790463162025586,2.298009497725491,-0.6339512921642927,1.0035383197894865,-0.1430424763893465,1
0,-0.1648047985475626,0.8211765910818335,-0.016266917876229598,0.20773105255013607,-0.22059580428453068,0
0,-0.31350657528483644,0.9377697100444335,1.2824159757662317,-0.48901358558357566,-1.526971304351278,0
0,-0.32826597788859113,-0.6918856862827404,0.07154474615866481,0.3451722938679508,-1.7557838865717672,0
0,0.16269977810206576,0.388455766746281,1.5096211154228414,1.154576598907667,0.3399319493655519,0
0,-0.4647389794937201,0.7309923317183379,-0.06814687103200706,0.2323089057207486,-1.2693422481789796,0
1,2.1719229300947727,2.239416393113971,1.0069564813565097,-0.10343277594819718,1.0163707426796165,1
1,1.9919355547616941,0.9375687121916283,-0.5474272320871467,-0.6872446400353684,-1.0158587943399173,1
0,0.6596498645819042,0.39442831495886277,0.10769065038556988,2.58942660660388,0.5509769363917285,0
0,-0.6773546135957992,0.04512183897025145,-0.9329680026204564,-0.8909313823742216,-0.5760526921356538,0
1,0.5803140719281339,2.508236139804567,-0.8141991072513939,-0.9833573722607913,-0.6240006973690388,1
1,1.5974885466209419,0.5676250253633296,-0.2246664296224891,0.16409743180842784,-0.9138549414942344,1
0,1.7392803681357125,-0.46157374885371927,-1.328534054563621,-0.20192764367482416,0.43681652053473885,1
0,0.7597252668567424,-1.086380294977407,0.1593599717388659,1.023295960449515,0.7155718822292864,0
1,1.2673322148959723,1.4867697722198492,-0.3027599821945474,1.057112112211438,-0.31553225703399607,1
0,0.2547072806588046,1.3583041615617908,0.23457993111694753,-1.2142962697100588,0.591206016745274,0
0,0.43655214446621016,-0.026604971119975278,-1.313190984525511,-0.7555640600102442,0.012608296559872764,0
1,0.7789670555602833,1.4606199935145523,0.7017323106510913,-0.8754117793489951,-1.3342281152437416,0
1,2.421775521420763,1.7301432623739228,1.6976136654713927,0.7845273453834963,0.3785331513404096,1
1,1.4995455239074356,1.3302257089956253,1.486533099255932,0.4283396798250418,-0.3005371996563508,0
1,1.5455914932352839,1.6196156114864482,1.9039065295348916,-0.37149219550487383,-2.6142961038060513,1
0,0.014270795660313383,0.23532700159668837,0.042430994583139106,0.2163994324924687,-0.39077217901472655,0
0,0.6867240835847369,-0.5073339912561161,-0.35232785333659916,-1.126261289745028,-1.6935002992834491,0
0,-0.4531092949208448,-0.056428026929801006,0.48758353987003694,-0.7425527800739156,-1.2315397523959917,0
0,-1.0241820028706714,0.44515975589414775,-0.23821976916259646,-1.3000204652691967,-0.24895164208811799,0
0,0.1937731757400267,0.5571456699378572,-1.740437149108308,0.1454896468335524,-0.07521884684268017,1
0,-1.2261948517038772,0.779100993716565,0.8192995137226473,0.14169434259591693,-0.8350535421429848,0
0,-0.18066215708132405,0.20126164006967642,-0.23440187957564493,-0.9843674997339046,0.5273004190553701,0
1,2.312124573915291,1.6134714267466643,-1.4673527757448503,0.4212091157900746,-0.11452171550637848,1
0,0.34745634210524295,0.45011091912877493,-0.5082822652555984,1.0571152989513986,-0.4239789834161352,0
0,0.6254136394351656,-0.3568621281427848,-0.2116601525003606,-1.0304834374574448,0.043404592945497866,0
0,0.37221081912169734,-0.3814674311934973,0.011832518237234323,-0.3263207329973682,1.2050588930695032,0
0,1.4462006932700449,-0.07487871459263917,0.023844997277525003,0.5136211758744642,-2.1503171561198813,1
1,1.247056223405911,0.6349893802675378,1.3690197450945223,-0.006368483387044048,1.2995240066076386,0
0,0.23887900620499397,0.24414046301994544,-1.288540489132401,-1.372037579743053,-0.6166424909816826,0
0,-0.2628722827275902,0.6294492217009583,-0.15214417290010884,-0.4407886913295328,-0.7789209115582842,0
1,2.1740807619489226,0.9739738130969874,-0.8789638425770689,-0.4739794006167828,-0.40217507741681596,1
0,-0.036944925630297575,0.2610895139311626,1.2561682512433545,-0.1704176306859405,-0.8867038142008192,0
0,1.031306927666427,-0.37747863056519604,-0.5614541064056265,-0.12783454590569707,-1.040375012425246,0
0,-0.3184895732411859,-0.6099453011969557,-0.3438298375143953,1.5660066938395303,0.8468256449282499,0
0,0.8442759154301905,1.2333366262557999,1.0496953653613783,-0.2085044166809299,0.1596854218888036,0
1,1.9558837183263826,0.7986601183896546,1.3247748224438713,-1.7180823402675425,-1.9176913630662693,0
0,-0.01947664145218835,-0.767591590852707,1.4726235378804478,0.09113117672621725,0.6741101204147074,0
0,0.3254654027159546,0.12882923823318768,-1.643113095658402,1.747751084585307,0.5284425250843489,1
0,0.15675863251751534,0.1611128870764597,0.48291410268804397,-0.16711580335032947,-1.4845880893746706,0
0,0.213572808151086,0.4003392847139644,0.2701169446716946,-0.438086974054609,0.18025865808805422,0
0,-0.12412264385663453,1.2007368321059442,-0.05122614554671452,-0.30512390288126845,0.6204590634583932,0
1,1.1790468954670053,0.9337221108832218,0.06656811109902226,0.5841449036482398,-1.6042960897850629,1
0,-0.20104267197751835,-0.34706210278434024,1.2857739389583676,-0.3093752810067598,0.28528560635502276,0
0,-1.0098869867689335,0.9652832983841142,1.0385892270446166,-1.5156097251925758,-0.6750968753724186,0
0,0.5051689995195753,0.5634742593034706,0.8969132266560021,-0.6717769384341885,0.5421914330469536,0
0,-0.7410983833052878,0.4800488026570393,0.20691419848245782,-0.0646910748645311,-0.9336479454453841,0
0,-0.1305882331414198,-0.3539212173043914,2.270590778416392,0.5356245784086985,1.042243282723168,0
1,1.98882702488862,2.0755329322473512,-0.4006228439879767,-0.5826946099206024,-0.24353486085748124,1
1,2.1036380302599467,1.8819096921086214,-1.6159614169244219,-0.29621392384607675,-0.6148936886997565,1
0,-1.0647911621023431,0.11372236087161935,-0.2652440148535979,0.044925647839215134,-0.7225203487828771,0
0,-0.055108845135046665,-0.35095668614009534,0.057737744855668134,-0.7774232922997129,0.8740188592458978,0
1,1.8758468196692935,1.464017332633067,1.3031840977178557,-0.09174674437593262,-0.7231634754901566,1
0,0.03120966555739605,0.989092133089963,-0.5109780635161362,0.4672117833089807,1.0604458742309129,0
0,0.8064449746041268,-0.6563806515622083,0.49123007402907376,-1.1864965399344285,0.2134195047903268,0
0,-0.4930841399487614,-0.479879440838082,-1.4772442743790724,0.3064555709818186,-1.3856107801248652,0
1,0.37057532188588205,1.0233185389576007,1.081417902930697,-1.0903071397086832,0.025979170659591728,0
1,2.0861956100611128,1.153507306394153,0.0683194144559118,-1.0702908751696045,0.046859589039140635,1
0,-0.32225167177109254,-0.009442011912616212,-0.2805560715075346,-0.6627959824791435,-1.4181554218552281,0
1,0.5448756414484013,1.9751426169211435,2.1316524240899595,1.3654183407376688,0.00828223534982275,0
0,-0.09510743433988429,0.27684846865047763,1.069907079610106,-1.7151792937848362,0.5421799550458856,0
0,0.7383347855590208,0.036504630302057264,-1.039841878542856,-0.46394802138052277,1.1281527820407298,0
0,-0.7579515706876189,0.16619608504820724,-0.10939177465602481,-0.026450629914230542,1.0843355489637236,0
0,1.4015975723683605,0.3743945762179076,2.7363195400043185,1.1671773015444824,2.38903300905819,0
0,-0.5027289567219971,-1.0090235677377568,1.9788167865412298,1.9479420578929818,0.0005845019733995949,0
0,0.052206512475449926,0.6429505150527605,0.922963130284197,-0.4220250535832728,0.5538016112495324,0
0,-0.731479450708565,-0.49584776573184136,-1.847048136953879,0.5393597372271918,-0.6062348728257188,0
1,1.6249662092176087,1.1338937772935072,1.3321502719800584,-0.09455103044353139,1.884229566500531,0
0,-0.08024869305520617,0.20426119302215187,-0.6351851627682736,-0.10097141090448586,-0.8909353071551921,0
0,-0.8936963413986523,-0.04524349680235043,1.3235179341800154,0.2732695421524577,1.8392362943081486,0
0,1.6954961813705458,0.2921582646560037,-0.7226684855549192,-1.585464357237008,1.7109374291048283,0
0,-0.2972023014112168,0.08509675107384335,0.48882954622970026,-0.0478838146975563,-0.7848925254458115,0
1,1.3033224656163829,1.226400627763027,-0.640282626417657,0.45075838927422035,1.0363270834878313,1
1,2.181421527612193,2.317254901625769,-0.3632803085494515,-0.8597655428426207,0.45673050650549674,1
1,2.6885529300090814,1.824839319206081,0.622196636107955,0.4574081237553314,-0.4119847481004297,1
0,0.6758621208025817,0.1812703950813717,-1.3188984233378522,-1.7284548851035104,-0.13580895822807929,0
0,-0.7207080738159518,0.4155119045156199,2.372418034079571,0.09356652659816053,0.26547756288017127,0
0,0.12834540569679764,-0.4231976956244974,-1.02722146721204,1.342178934916486,0.360639465204059,0
0,-1.1288234894309968,1.3048630450900105,-1.0831502260557206,-0.21859009544983754,1.4941918750925862,0
0,0.5410230487934139,-0.652582320649883,0.625133767928624,-0.978176803424628,0.5712255874811162,0
0,-0.9811128831182772,0.06790119497604091,1.2919411366225704,-1.425137650988379,-0.7698689468885315,0
0,-0.4819207941655422,-0.17185576717064416,-0.3237027665822476,0.390524394505417,0.7436194959657598,0
0,-0.0019209024187864057,-0.19464862525622897,-1.0714692174211027,0.9280164099142275,-1.7476575553174598,0
0,0.2670039366846073,-0.27255405378885567,-0.9223789086877785,-0.05609441204055674,-0.386585858937164,0
1,1.4434392259628086,0.9369739994008991,-1.0300195709989879,-0.46369085550502415,-0.2903164858181488,1
1,2.5114502060397292,2.1130053228848715,0.30817963019867817,-1.9309075208054114,0.6583151817571083,1
0,0.4339437493153676,-0.7228216767497304,-0.06998612008318117,0.12402936175168316,1.7708040088537231,0
1,1.9868348524385253,1.9901383392102918,0.42583260890531655,-0.6892667368924812,0.21769387330495357,1
0,-0.7376405411907981,0.3891226408325893,0.3648694276074187,-0.6317669102577659,-0.3613661725736211,0
1,2.6196207385272414,1.1714653209923922,0.8243122883270015,1.6164159367018842,-0.6982803419037195,1
1,1.1181609134328931,1.7195643702763117,-0.40994401986941587,-1.801608689379469,0.8350412700299026,0
0,1.0425254597922564,-0.09473941061794483,-0.7382047388744234,-1.6677576623589092,-0.19483631548707842,0
1,2.813317034155343,0.7393961968943888,0.15629406836755708,0.23132572889787426,-0.5032028313628004,1
1,1.9075939194182652,0.7457398071974561,-0.054990009399879664,-0.38531099728614243,0.9512872117960487,1
1,2.2192078586076525,1.7932649098818145,0.25295201435955705,-0.5188006703554023,1.1692756209527786,1
1,-0.24975185783412113,1.7621421942110136,-0.7117129410262295,0.2726512489445426,-0.9593583838823612,1
0,-0.11700144929422643,0.14520684859153174,0.6422172894524637,0.2559090488514526,-1.496583897837589,0
0,0.6612993839517237,-0.234909923604304,-1.1783732788607815,-0.9736373121422331,-0.09778289982860544,0
1,2.154706160988451,1.285741079821387,-0.4403846593952664,-0.59169835366762,-1.1402377769384697,1
0,-0.7318340028599265,-0.19533189429841585,1.1290413332663478,0.049557816156555225,-1.2770566427015737,0
0,-0.17623322392072424,-1.0481664811061204,-1.1313149590228213,0.16707569251622167,-1.040656509891774,0
0,-1.521819303120688,0.03675195015376759,1.0502430456593095,0.48325368814475356,1.0465295015318663,0
0,0.24779570410365206,0.3134729167257006,-1.4090993731116148,-0.5831639163282977,0.6503849701239879,0
0,-1.1299970407360942,0.040565279266923424,-1.5852258742991647,0.34704920242433684,2.4574787225042525,0
1,2.278286705672543,2.461489503211521,-1.4938622600260905,0.9503477404275608,-0.6419620286344709,1
0,0.7096349164304454,-0.6027372868979881,0.11680616724553612,0.046859270743957675,1.3298356697572093,0
1,1.3153799113561009,1.0033377698637678,0.7295957504429278,-0.10282845434869216,0.49355636877437903,0
1,1.9127655582724532,1.479811397410202,1.2925941038890745,-0.23554334562797236,-0.5563874353511516,1
0,-0.1302592344363051,0.14626008611545896,1.2128707571367854,-0.6173873962326077,-0.14667520127229958,0
0,0.14514503700891968,-1.1407251750157634,0.8626985849222595,-0.9379792314168262,-0.5611382600429787,0
0,-0.6883556539458899,0.3616187999253616,-0.8317834518578197,-0.2981383209397598,0.2587235394133808,0
1,1.9734955739439457,1.548990103733359,-0.840503533959904,0.45079892209873157,0.9867015750832545,1
1,0.6152888618653504,0.12836423370014516,0.7877923215195362,-0.889154715860938,-0.36857136251460487,0
0,-1.097958097397629,-0.07002556133095308,1.4213084399744023,-0.07540049726082032,0.8483843250990185,0
0,-0.07315699000019511,-0.4851249131632006,-1.031140879910333,-0.19143661256009895,1.271230414091041,0
0,-0.1267459677667677,-0.27199395858827413,1.2939993393891067,1.7778058111147945,1.4939169281183504,0
0,0.16338103833105025,-0.8028604708067176,-1.9203374682892587,0.7227780524617469,-1.1729447251678038,0
1,1.2102955058582028,1.6497132072041434,0.3899250939353232,0.7065642983388586,-0.049151303455798184,1
1,2.7314149994713537,2.4570658283421354,-0.1038072677758833,0.9200448228429111,0.709432811354166,1
0,0.09636299362766519,0.15901414450216955,-0.20418974483697613,-0.5456943336936861,-1.0867349142522245,0
1,1.7397290671097354,0.104369538941812,0.03127113069969376,1.3767587038676945,-1.3095762328900311,1
0,0.11834032644422737,0.17135762239967925,-0.853730187241431,0.15917202644307984,-0.026410875227224028,0
1,2.201745921368847,1.2832167246805788,0.4460781015553971,-0.04466526604695687,-0.4129642825100064,1
0,0.3456104486906786,-0.6606075208524619,0.06066848079275198,-1.2147294326374038,-0.1723443898683133,0
0,0.26521073982496757,0.21217429883461633,0.9353114823366397,-0.40161380856891304,-0.47134760386859115,0
1,2.0415904629193546,1.9278588368764134,1.5903903966621258,-1.7659388936015947,2.1598910312656763,0
0,-1.0947687822283148,-0.40109608913588257,0.12691691270813155,-0.24818406973979076,-0.4616478531048965,0
1,0.5278914096485336,0.41376031351286535,-0.8187183660384588,-0.5763008248085482,0.585629351721531,0
1,1.5543647528191338,0.1929966562742782,-1.1378991273207208,-0.3983513446261958,0.5185963662494166,1
0,-0.11860432960914127,-0.39941105615119327,1.6982518181598225,-1.385955619240936,-1.6888149489153543,0
0,0.34788590642892486,-0.09330208155588575,1.5703729906345216,0.7036034903528453,1.4661191988722266,0
1,1.6120101413101033,1.0903966618175125,0.8873716104831438,0.592532632681084,0.6257984329000911,1
0,0.34911896067252635,-0.40996925559742914,0.059853902126576895,1.6897790792438219,0.15695162460997747,0
0,-0.7473571617367715,0.340739716276893,0.8151655602984684,1.6614678366691877,1.0574332694206208,0
0,-0.006446742245216837,0.27769562768755457,1.3044653810596527,0.15620569456403222,-0.04778202756213067,0
1,0.7953659572253295,1.519756041656115,-0.6179569771194752,1.023402767025942,0.8819313004414179,1
0,0.2321147606228405,0.48989267060646363,0.029795302245296897,0.2613058276417852,-1.8762234232815642,0
0,-1.1269710254179923,-0.393784411677191,-1.1062355369241117,-0.4273530067346021,0.8175264472793832,0
1,1.808986059124528,0.7432644589648592,-0.12906162562737494,-0.2781199784979977,0.1836341362268336,1
0,-0.8813996285382674,-0.31340020453642303,1.5442735465024513,0.6389205338864677,0.19926612941294725,0
1,1.3698833240669228,1.0452183369909374,1.0785477884244095,4.087923070821299,-0.8422858414127353,1
0,0.5369566148695494,-1.2307736736282158,0.1350068014099521,1.1668738348254042,-0.21882878146897927,0
1,1.7364279931590505,1.0726588162718174,-2.6932331166613066,0.24640731449164488,-0.24812065799426075,1
1,0.6126038657654196,2.0629103331093352,-0.6557926354372655,0.4837915583895675,-1.1391237086146513,1
0,-0.40343630681641446,0.4805120583707174,0.1024059648661051,0.47486844266209993,0.35830122453495056,0
1,0.6991728847139189,1.715110314173648,-0.21591341968182035,-0.09028908183258547,1.5731779905986243,0
0,-1.016855099763116,0.0789708259421875,0.03277258128831034,0.7564700217383904,-1.4212884746995178,0
0,0.07059790568038457,0.8693391156852187,0.24258992124307144,-0.15546343262097842,0.4902448812132715,0
0,0.33617900613606194,-0.6361007369207766,-0.5336807590929972,-1.0115116958690493,-0.4204381684523606,0
1,1.8643635524294138,0.82110372682228,-0.007530949811199182,0.4816617558317295,-0.5359112350084094,1
0,0.36157608892785054,0.6745771642131198,-0.1494433871668439,0.6153371413761288,0.07476371549331828,0
0,-0.007146510531491074,0.01656293810322519,-0.7032026676512164,-0.145805254771309,0.08992018050202447,0
0,-0.16403413124998065,-0.40270698422650714,1.8463376620200072,0.30985801883708297,0.1846786492721898,0
0,-0.6438415962373886,0.33115477605388205,-0.4764585559310958,0.960889685306482,-1.1308657112716012,0
0,-0.26404780305029935,-0.263080177012791,-2.254209212711689,-0.05181008048743888,1.0899238733160996,0
0,-0.7928090311957022,-0.5025152972836409,1.783265860085987,-0.447004057474871,0.08113792747624546,0
0,-0.5070993162761516,-0.5192110877202541,-0.8462759845074391,-0.7093161035626799,0.5938257757495957,0
0,0.053356122262825115,0.1929296166156097,0.8999083491440373,-0.25378546587342266,1.2145984713662377,0
0,-0.07068365252455337,0.12348929797839749,-0.6808864290071561,1.534891904244907,-1.9211206520357513,1
0,1.8388368227368654,0.9100480599935705,0.5692781355928354,-0.19835921067804438,0.6304591863301631,0
1,0.7925226414969956,1.2259464520390981,-0.048147359995203996,0.35945008955460284,-0.16418251701860376,1
0,-0.07505923249906923,-0.18428966927874743,1.0003308373136788,-0.32447837374768584,1.018875490087842,0
0,-0.8542392667222345,0.8637801183161496,-0.21370423830464388,-0.4102309858272735,-0.8013335793298854,0
0,-0.23267152558197052,0.5913880759665544,-0.6553199075716878,-0.8793021850031161,0.9353462632078448,0
0,-0.20825590926911072,0.08693898225764349,0.25701985189621446,0.10027392890704176,-1.0550056821312364,0
0,0.5069280157398829,-0.9366076335487862,-0.3824917314670229,-0.5170863335693948,0.4022133769779727,0
1,1.3302000764692474,0.9128871306300604,-1.929172853398837,1.2736645775398245,0.2842578063080259,1
0,-0.11479176003369534,-0.6324568784326418,-0.601500729643516,-0.1075022439989897,-0.15542250411245728,0
0,-0.2581907774833317,0.021871066139621507,2.8687689760254442,-0.04453070752733741,-1.0320853505763692,0
0,-0.8406310464343254,-0.3050046687249265,-1.8213728925404575,-0.18018156327033408,-0.36869812222346615,0
0,-0.3912614230758645,0.9617429357053798,0.24104982302093222,0.3710641439095226,0.9228663638807594,0
0,-0.22916202905029062,-0.9428623282644052,-0.24289602826657458,1.4909097638719988,1.487773667675133,0
0,0.04429553004383074,-0.6968038301476277,1.8364198951812396,-1.0397760669513307,1.9541600802691454,0
0,0.3353683723348951,0.14677727092791104,-1.1110383142256373,0.2778097404655912,0.5267953035287593,0
0,-0.1407579058266175,0.31286162985850186,0.10130343628021547,-1.5687803216711804,0.25142634190911156,0
1,1.448694241611192,-0.15228173853750504,0.6861976838601302,1.2232082433674987,0.44892374147327085,0
1,0.5675121049077683,0.35875390450085387,-0.17929466964480004,-0.10813768092655154,1.9285188505457123,0
0,0.3238407103538107,-0.15816221588436855,-0.7675530544296392,-1.494912666460992,0.5206220718169043,0
0,-0.4175387322900244,0.8136261788909805,-0.022196166913670337,-1.2757731393148912,0.08720356347046584,0
1,2.0482739429378656,2.532656531130182,-0.30949624386233104,0.8138900570924817,-0.2753041884553861,1
0,0.7898639687125174,-0.24869849409781555,-0.3123025006102262,-1.664631946527205,-0.15979085447554506,0
1,1.487250983984197,1.2976118135477501,0.9307123465545034,0.27828867384120826,0.38639909008385837,1
0,-0.6139867684595353,-0.5021194543707856,0.40294958327295505,-0.4285464890314375,-0.7514383488679753,0
1,1.5899808321482212,1.7799238399316732,0.5517668773143004,-0.19475846606289407,-0.6264384526912022,1
1,1.809221198811183,2.3171177506963585,0.33029618283292206,-0.6738460173635946,-0.06382102270651198,1
0,-0.18931200074803253,0.7536124424280297,0.9598803995820612,-0.9528499471404925,-0.45191514082221945,0
0,-0.33842304562759434,-0.017400367593249866,1.3042597005739716,-0.487436633439159,0.5964874307741137,0
0,0.33811932641844816,-0.5031190230811347,-0.2867132351963696,0.5719701683391512,0.673924522572256,0
0,0.29854696481651705,0.004918202585892456,0.8194689058741319,-0.29258364903458406,0.26251411939544955,0
0,-0.2077737841962946,0.8284720226601464,-1.2961882955734396,0.4212327050194073,0.4898937344850292,0
1,0.6075603008435863,1.1596897409920288,-2.2530559676347095,-0.24223983533155816,0.11759336391164704,1
0,0.27382691122767144,-1.0892574176086518,1.8264050339453897,0.6112446806084272,-3.792257787295772,0
0,-0.4603963160648259,-0.21600555199048072,-0.33335844023348676,0.4149422486126251,-0.8758663623025006,0
1,1.7286046452221855,1.2325845479069963,0.25247283996301917,-0.5407208492693202,0.7073447043910366,0
0,0.09069433900742216,-1.0927788967616985,-1.2252157958963403,-0.9536776497173628,-0.8388169067106706,0
0,-1.133368456225599,0.1392223991989914,-1.2713437135980854,0.9556526349607005,0.8554160183214581,0
1,1.648649010646944,1.7036027979532387,-0.7129438915654098,-0.8133885392814707,0.9116286898449358,1
0,0.3087195152246733,1.115935568890986,0.6428977298217547,0.5007849747974745,-0.265493155583386,0
0,0.3822914491862921,-0.7994261741058675,-0.5165428006124736,0.031092859655171515,-0.5905438583416558,0
0,0.07041945065778761,0.4383128587732583,-0.3357904499013774,-0.46306260441303543,0.00959110118310793,0
1,0.41368837363024613,1.980101690705526,-0.7445110787335175,0.4294671602930056,-0.04401143463506599,1
0,0.7662486373119823,0.31177255856118585,1.1657880893103332,1.3678781385787355,0.6270032270826258,0
0,0.24661360052554826,-0.6040809797064747,0.8685300090840632,0.6255119011675628,-2.3411106276566063,0
0,-0.7219915976222864,-0.638956008445507,-0.48414824776194576,0.1292896876761788,-0.73406940467239,0
0,-0.47265782409496404,0.05831805137028893,0.6841162653903671,1.6214806481279949,-1.012396475168462,0
1,1.7387345255767124,1.454106595907775,-0.24523700207901708,-1.6742672624739405,-2.5183025628139823,1
0,0.4078705159789534,-0.3356602947772238,-0.3375492453760595,-1.1122058211075025,-0.4948134171043598,0
1,1.3072222861913791,2.1749822081199532,-0.049710774698647646,-0.4644503169525389,-1.4995977336724373,1
0,0.4953152444274449,-0.24045094949523627,0.6432339648753832,1.4193233692404956,-0.38748494492166163,0
0,-1.0756600974601065,-1.136220446471422,-0.8921995148939958,0.9428377450664708,-0.4879599076294382,0
1,0.9745245933437278,1.2655660912970976,0.5023946175506584,-1.7162861547151014,0.45337981435459734,0
0,-1.2386184059052494,0.2881640089474235,2.4978209731335568,-0.4363751160407147,-0.2501660469784132,0
0,-0.5384430857218159,0.20517669123662752,0.1831211803552067,-1.3238266045224343,-1.6914634054827973,0
1,2.5048463107264567,1.6005335522839677,0.03571809194315265,-0.04045068094855427,0.34653852927619927,1
0,1.2346813407512414,0.8963934086140065,-0.0841676705938479,0.9018323710362687,2.4198895328203127,0
0,0.14075428093826559,-0.6688743430212746,0.47821166166892426,0.975653798152263,1.0750796922445343,0
1,1.2169424756388674,1.1457749909895951,-1.6104038649061634,0.2680088522903542,0.6792359480928275,1
0,-0.13298394051056606,0.9270324228062417,1.7010843062181855,-0.4250203387637601,-0.1954549096707789,0
0,0.2840039344998133,-1.1804099321785704,0.981186954304018,-0.09539967040592622,-0.4909069364096871,0
0,-0.9377885109834494,-0.032216668321661625,-0.6445158714970135,0.6832800011017057,-0.5602840330396249,0
0,-0.3434995055887229,0.7373526691422204,0.03154723012069842,2.347303445208726,0.24064216855097023,0
0,0.8609358446701494,0.7284097505604357,-0.5573481998317705,-1.1850995149757078,-1.1359342631688791,1
1,0.9725739584029826,1.7960698237078117,0.2992350238920126,1.5888493171495994,0.22034862930586785,1
0,-0.44941493955692574,0.4112635810570163,0.06135086348836161,0.24405614230076836,-0.6636340546540469,0
1,1.6079161935888644,0.7753861261669187,0.22863355598492077,0.8202532507980613,-1.714470710140695,1
0,0.1698853557028255,0.8239062503575111,-1.028321550521706,0.18516595543401393,-0.6777426558311458,1
0,-0.37500242771968334,-0.7200370267714764,-0.48154350600559304,1.4041936936416293,1.2511974212064825,0
0,0.046178629951173264,-0.684247811624025,1.1460579129001776,0.32968143415507173,0.1383781190560936,0
1,1.9647637202436639,1.6327244786982473,-0.533791358997568,-0.648761747644108,-3.552506528433827,1
0,1.1768710942581884,-0.29580869743031973,-2.643494534849144,0.4501141156399172,-0.6736279102650732,1
0,-0.07574662766086854,0.12401801942385526,-0.1506303851819964,1.1267750377257553,0.9032602765939959,0
1,1.5752216107956625,1.658460247568136,2.4114911104618986,0.00021412174900774426,-0.2983666985431573,0
0,0.9164714075877063,1.066865843625329,0.8488776627816141,-2.074080750615848,0.5237934910347524,0
0,-0.32949951497885716,0.2602347513398456,-0.5841458059437893,-0.11493380375363482,-0.39529373191094663,0
1,0.8053881803426916,1.0288794175049247,-0.050601777104585396,0.09805030601592607,0.18394064707702565,1
0,0.15014938539537745,0.40589277491168113,0.6798593699929649,-0.044928061197346825,0.0352955732476935,0
0,0.6457050150527489,-0.4990525200492673,-1.7562517779101392,-0.4954777553786544,-0.6458874061489911,0
0,0.21662828111981128,0.5478933146256246,-0.8560589949306505,1.3230168640908428,0.5714809332312167,0
0,-0.05820939452834746,0.038776751741553143,0.3983468753297458,-2.3729677882573736,1.531539100095502,0
0,-0.8690360238809033,0.24032628969416897,1.5944865738108958,0.09397730642741754,0.3846440063150907,0
1,1.5649784528389763,0.33160761373119185,-0.43932318167408735,0.1079817237974044,0.10396072352657167,0
0,0.739892955789802,-1.3504473571088924,1.567017372597567,2.0948532489534495,-0.8431753926797978,0
1,0.8595297510764672,0.4991454605519404,-0.7543235953336023,-0.014435478347116941,0.9382119471215178,0
1,1.4531516957180373,2.4474625134190804,-3.385512661750694,0.44562890370047303,-0.5110531769860553,1
0,-0.23249083929501646,-0.6888928937082544,0.7438108402499215,0.125012513442097,0.5606869891350831,0
1,1.181377257617353,1.8393858811933588,0.5403989430107602,0.0944282238661503,0.7616982609352216,0
1,1.7487538027114036,1.0148553206535769,0.7361842834679144,1.7629589668216805,0.9875080920586422,1
1,1.8659831447536046,1.2559819404684558,0.6971048720733348,-1.1116535385492778,1.006126879336253,0
0,0.2596961428760621,-0.026832153041555704,0.19175005442809046,-0.6672047949160059,0.969958833425059,0
0,-0.586085858169075,0.9862670566868975,-0.25881518316327934,0.7541715006379996,-1.2562231240103165,0
0,-0.9875902166002096,0.35070331847485475,-0.2206883773302258,0.25684036641628366,-0.8590776538136711,0
0,0.15743306191843712,0.23101988419221067,-0.46040140167095833,-0.2832287419615139,-1.3724746283054787,0
0,-0.30355142488959114,0.7780190592667178,-0.40039076360695225,-0.07055772861117676,-1.4398203048996314,0
0,1.1029874278120715,-0.37991811825694916,-1.8110347572590906,0.9139246288999384,1.5253102086501678,0
0,1.1307058176089677,0.64100578617086,-1.2143079469326943,0.4850896907932219,-0.9859289560700997,1
1,2.7944138766376243,1.9407815570952387,-0.16342129812592304,-0.7129627979330692,-1.1265293864843162,1
0,-0.5640665406208278,0.5339396179461195,-2.240866980677666,0.23777634632686173,-0.055868769902442404,1
0,0.3416214520452561,-0.09301002174690462,-2.0078398230193537,-0.04980252449101679,-0.7459758674045964,0
0,0.5225715103508904,-0.2623889374664572,-0.3342821734617308,0.4704217044429879,2.261903950283184,0
0,0.4550125401266413,-0.5218941871016493,-0.12833091630501325,-0.3210779079774146,-0.27342506911876524,0
0,-0.21263876651631516,-0.4843094189799228,-0.3133553500311543,-1.2083079189211956,0.44517350111449516,0
0,0.7674989417791956,-0.5502078906350951,-2.3799073313530843,0.6723710196709654,-0.7804713162957658,1
0,0.00028499181991367695,0.22010865709564556,1.552395223273927,0.5486191775086652,-1.6620350145590135,0
0,0.07686367496126364,-0.13700178796204324,-1.4362306678780048,1.4152990097184606,-0.7287132445700198,1
0,-0.922700071066286,0.2588401186080116,-0.8181610704751626,-1.316228954621749,-0.7179772626239465,0
0,0.3868589817437932,0.2927292117916825,-1.261767984799521,-0.07038220379575202,-0.7249830950403957,0
0,-0.15624702814344651,-0.6358536325729999,1.2990308630495095,-0.23040019328724073,-1.600057629910165,0
0,0.27886731726031505,-0.6538611192655376,0.4214201220404958,-0.39621549336812084,0.13607323016206244,0
0,0.14106821988277093,-0.13719622990398755,-0.47324312114852984,-1.5410198964026438,-0.33679603218332077,0
0,0.10856194599826251,-0.46507243416826866,-0.5436558959347381,-1.0662846100146381,-1.5419163893918053,0
0,-0.0274281434800105,-0.5282472837157715,0.1795932340777843,0.2705212989294757,0.10627280836620437,0
1,2.0719598407962723,2.417412205444922,-1.2465543012242044,-0.49974943979828645,0.7622327320902645,1
1,1.4806644778689604,0.4799871368735522,0.38073940214626,-0.8264097118122482,1.1977304634334567,0
1,0.7268815483282102,2.613838656366806,-0.5486448374016687,1.4303958575581566,-2.4202903411919543,1
0,0.34137336382436034,0.17332583001545315,0.5196391819467335,2.3737210991000257,-0.7309003241564139,1
0,-0.48540331494698313,0.5917429698107556,0.4857225114866528,-0.05643001255169677,-1.370776948068112,0
0,-0.7945571056092838,0.520999690398139,-0.5936116183594963,-1.5021779971327522,-0.65231501726487,0
1,0.9866539995144411,1.7701755063596214,-2.052711519188836,0.396404412516963,1.3885526318915424,1
1,1.7699994276141526,2.397099079485911,-0.2468252384428593,-2.085370541206638,-0.7272186985092184,1
1,1.54208871814309,0.7505499869139308,-1.4494730493891554,-1.3501682185637771,-0.47504077230271236,1
1,0.3203901821962918,1.3061729733329546,0.07863468589337053,0.4136489258189696,-0.8290726146485523,1
0,-0.23019356583160175,-0.5117081475004485,-0.25657186687998734,-1.383734202049422,1.6259325449265527,0
1,2.3015387349848586,0.3823522813805704,-0.5879948798798813,-0.29603385429108764,-2.2997650978092623,1
1,1.3292225974399727,1.0032553288650656,-1.2955622805094575,-1.4836275163255708,-0.5563665895018849,1
0,-0.09928593205655549,1.1235286669342925,1.1867891790322294,0.056259514535458965,-0.8656056780877357,0
1,2.2257948623962918,1.2959199815493712,-0.4536822949281935,1.1232404917592171,-1.7211714568376273,1
0,0.4772935549227215,1.1901094280001356,2.353350863781843,-0.6128486875756598,1.1022181994561395,0
1,2.2130506525910265,2.651496298065922,0.034929609456508935,-0.01941641843247928,-1.8031038558716916,1
1,-0.06353216603222167,3.197078218217649,0.35158936168480576,-0.8158459588128644,-0.4594467487080884,0
0,1.0401138230652665,1.1432958114589835,0.03921219438036423,-0.7457893330731347,-0.07873184443719815,0
1,1.9818402612567576,2.8148791192002838,0.3415717298501752,-0.8313706178556588,-0.7509213705057409,1
0,1.4768858484144898,0.19510052463343444,1.0926873330614792,0.7859301330977354,-1.7342638107476578,0
1,1.1306043815354299,1.5369969402120038,1.104226330745443,-1.4135019513661087,-0.1682600274743236,0
1,0.5419296366106539,1.57690361672921,-1.7666077121560222,-0.33185407037291953,-0.7618317401206292,1
0,0.004331074035105836,3.732276621841772e-05,0.8554973996136908,0.4098168764637709,0.8086485460698408,0
1,1.4347766021457036,1.4897978811005257,0.4971394185896637,0.909798383062696,0.5161113481842691,1
0,0.39219839016889274,0.45130953909205085,0.035892199253855735,0.4406073756215073,1.944276793706229,0
0,0.6449570067518134,-0.2794907131779231,1.712550923475718,-0.07263345828699384,0.10997623838548676,0
0,-0.05237648692769825,-0.8265745426852263,1.752766818358935,-0.5688889581402992,0.5892511084706717,0
0,-0.14442482748763547,0.21817127854351584,0.9045962698891303,0.9253163468269409,-0.3589348745586205,0
0,0.3136318917096763,-0.4156829005948898,-0.543533987728597,-0.8672243261763762,1.7117293222685004,0
0,-0.15379719941549863,-0.3535640984828032,-1.1924831309589323,-0.8522034069223922,0.010269115356521386,0
0,-0.20398926053807248,-0.0856519381885029,0.7544001321668039,1.3524991302243692,-0.10255413159352386,0
0,0.6222809632051716,-0.22328593172032488,1.3595335585507669,0.36026174033743336,0.5405778177762047,0
1,2.3558667141421434,2.0660254955100155,-2.0286577615465737,0.3956064622187181,-0.6449588753889185,1
0,0.6503797463178562,-0.1000449237140062,1.086294730399866,0.5985492431624022,-0.4996170920380823,0
1,1.4990621723646849,2.09626978272603,-0.25486553735201345,-0.09485495905102329,0.539858506124469,1
0,-1.2838733926519097,0.1236097493652921,-1.8090028344144273,-1.4376930721273014,0.7322338468616333,0
0,-0.08892365183570893,-0.05311740116140225,0.4693961552299692,0.25116658599345254,0.5970657120505797,0
0,-0.4547880076062292,0.09493229177207647,0.9093866534738607,-0.01823427711111517,-0.0801827428340002,0
0,-0.07783501140635281,-0.7749779184124402,-0.3513486574674362,-0.8590725853305915,0.27042735111984123,0
0,-0.40265453563056525,0.20284631368241748,-1.0573546316031397,-1.0890519313599338,0.9604225734832854,0
0,-0.01244391327936119,0.5095135777889763,1.7120909268942728,-0.04653717537903437,-1.0939754993701476,0
0,-0.6235653775389386,0.5945102561077349,-0.6686369863139018,-1.3577996917369404,0.0013927942359759995,0
0,-0.7684304620310272,-0.8113044512267207,1.1594723174183668,-0.1434079966945483,-2.911400805116317,0
0,0.7336148895425353,-0.9113881213457857,-1.513050325187356,-0.2640398002767215,0.740235280529253,0
0,-0.581794568020592,-0.32209111504850196,0.4160050476537533,-0.11914973407098493,-0.7826131079312882,0
1,1.6001989751538122,2.2307974147957266,0.38750715765849286,0.4026559042091364,-0.7560587592145674,1
0,0.5727089079617013,0.13258523614814757,0.8734160065089066,0.6219545452154498,-0.12189917172596958,0
1,2.1485824757377436,0.9351828561510785,1.4929833932340764,-0.7114969946040056,0.6191043248855012,0
1,2.076908922949211,0.5282363198417719,-0.8136297116354009,0.8697915135420266,2.3918347767282753,0
1,1.7817199087009212,0.9896064173278303,0.5207747718851095,-0.21937071807241018,-1.5530350721161617,1
1,2.03440198512211,0.9490693228921532,-1.3665673848085005,1.7533013854905501,-0.8495110578793728,1
0,0.8238528795636926,0.5613706311871537,-1.3779149504726231,-0.5854209122904813,0.22868548260776678,0
0,0.255013556397224,0.6075265496322265,-0.5783345815608,-1.6113300399863975,-0.7267251753893189,0
0,-1.1023214080885102,-0.6299411233145618,0.409327272606196,0.8336420677883326,0.8359381404566156,0
1,1.2828800763099422,1.8518996369489598,1.6768678201450633,0.42562091378057937,-0.16779561811920965,1
0,0.41782204303325265,0.3904541392052568,1.8589455898339076,1.2016614990549126,0.8853103997557973,0
0,-0.3762575602256425,-0.707808488857759,-0.35489132907558835,0.3096438081906756,-0.24849048716072264,0
1,2.5720636836751862,1.3497087807032588,0.30553445859282974,2.3400089084654048,0.5448840953129758,1
0,-0.0379078968998589,0.2044919928944502,0.9430054652904929,-0.188888008504289,-0.9571292939405392,0
0,0.051149262815661754,0.09794125123041543,0.7653826884756264,1.046301865705618,1.9374215347779995,0
1,2.2748465193410414,0.37367535391486606,-0.1694567435728138,-0.5254573854862161,-1.6996594850885065,1
0,-0.10970993838557566,0.07870947270997118,0.07610503795522071,0.4917765263340029,-0.7077641473473759,0
0,0.10576622143691163,0.3817589348590057,-0.1101809216954883,0.6780224403960575,-1.4203840517427646,1
1,2.1394740903994673,2.347756501320514,-0.2083739461758043,0.8325627895749692,0.8002984518764891,1
0,-0.8833623695002117,-0.40127472008828907,-0.34141042682608186,0.7763265766431535,0.5396105766543603,0
0,-0.17117889743252976,-0.3272718939173352,-0.119658490011692,-3.2367349954632108,-1.2181879045984108,0
0,0.497491977227472,-0.1253200595235662,-0.4058140815748588,-0.06867725574860199,0.9971138297961786,0
1,1.6393600890055566,1.5747295527901335,-1.1354176604013404,-0.5751076398774299,-0.6985421631639094,1
0,0.8804002872464881,0.05821066057371313,0.8625802830476876,-0.377885233806479,0.38731869073822367,0
1,0.6544459850878491,1.7625847927802543,0.5162577339117376,-0.2834097747702,0.62212846065379,0
1,0.5859989392323202,0.7248880746709147,1.8765937431686301,0.9774739999614781,-0.24487074267930842,0
0,0.46181190997363064,0.23811221357792944,0.36951802026930075,0.20257921296804057,0.9098533346452894,0
0,0.5194843289596649,-0.4453292281353924,-0.4169601487059409,-0.5075232625900649,-0.1441084636286426,0
0,-0.11595000409909999,-0.08600034123334714,-0.6264353800270451,-1.4682647803416555,0.33873564845386445,0
1,1.8402366400274346,2.4248081763537233,0.047366067349529736,1.5330576602026356,-0.27412494635087964,1
0,0.44712418657884395,-0.8389456852596051,0.5528751633755955,-0.647317997785969,-1.8682224918953618,0
0,-0.48831792351104786,-0.16768048106362238,-0.24471060419017762,-0.13070644640922346,-0.12353462143911509,0
0,-0.42410902502957953,-0.7647874633863748,-1.4702574685373129,2.1388688847059933,-0.8736660928289619,0
1,1.7138357075191821,1.4918407847310635,-0.739010312558114,-0.620107577686253,1.3922690677472163,1
0,0.542453375936232,0.6289397492340105,0.018025015811886702,-0.27567922767524683,-1.36417604653239,0
1,0.9004258441852092,1.5017930713065617,0.7402836598194346,0.23217928382569913,1.2250187970251107,0
0,-0.1187685791610116,-0.07002951200139781,-1.4858237617116898,-1.6059465016871095,-0.17877174058685588,0
1,1.453458020977337,2.197041397431231,0.2650834506216692,-1.7217989005736543,0.4062021245768658,1
0,0.2507754630256585,0.1983014608632867,0.22111953025768813,-0.48161320193831697,-1.3799165075538975,0
0,-0.005219022005300564,0.4917396337870863,-0.45157649529398675,-0.44700311249730473,-0.3087902311610211,0
1,1.2724698497182845,1.8291544321070807,-0.5869222192511079,0.1342262153074535,-0.6646196711850592,1
1,2.3491394684544433,-0.32574424249405665,-0.7363237413779529,-0.9779943323043194,2.1032424767112383,0
0,-0.323554488972492,-0.0460012833725691,0.140806303365332,0.43398043243366125,-0.6893452474447985,0
0,-0.17525781781287217,-0.6468446813288115,1.1268186627477805,-2.156716916043929,1.1533766323362873,0
0,-0.9548985815517741,-0.4975901364941171,1.197784489490969,-0.07029139998800298,1.167364821265777,0
0,-0.4281755261075371,0.8847516643951759,-1.1239803472184755,0.3601763071768177,1.1392732473896567,0
0,0.30964564580342996,-0.22488332719355525,-0.18697818066890465,0.32844424052182875,-0.5938756035944879,0
1,1.792361173812916,2.5355409174836048,-2.193509802317951,-0.16277648971472744,1.8048961623824038,1
0,0.3597101940394571,-0.8446130521625133,0.10918431102117114,-0.6603385910658913,2.012181391794011,0
1,1.9305893715674023,0.7497975318335791,0.59764792013114,-0.19187040417668064,0.3671162192895544,0
0,1.2526284217770924,0.4574103965711822,1.5709611855539878,1.2339592386706628,-0.46539886476657516,0
0,-0.448715296468146,-0.20482291185510515,-1.786457387324491,-0.5994674356994198,-0.8606466421196686,0
1,0.6283457539391271,1.5843964019606298,-1.0880599219806246,0.9781107376787682,0.4717591326037877,1
0,-0.6303317976429142,-0.0673840958218501,0.1441368018756278,1.1372446658984114,0.06490229140723908,0
1,1.1778088985010453,1.3144542572203952,-1.618388366474624,-1.7358918262580079,0.1827151368084855,1
0,-0.5845961619701465,-0.1825416412392458,0.1722121508513046,-0.12815099403535957,-1.34786787515729,0
1,1.6561965085869126,1.507696016244642,0.6230025450704657,-0.9777417231970083,0.032950132741729476,1
1,2.3515929433342126,1.7849829725167417,-1.281287723953059,-1.5018338541836782,1.1438486319900423,1
1,2.5237954437819488,2.3686532905834854,0.13258537004847162,0.7920308379944858,0.8151846389316676,1
0,0.3025851011079626,-0.12150752120569064,-1.212210935015052,0.4733229189333892,-0.41412193172255973,0
0,1.2847633292724092,-0.23618297738152536,1.3754258689383037,0.2634594064777584,-0.1090416919929457,0
0,-0.21382383393985147,-0.3134769338754793,0.20664609246019208,-1.0854969217852741,-1.4683348977413107,0
0,-0.9795114252014558,0.8818703130194993,-0.6400640289670326,0.21046426297414933,-0.6652521813060176,0
0,0.6319068407329017,0.41419493826829074,-1.2381413802999877,-1.3104631879337514,-0.34002837401705716,0
0,-1.1031566350494375,-1.1394200558629022,0.3891496935302486,0.07726194217350209,0.6334079171585816,0
0,-0.4530018136198825,-1.1658724216778291,1.3579355021024158,-0.6615508390795274,-0.7063479741702289,0
0,0.3120673394536778,-0.4980347276988512,-0.7715039092018586,1.0507908188324662,-1.035984922911308,0
0,-0.061428888029268464,0.13808726643262478,-0.43964466607191177,-0.3631449908286577,0.7576790868804707,0
0,-0.11457165772290354,-0.020082083531214337,-0.75214070070819,0.23124216041285123,-0.4226047634379168,0
0,-0.7084740196920036,0.3088671311062085,1.5554925710521463,0.2333680239557779,-0.8389447519448523,0
0,-0.0064814336600022065,-0.10526606530996793,-1.9086404689675804,-0.07579961205376942,0.812411893927288,0
0,0.6021974932426751,0.8384512628273655,1.2855932228002254,0.10533208967699074,0.45878283609025206,0
0,0.01198074992161135,0.4632668272644095,-0.37719808844712627,0.30378024003451876,-0.20747119953969392,0
0,-0.4981355277846365,0.04654596426941163,-0.07161511986624255,-0.8963940276830782,-0.3512807291949176,0
1,0.8514769236416018,2.0872036583204627,-0.34063464971717816,0.4029393409613626,0.3795281836500985,1
0,-0.48575674977334715,-0.9893437345891325,0.23960088148214678,0.8638641631478498,0.5387654956766357,0
0,0.23540025144861504,-0.05104482759913433,-0.7297987549397732,0.39734804343584346,0.20891171063402203,0
1,1.8061613574158262,1.482507383676791,1.0583831365876797,-0.3541734110693161,0.1206395810364077,1
0,-0.48030426035740115,0.3612218999715056,1.0989970427941047,0.17440166382805158,-0.6066249158292674,0
1,0.2735443468107652,0.3709003983028276,-0.983409039776744,-0.3637611723073049,-0.5467017645754427,0
1,1.852007658203299,1.243755855875311,0.6674669655340387,-0.11873992377100727,-0.17182456810522248,1
0,-0.5386244393851506,0.24027647781064465,-0.3564938602331199,-1.1876873263603505,-0.9611009110399688,0
0,0.4134374874091701,0.2862972758384015,0.05163349006142644,1.3800660171988146,-1.07804852458397,1
1,1.1463342147233502,2.1116779048725207,1.5251508973509413,1.935487537635181,-0.08973291497043835,1
1,1.007259727798115,1.856903199444047,-0.674034167948312,-0.7039308007205357,0.9894458515349598,0
0,0.09190314435575059,-0.03650762962322467,0.926549439829587,0.7861709406314517,-2.0729107950611687,0
0,1.4146195380158213,0.4049842493692528,0.4571251789523028,1.4578681877180113,-0.3914385061985574,1
0,0.4494179946699439,-0.12081818133277951,-0.19402813945088113,-0.9576270690748248,0.27251847852006034,0
0,0.08173157952351108,0.08806437165771168,0.367403567528824,-2.158432732356189,1.0723055741253937,0
1,1.815310921828581,1.8768814100884175,0.24841192331688916,1.5167993360401737,1.7998982127344474,1
0,-1.0506695168913582,-0.027180475912825502,-1.1583533121046916,-0.010324624219021496,-0.2578368277542579,0
1,0.9265957775484663,1.6171938077191024,-0.6067238436196867,-0.5194906923144303,1.9725234378867276,0
1,0.0934426809717166,1.9767852615902073,-1.0452523849590778,0.0473394034653178,0.45556605110542214,0
0,1.0379243367459734,0.42729891644343176,-0.2766187714886933,-0.3690791745269606,0.8142285591053363,0
0,0.916431617493449,0.7400831135288217,1.3450352960682166,2.959457718093084,-1.065376819065185,1
1,1.835691115728946,2.797068978771746,0.5810278016264446,-0.5307075321793215,0.45340030840703444,1
1,1.6810690618505228,1.821756664014166,-1.4325890775002703,0.3273254123084641,0.9005625862478402,1
1,0.6690459985014521,1.1232244691571471,-0.2733676870793202,1.2922458831548107,-0.6893541267958508,1
0,-0.13157997615041464,0.3070938286918804,0.23362486091930423,1.2874271963376382,-2.605609371799611,1
0,1.0754351270423355,0.2812910498942504,0.7440884803062111,1.0959878489119954,0.1490069837867681,0
0,0.07884959891742858,0.3681064161062289,-0.6507670379180182,-0.42567575873250213,-0.21493450794685998,0
1,1.2612121202728623,2.2970097483424228,-1.2374318237642294,-0.15209864243786073,1.3442528359742687,1
0,-1.054842396002168,-1.0104669053904038,-0.056342903774416295,-2.1744646468998057,-0.5383116331194112,0
0,0.828183436638483,0.9083027947978405,0.5690296710314097,-0.07449543636922677,-0.7050098541444145,0
0,-0.04205028061659379,1.1102501208348676,0.23484648663319696,0.03280671093190586,-1.1714210037904909,0
0,-1.0540403120176975,0.34084239796212873,-0.8846774805415694,0.741723203612461,-0.630083990705271,0
1,1.045440590757075,1.7552810487338797,1.754618803480312,1.7954873629768249,2.6669543969115685,0
0,-0.7665228104148781,-0.1449868843556993,-0.09881553989352235,0.7113096439996707,-1.586650192938993,0
0,-0.07904611542718316,0.003794393890023005,0.1937102734020166,1.070645154415591,-1.3352909807434636,0
1,1.7244033817676914,1.818771295488891,-0.6619674017221667,-0.017466039429279313,-0.05430269917618582,1
1,1.2980697614328853,1.7801314356621945,1.1065079983645454,1.2842975636237735,1.9745653034087691,1
0,0.466227957892129,0.43242583800203244,0.5718468925510739,0.011132328812615474,0.7415454953217128,0
0,0.047281344283465004,0.3760011429619701,0.31466342916056833,1.1406061989369434,1.5523286361954614,0
1,2.237387431163278,1.9390339844854219,-1.1516548233119837,0.8044996096885147,-0.3850522029991976,1
1,1.3856835531515688,1.8719892019913884,1.0940302266182664,0.39272573699621927,-1.3901047906797686,1
0,1.8271953552066873,-0.614609199156079,0.7569029729769516,-1.540729020135706,-0.44921560872893074,0
0,-0.3386932340843746,0.499360826104728,1.014933397539199,1.0933470002668417,-0.12470342455183951,0
0,-0.5419979950535231,1.1151519698497363,0.037029357690153225,0.3781356321799411,0.010957291528407862,0
0,-0.6157803300574546,-0.015976051173241388,-0.07486116385663526,0.7025750118764507,-0.21398531506875348,0
1,1.4734355640674168,2.2996879687894864,-0.18209288174713076,0.3135413242314296,0.5907345107307329,1
0,-1.0317216545194703,-0.5503771799469547,2.2789979443108566,0.4859302517258676,-0.7119167861507136,0
0,0.1767377062966864,-0.017857571766261078,-0.5424462679222075,1.3006539859447266,-0.9271585538265688,0
1,0.45681773826111605,1.015305108914085,-1.1862448434234132,-0.4739235395370385,-1.2046189534043237,1
1,1.6970025544343388,2.2275327514542793,-0.3732561659118605,0.4676385663807686,0.2050263536419288,1
1,0.7892489535421882,2.3842859326453105,-0.53312699547704,-0.7774350188698199,0.10575089733562103,1
0,-0.22877604442805566,-0.059517672052537315,1.2598468364725863,0.5766801345739193,1.0914226768488018,0
0,0.3627242394794156,0.7026369135971104,-1.3559923986163935,0.25128713072420833,1.5469902371338882,0
0,1.382422610325812,0.9903759767420002,-0.5612908480327181,-0.6309687366465533,-1.2073748063495917,1
0,-0.6468003124686942,-0.019751314777001643,0.19052316423886367,0.09366393893363151,0.02352172668300062,0
0,-0.09019046965583508,0.07785096707819014,1.2682928546347998,-0.5687093177351814,-0.20535686301437855,0
0,-0.4342552048653253,0.4401692217761903,0.7131323065971444,-0.37800092984843997,-1.536729177280745,0
0,-0.5219221935364773,-0.5055227889121706,1.6190173506155494,0.35480693184216633,-0.5281681139948318,0
1,1.1710160020182734,1.4660585571287363,0.3457929007878231,0.2683988596218609,1.5666174410379958,1
1,2.0944398853821635,2.6856722637211625,-0.20361948007803102,-1.92047826859402,-0.6327026183565501,1
0,-0.2928335185382278,-0.30000811215017803,0.8555565281721951,0.37048878709559746,-0.7989857470169122,0
0,1.3495876189625131,0.5122957444239084,-1.3671609325214145,-0.3033330833056507,-0.05205271309122052,1
0,0.2495875535368404,0.3142826676822071,-1.7098850242442907,-0.41430794105595076,0.9116909381432989,0
0,-0.606006396704445,-0.09825954522177129,0.9762635945813302,-1.1271549096224132,-0.3046767534202024,0
0,-0.22002310928704638,0.1329930557456351,0.2105668259738844,-0.045391301493390546,0.12768651002847098,0
0,-0.48110819402399363,1.0515719547236575,0.9640038114444975,-0.5230176059708987,-2.2845992264931634,0
1,2.0800411917680286,1.7321582879475805,-0.8523724380144719,1.273522794304843,0.5723260921973659,1
0,-0.9832677939391516,0.42589117395675774,1.2847838041077702,-1.7494312016484235,0.2211315919935069,0
1,0.795429171738514,2.3605173777510537,0.6703588772128999,-0.963923590058505,0.8846803858789039,0
0,-0.3549276712494848,-0.17364626219890103,-0.03112038151564797,-1.0316319706191186,-1.8676248305109093,0
0,0.40976807588299524,-0.6281489459027071,0.20734791679207704,0.25865774180653356,-0.3024833679557583,0
0,0.7398361648936634,1.0610084349541675,0.3469278939366937,1.1731279644780943,0.9641818851450825,0
0,0.8283253144637059,0.08191306957105846,-0.8567321698297906,0.5031217865091798,-0.5569368270774091,1
0,0.3178809119685182,0.5361605100894082,-0.38501455138481744,-1.0946471193231695,0.05105319722392642,0
1,1.5502662781851881,0.9426024886283837,0.331122347445175,-0.4292310366583807,-0.40962525430350366,1
0,0.4767754873883956,0.23311578314769896,-0.4251339160822378,-0.8091767207440618,-0.38512326792807833,0
0,-0.6867003704590263,-0.6581596709171144,-1.469418874521655,0.5077313239007449,1.167133733858102,0
0,-1.1067943332097359,0.03824390383685555,0.2948887645389004,-0.44957024021402237,-1.423392395046185,0
0,0.26198254661189335,-0.3887539111069678,0.8360341739272907,-1.4127980152448707,-0.05027589983189986,0
0,-0.60340705028931,-0.5265926009475309,1.0685346289237954,0.5847065193942216,0.2517618156026403,0
0,-0.039184039299288494,-0.1818736016195541,0.5323105635385098,1.2632585335677942,0.9381006891285258,0
1,1.6717762095236888,0.02396561421907628,0.8183072508566308,-0.17867244770036064,-0.12195460102714499,0
0,0.14887173550697794,-0.6959414626665198,0.9875090698999317,0.12040037833971319,0.9688805693684588,0
0,0.5626749231150312,0.4694484937561969,0.07965581738493001,-1.5063012089098053,-0.05463079193106821,0
1,2.099245112975039,1.608599833728636,-2.118916682331886,-2.0592376505028547,0.11954274159047992,1
1,1.7170000403006143,0.7554878318224354,1.1597812166750472,-1.8490836665711425,0.08133864824802657,0
0,-0.2652091682816433,0.32872414167903974,-0.8933182918426733,-0.044721799461061425,0.6552777047727225,0
0,0.06465725320579255,-0.5269278432911311,-1.1308768821444017,-0.3079419962508205,0.5417316963710138,0
0,-0.3577262500049529,0.43317832224805114,-1.1034074533161857,0.5462326077797681,-1.1130591885078571,0
0,-0.11785735320370255,-0.06938344407709547,2.484577932085967,-0.1976531741309885,0.21702147554566337,0
0,1.570904054148248,-0.19507389023539626,0.4405476863443143,0.9877618367397817,0.5406615916610473,0
1,1.7093138205301244,1.3453618257635271,-1.041616408272716,0.8722665980352367,1.4617309221352,1
0,0.27014701022252907,1.5357170739994248,-0.6834164324484056,-0.3224599248680109,-1.0086566641581407,1
1,1.1767116105817828,0.9447190882865896,-0.0007249757923322261,-1.0034388739572893,0.5384467425677792,0
0,0.6120440498579207,0.13593519975982724,0.5424037777063394,-1.9161613504073487,-0.3478843322008979,0
1,2.056163453598055,1.8688212256954224,0.2792923379321493,1.4335690531596066,0.19185741701372544,1
1,2.060411532793051,0.8225522905466393,-0.92860644102785,-0.9425260049052361,-1.073497788236143,1
0,0.12893474805207797,-0.9565547024435592,0.31714654367826023,-1.4964339337774692,-0.013382565663925544,0
0,0.6205140574600624,-0.3606588857773037,-0.6111878096242952,0.12985740308626045,0.3189256307678148,0
0,0.76301111798084,0.4556779206653207,1.0469150207141664,-1.4875413356710223,-0.9701265281800381,0
1,1.769859351609577,1.1947979289630302,0.056296602284767794,0.1288512905548135,1.448760912981149,0
0,-0.06876741540019367,-0.13866355881661493,-0.7593340978220104,-0.33631084253894494,-1.5442222247239656,0
0,0.5367425940688564,0.5464617907752479,0.6889541262570018,0.923678942498893,0.5375566306637694,0
0,-0.5424751839358462,-0.4838058476969156,0.3832449697850237,0.8366963320180734,-2.4284392610121914,0
1,1.1692238316308041,1.3467468133123301,-0.47486569950251006,1.103322603544528,-0.2549834439381173,1
0,-0.0319802057309408,-0.9083046247900912,0.7300920542218385,0.2062617278415875,0.4796368553708238,0
0,-1.0448142410628871,0.19243143643547742,0.6291171103139702,-0.8583399897335252,0.7126285145454133,0
1,2.0965571641380545,1.537704244741046,1.2018221984095074,-1.0368858379558112,-0.10537303171911773,1
0,-0.5777483324794939,0.47732177890033056,0.710138532156177,-0.5306965732179645,-0.2416245858507946,0
1,1.317105387098946,0.7128463209971683,-0.21394688040223295,1.9942748492617726,0.5674431752268181,1
0,-0.12796775740786265,-0.11513254846345007,-1.6905298427304682,-0.24918806465965193,0.9506625437524955,0
0,0.023572092942330106,-0.7670822162749121,0.18664659484670534,0.16101549640009255,1.3796135028570538,0
1,1.393808034146175,1.2523359883065206,0.3418042250996756,1.5185957403834418,-1.2908134229443007,1
1,1.559577371661791,2.2890728452647346,0.051196941854722254,0.2546131288818846,-0.20064577637254236,1
1,1.5642234205657517,1.2075483464156103,-3.0108744022552627,-0.7486513398801341,-2.1935319881920985,1
0,-0.26821857457627574,-0.819551894546942,0.6788299583540499,0.7301576748253484,-1.367500863586055,0
0,-0.46391667458325914,-0.4079275589848897,-0.9120502580288725,-0.42847580858614803,-0.7041187766393714,0
0,0.648884354613361,-0.9665711000503268,0.685722811544252,0.2891252569412285,0.8650119777368038,0
0,-1.2626434213600217,-0.7774637272843316,1.7006847251592145,0.512156851743375,-0.4808930782396331,0
0,-0.12342909540568965,0.40259216849724,-0.2527975809572515,-0.49430519884808377,-0.2889647993395122,0
0,-0.2813396831305293,-0.8677699424172621,0.4384840324821151,0.18637156610995742,0.30003067290786256,0
0,0.25127489203589193,0.18739715421292666,0.032777786295007036,1.6000462018621546,-0.6705612366233278,0
0,-0.8725756779114052,0.01544560552954398,0.5255835798534022,-0.6265347337326806,-1.9946758963105302,0
0,-0.29987120474616247,-0.3189169494560005,0.10344510465497601,1.316892582989337,-0.7459264716141912,0
0,-0.06141584039385356,0.13640998803466603,-0.5169803111681415,-0.5904967981259379,-0.120723289246343,0
1,2.242044166222276,0.8374030943916466,-0.9049422178170959,1.8020688082671856,0.46846280304713767,1
0,0.1993109800772543,0.5045066404962278,1.5904657201577244,-0.855485948976514,-0.2063889767326375,0
0,-0.7100929265213171,-0.41900417914339866,0.438552984723112,-0.3938557026175791,0.45183356321836665,0
1,1.3075139687676043,1.1681798668358678,0.8305149186102933,1.508255774867143,0.9247060870943672,1
1,2.1316308115964144,1.0967893967617357,0.39906290282233386,1.5522327508664944,1.1205624473747082,1
0,-0.7204649195538405,0.4136841386446595,0.9757681140494742,0.8184266601018806,0.17230939486317792,0
0,-0.04718656102342249,0.32666634810533957,-0.8959672822607817,-1.0818495018564669,-1.1371600334310683,0
0,-0.005472271515765349,-1.5730206995542801,0.08318144446963839,0.08240923797138432,-1.2450150867898853,0
0,-0.23146983595245868,0.15254576176690743,0.5054861146253387,0.0012486525569804752,-1.1518681921232319,0
1,3.217451069679349,0.3532443009046513,1.2926695957872654,-0.8558130926686129,-1.0748864130701279,1
1,1.3523611243314706,1.195206972686502,2.6730760995005705,0.6968371654522438,0.09940581542972186,0
0,0.26985909562067856,-0.0649044130480201,0.40751862204241723,-0.7766930970632456,1.8874426026530422,0
1,1.1402193278684296,1.1887650622808976,-0.6611007401522513,-1.2905893874745975,0.21190529588924545,1
0,0.31664879519964256,0.3004915332593499,-1.195643086701135,-1.620867548287736,-0.08399479726024259,0
0,0.5224725581111611,0.4320459396477193,-0.9048147336193682,1.712295284694428,0.9618906282881065,1
1,1.2472215779523412,0.9359205243084255,-0.7741194443393375,-0.5104832738658133,-0.8285637247846042,1
0,-0.032821089131119745,-0.4858782014983925,-2.901082432318823,-0.48950522152066184,1.0420349838416292,0
0,-0.5371678619345239,-0.021581732191510196,-0.6756550120598299,-1.0306697654625794,0.9679145594643597,0
0,-0.6866422872299349,-0.9262392483396936,0.7167407013381414,1.3679247297344348,0.05899707919649133,0
1,2.222077259500124,1.1138132148873927,0.07539973918813064,-1.380250235001923,2.0937458842489076,0
0,-0.3324005675301887,0.8088467000324145,-0.2586246003038902,-1.2041337841571602,1.1152311807734823,0
0,-1.448167397104842,-0.9037803391264293,-1.6219526507387279,-0.3218281007629398,0.04538984497468714,0
0,1.0592136938961736,-0.2040704155880448,1.0504099795852984,-0.0215668154884143,-0.1436529460490952,0
0,-0.4812571938375637,-0.35538048775806996,0.511813290920396,0.6586352504440592,-0.43191116384967176,0
0,-0.14782382624881843,1.203160728832655,-0.012931644603454636,-0.6755952036075326,-0.1307397981199487,0
1,2.5845439032965887,1.0772832759982078,-2.202519212380457,1.544333810390488,-0.10179829772410777,1
1,1.5149547434874162,1.1121134687849024,-0.4907725036179891,-0.668787735193276,-0.31949027064470076,1
1,1.501998038678882,0.7815410433189616,0.4337183850243437,-1.008580944996969,-0.21396977075919038,0
1,0.8630961732696801,1.4055930821403506,-0.028567377300804928,-1.1037752622950843,-1.192492894726893,1
0,-0.9809002197765399,0.16210023301421253,0.19193806817034087,-0.7738912475867935,-0.5681382085552104,0
0,-0.09983175875767697,-0.5314919085717564,0.6854461615682045,-1.1685424496918684,-1.5972590415127106,0
0,0.21768586444493687,0.5932336804331791,0.15473897535489242,0.7509047693323933,0.41443248811727734,0
0,0.18331524492646353,0.1626381505731053,0.649675032992064,-1.0008417358589414,0.0800587678162721,0
1,1.3112433517184705,1.9111395612591089,-0.8435490902853326,-0.13282888985708963,-0.12258637657601293,1
1,1.6121546796081654,1.2031186832960483,-1.2227717564030252,-1.0295493422971715,0.8862335593560567,1
1,0.49767400280321983,1.5459105985347998,0.47736068227329476,-1.1744610760292395,-0.8635435967319023,0
0,0.2761002124172871,-0.12785789692444907,0.6824084615381641,1.1065365127561422,-0.7108292772672774,0
0,0.09684350686202756,0.8746089296946896,0.5189737958276073,1.602775579143522,-1.481212527943002,1
0,1.1841965365097145,0.06975848242263726,0.13158617872165979,1.2690012086029379,1.023019114772919,1
0,0.004487787857428377,0.005252368988999286,-0.3240409380332983,-1.4713358440003375,0.605532591036493,0
0,-0.5656016112876474,-0.2749451994125485,0.21098600721858943,-1.3325872771872644,1.3295865342176494,0
0,-0.030433880453291456,-0.3095781782832983,0.37929993866550576,1.978379075919161,1.5825704620195449,0
0,-0.19667988000950218,0.1426332448942962,0.43929744762235207,-0.25433272004169993,-0.4243639962623728,0
1,1.8608247212622389,1.8917524756236286,2.6071395566286717,-1.3747952773390484,-0.7111483233485293,0
0,0.016135237035111688,-0.41073485874605287,-0.920803785502116,1.0822370053450034,-1.7954660112136502,0
0,-0.7559680206315862,0.07594756630567721,3.225993124147924,0.06738504218892435,-1.0979869957060162,0
1,0.6185540270835884,1.5105016946114689,-1.2568210918282896,0.5694970556657254,-0.32490599709663315,1
0,0.1577449215798096,0.2150181098253662,0.38566872641060274,-2.2378903374078223,-2.060947334908474,0
1,2.4298687246415436,0.37550215888356875,-1.1948425809280316,-0.3262748702038076,-1.0773315831320291,1
1,1.6476087304310316,0.845160380173407,0.30624377739732866,0.9488034139956315,-0.08283477020077816,1
0,0.48797841235212425,-0.8195067120731404,0.9821228248537509,-0.6403620981944731,0.8934374052376791,0
1,2.20768549252216,1.4197306559910472,0.03258267984302296,1.2350003670659164,-0.7170795174749651,1
0,0.160075107476801,-0.5405840219341866,0.973080428965212,-1.3167550769965837,0.12797975530812297,0
1,1.1113051072831552,1.1022553289439512,-0.42368221140226997,-0.11258026651574136,1.8637581569954231,0
1,1.7171848510273386,0.6834316856534923,-2.0498641409887517,1.6449214829902106,-1.8060436164346418,1
1,2.3242437325602885,1.1580580776993183,0.6267091325392532,-1.1508590123142952,1.0858726624962594,0
0,0.3179343297599485,-0.6744621607312613,0.030638324515168774,0.27147716843810243,0.3807726764768173,0
0,0.44894720569719343,0.4547450652197703,-0.4796139618800079,0.5850997645137889,1.2665312306695027,0
1,1.3224722549849046,1.6875367818773466,-0.41056153244190385,0.09140384570291901,0.966892391940819,1
1,1.4785877441527107,1.4901375688846117,0.4065817351786166,-0.25004801489005846,-0.6632023664863341,1
0,-0.07123638654022028,-0.18116515780834105,-0.8145328971779466,-0.876318380547652,0.001801640088547419,0
1,1.5691971984779225,0.1773879402183649,0.3752448095617597,0.19654625427997585,-1.4605434673615694,1
0,0.7007749896074152,-0.2749239752969075,1.1886370189569544,-0.10265682601082989,-0.52293636693822,0
1,0.19169576299709967,0.9431260737875755,2.0600701446130554,-1.436294897317518,0.029248040883087932,0
1,1.6183229827491026,1.5483645303593128,1.4045265377622633,1.0998474531673024,0.3035869847551267,1
0,-0.04769782541691249,0.371824301282623,0.1617454329666036,-0.9100506506190228,0.7894359820167121,0
0,-0.8229006848664894,0.1947795974958519,0.2576650999047694,-1.4103155855060505,1.5829269241565724,0
0,0.403060329952479,0.757822985475953,-0.40024852714514314,-0.5956818560191317,-0.4355454072732161,0
0,-0.4347001151669547,-0.34098854063105394,-0.4656434766159591,-0.8927195023914479,1.1447683435247793,0
0,-0.21421958961189583,-0.36586552879238615,0.8720317984604549,-0.25824093095483497,0.2673026571945855,0
0,1.1092691446524259,0.6227269373415462,-0.30751005832427214,-1.242451134350375,-1.3074171724432506,0
0,0.6059841897234335,0.09972983672288048,0.36609964108968995,0.44797140427006255,-0.1504034362830811,0
0,0.3446921634870697,-0.14819924432532963,-0.9625095074058163,1.3810507744921308,0.11588003514173198,0
0,0.22846616078664247,1.1079126869368694,1.3703126493055207,0.10586492498506153,-0.8366973255366139,0
1,1.5011919865327945,1.7466383284296094,-0.32245666365025755,-1.4442855799313163,-1.0405657651946467,1
1,2.799626359222061,1.28567349563955,1.0879791706649606,-0.9132196754307789,-1.0741581284344004,1
0,0.4813005788641434,-0.41156688818838005,-0.7038231772744306,0.22128009550381433,-0.5435490373616612,0
1,1.1502700516208486,2.1959076029503213,-0.7567104926287299,-1.9669536769666915,-0.8646299666653275,1
0,-0.8400613669305924,0.12419821253380145,1.3280317813578688,-1.2327821283521527,1.230407843095737,0
0,0.3401028011935616,0.014710151723056217,-0.6260075146855234,-1.6475038291177622,-2.4511118645829,0
0,-0.033521477927066806,0.405765856473054,-1.5679002503716972,0.11542925964393813,0.11127140420020219,0
0,-0.8573629001677006,0.5280527141123845,-1.039940536741391,2.162179278269843,0.5283143973490184,0
0,0.25715169942694915,0.32992199069453804,0.8567086809982697,-1.2609878448747835,-0.9628250010112823,0
0,-0.16141629618691242,0.5303853453791664,0.7606205432518568,0.8163297078582913,-0.23191374893134123,0
1,1.918398955316482,1.670824615341609,-0.7625010829663179,-0.5638763678911545,-0.34210228698920697,1
1,1.865044128748544,1.7329343500581358,-0.6317187011989623,-1.3201728363818164,-0.07737799380200121,1
0,-0.3649584129263035,-0.438982712906061,0.6730158262926322,1.5641288349392,0.6629343241454198,0
0,0.37970685865452286,1.0862123289705354,1.3159205451927378,2.15984435088373,0.5733812265194146,0
0,-0.2987430495809395,-0.7402059953944217,-0.06879953947176984,0.41186252229284803,-0.5999777568016651,0
1,1.3402708760914173,1.5856265686984843,0.5542384154368255,0.3625106384864715,-1.5044520981798415,1
1,1.2806371560271734,0.5979397650928353,0.8734330665479889,0.06227059516636898,0.16506859842247104,0
0,0.6785846566837624,-0.05887724330157315,2.153003231846537,-0.1482464298639765,-0.6566735857925858,0
0,-0.1683434328326163,-0.342776182720851,-1.155715981200465,0.3400787269620394,-0.5277553853187028,0
0,0.823465908338551,0.08145352280639016,-0.6687234082638018,0.6761184177150142,0.22344641640501556,0
0,1.070090922112116,0.20505460881458706,-0.5064733341147655,1.6633406336495236,-0.4350716985900594,1
1,1.1567685178873308,0.8261997782032446,0.8275241487147456,-0.522733291850397,0.3067159761903571,0
1,-0.15259718881815987,1.3823513270290544,-0.25191772205116547,0.1273865511139109,2.512856475437541,0
0,0.6267057259627636,0.8362045334737692,0.31224583872439793,-0.0884521558973705,0.685844226978538,0
0,-0.20518313841608465,-0.7873590585008764,0.12184295317476321,1.0240620048788691,1.3448979019233402,0
0,-0.5197118478791948,-0.5124322614972399,0.001737125890682154,2.4000807583476185,0.5108931136809152,0
0,-0.35323086369178086,0.5164527887492009,0.10739657438636435,1.0585644502916203,0.07711775516960104,0
0,-0.24888829281961755,0.04653288794785202,1.0299007149287607,0.7982439105588898,0.5260645843753294,0
0,0.778315854416244,0.09069295789473866,-0.9705856489390586,0.9078744068025953,0.4773081432287001,0
1,1.695946743590509,2.013381409215396,-0.14845619093090515,1.26742269495864,0.8628054624020907,1
0,0.7701591780648812,-0.47644122107897546,-1.2152777457995123,2.4144472790780402,0.05936640949527618,1
0,0.2965320715670973,-0.3116011380585573,0.22655692813164433,-1.6853852484165184,-1.3083157553695195,0
0,-0.18553843437029063,-0.3855851198801032,-0.19552886074044024,0.5995949400431869,-1.468141395100689,0
0,-0.2342143219255543,-0.2089218284013376,1.0692431325678957,-2.5812096447605457,0.46123384425635017,0
1,1.9369652504497608,2.203713250968607,-0.004823220549396244,0.9513535030164579,-1.1261951461713224,1
0,0.4922553775996251,-1.0206480573147072,-0.4438391334030063,0.5510379543519613,0.686426734598896,0
1,2.1980756114205215,0.6834687134539561,-0.24671004807272248,-0.5468269708540959,1.3386541078235539,1
1,1.4430768931745543,0.5805901596240924,1.7234242136071747,-2.6700306565110807,-0.22065985096922835,0
0,0.10512351384268344,0.8410163704115808,-1.5700806109387178,-0.014394770900357534,1.2113462258474121,0
0,0.35042424555319585,-0.36863996081985795,-0.6275161006155908,0.22284225276370054,0.2589380551810076,0
1,1.369620984437883,1.2039958123490007,0.0360080440000675,-0.06310784255156614,0.025920037236832384,1
0,-0.6809640202816601,-0.9687805067525618,-0.6364264465800669,-0.6214279740507603,0.07284617570561741,0
0,-0.483762640021274,-0.1574316216995512,0.49068167276395847,-0.8967885099410754,-0.8308503814398044,0
1,1.4553787344712088,1.91991303250518,-0.05648543811091493,-0.05178541308297068,-0.9586346320389756,1
1,1.9973242835321807,1.5517742289637777,0.25598490263034507,-0.8018765658300158,-1.6440409331373098,1
0,0.755386497343261,-0.06471843077917533,0.11782813527828451,0.8093003091991557,-0.7330964883320408,0
0,-0.8136283252407724,-0.9389313152710445,-0.10304539289731686,-0.07870273727289283,2.139393867410469,0
0,-0.35840700835798955,-0.19677125238478316,-1.2908237352234886,-1.7246659294256954,-1.4933655919196782,0
1,1.385282501762049,1.4881488583555291,0.17609242919363946,0.17669946665551367,-1.176537403800494,1
0,0.4768302193839863,-0.5950949142199828,-1.7634088358940716,0.4141914638273636,-0.8055898863826314,0
0,-0.3168663212331001,0.39293469478672866,-0.6719609816298433,1.6179878745404674,-0.7586550723808019,0
1,1.342160599031517,1.9310411279870419,0.4892052860226557,0.9281390644916256,0.2693238901048856,1
1,0.7528044537098657,1.0828107748075428,1.1896875357084293,-0.8986908889497579,-0.6118113771049412,0
1,1.8900443895839554,1.8354993162630224,2.349416125281837,1.4258264613130538,-0.19851562322261826,1
0,-0.09683944475793277,-0.06584375849041989,-0.4282539784040572,-1.3860321757851974,-0.849500928408688,0
0,-0.39242702098775784,0.6882827889472879,-0.8651246302201088,0.02816694024997434,-0.4752224797553707,0
1,1.444292065310742,2.6204903960348482,0.5222835508601883,0.7540680991885098,-0.059674563556017066,1
1,2.2761973011587577,0.7438007108400518,1.8699688148286506,1.4586954604383258,-0.13455511424860286,1
0,-0.6029321449919058,0.46169064212799954,1.532744792760907,1.8889010168271076,1.9807641171509158,0
0,-0.5049957786621576,0.7829787396976365,-1.0350792052418814,1.2747237980134876,-0.028186682021665754,0
0,0.7513514684793725,-0.5824082042110994,-0.14050918746230084,-0.13661460817754423,-0.20974175887041957,0
0,0.04546489681131454,-0.34507240093119607,0.8503672831454239,0.5796718921693692,-2.496964510534354,0
0,0.40185245802715036,-0.3518262589375223,0.9197111524363613,0.22440400890550274,0.23992541646744792,0
0,0.24105114600341196,-0.07966874312167326,0.5918619238457106,-0.709434883801593,-1.9750854587216133,0
0,-0.02120073137636905,-0.2138193037323729,-0.4487485840091213,-0.1156252326364593,0.5516951362052123,0
1,1.391020528510866,1.2810292471669507,0.5829652179073281,1.7978204661405788,0.14241737401876872,1
0,0.4989348134902911,0.5027929969669012,0.9293508048769927,0.6461615902726259,0.7978971709946633,0
0,0.697401940686693,-1.1374870331316937,-0.932020075650535,2.0593675875382305,-0.6344289512075438,1
0,0.650513008209658,-0.5843360529848255,1.3302358991105523,-1.082498577258642,0.026979796222369703,0
0,-0.7112829801886102,0.40195684572592,0.9919595139646692,-0.3815575490872031,0.6757659785354321,0
0,0.7829466107065974,0.33166568917252465,-0.7419614995316888,0.4152584959113517,-0.9295479653863514,1
0,-0.21476115251858702,-0.6351253164200343,0.9249098283594475,0.7423578594679768,0.6100343063471468,0
0,-0.4530177225269006,0.3358211701822016,0.8131136554844498,-0.11678408572238198,0.5642561565378406,0
0,-0.10159661806108404,0.7961201740918654,0.8511526527737022,0.8005008534488093,-0.13486728720063645,0
1,2.0986770611492394,1.3705840913206941,1.5759730544406805,0.792958065081439,1.5785338370843205,0
0,0.3242785104168375,-0.6047766132383318,-0.01046177906983961,-1.3879229054102005,0.5155530648621612,0
1,1.4467681528874394,1.9249725537885483,0.33152131582290795,0.7534415749898677,-1.6741529760238854,1
1,2.102599520126785,2.433827258582524,-2.6387282551601836,1.0732643780420765,0.9886881029751868,1
1,1.683916348455661,0.8683158179362612,1.1158226965743765,0.29615506330952707,-0.6581088819175269,1
0,-0.34378287932362456,0.0235512443700202,1.0195864175901883,-1.8399613063611135,0.7976812758736597,0
0,-0.4248211697750959,0.6540933809322123,1.3560343047847265,-0.2768362907667664,0.2955272622637116,0
0,0.24614090665297192,0.06921522897791178,-0.9366804071695294,0.4379402343101718,-2.641741882313278,1
1,1.5504893585106392,0.3516222001951488,0.9620453857951156,-0.8657046299337433,0.6048649160089102,0
0,-0.8253030920481818,0.26605063127147904,1.0187492964379552,0.9183078511044562,-0.2216562592818922,0
1,2.108296895841702,0.8127148182062605,-0.650916612739569,0.7295902351469703,-0.4594469666610395,1
0,-0.2881650171746522,-0.7624335593964081,1.0559644269640553,0.13448667688359783,-0.42219801263950013,0
1,2.5552717887932768,0.36335120540852284,0.4630407110329685,0.017440134974847837,0.7888788558185116,1
0,-0.8417939910928266,0.7142443758994084,-1.6980117737290348,0.19288637434335565,-0.9212707465181852,0
0,-0.10842515783400683,-0.5008267914104557,0.5844808204699021,-0.004059502710529907,1.1132808280802267,0
0,-0.41998661066353654,0.20000170814872312,-0.767206863428331,-1.285487480734646,-1.5196499483820394,0
0,-0.5852535122264032,0.34737265834764164,-1.6759319146115572,-0.4301069140782397,0.2956941967141521,0
0,-0.292074430055026,0.09709139388911996,0.3665532755666423,0.07247556752925,0.7724405136719962,0
0,1.062340565422189,0.17794246798438293,-0.06533070309746135,1.418602829452932,0.747898322689001,1
0,0.08602210204770214,0.22862885243969797,1.403813571030907,0.6920439475081593,0.18407769327833237,0
0,-0.4750248232784573,0.08285861198723624,0.18171912104048785,1.4723179712197758,-0.20679572572404503,0
0,-1.097177046202443,-0.45609570858961435,0.7785193267370195,-1.4049550948064689,-0.5499849480078314,0
1,0.5671824721913883,0.8903977027090464,0.5088093660501498,-0.35617726352057455,-1.222420436791203,0
0,-0.32187788647124116,-0.06298892650555574,1.0209573546927946,2.0738581225655643,-0.6856701020537466,0
0,-0.38021279048319606,-0.07569842882940994,-0.8864073450402452,-0.7429681982348856,-0.9613787547755025,0
0,-0.13443042374069125,0.2575918394559449,0.1985366301126829,-0.7629277049158304,-1.1253162719561045,0
0,-1.363310280261511,0.6609900402990958,-0.1407359030721974,-0.27175466791801617,1.8037104820440448,0
0,-0.0550089570279201,0.2063432163416943,0.6536833838387704,2.018111743598011,-1.7194272524015117,0
0,0.6166378650882646,-0.48653023147029656,0.2558130767641639,-0.6715241851950495,1.1255096971306315,0
1,2.573704748418517,0.09130651116163024,-0.6140378659858325,0.5574844794073719,-1.236502033741898,1
0,-1.1366676887502836,-0.46136232352759426,-0.3379335399185156,0.39203405027569327,-1.0221263821347528,0
1,1.119164344456507,0.5933057830840845,1.6485027085389008,-1.9284888225408328,-1.038475638954546,0
0,-0.5125403165847211,-0.4382233214164794,-1.6943511182112838,-0.015677298204964295,-1.1104757575331115,0
0,0.08743285651539,0.14536619331912673,0.7093647068653336,-0.552925193047493,0.9228550127490752,0
0,-0.731863480725872,0.05063430470320561,1.2414462967330155,0.677972013296056,0.5883668731858496,0
0,1.0093579492360085,1.114906570162926,0.578837152502387,1.739070238693987,-0.2325991318264786,1
0,0.026113483011443867,0.2898489312493116,1.9710082512979954,-0.34454833719499417,2.7073571210453062,0
1,1.526112226420473,2.545500369988821,0.9385156470752223,-0.3445906866602312,-0.016726755645065296,1
1,2.5556282402696664,1.829083642393956,0.38412371373769705,2.5178282365823086,0.05987622923770746,1
0,-0.009628574450008904,0.6514240459830208,-0.4667295584178887,-0.7115415131438088,-0.6856378174216669,0
0,0.24018204389921322,-0.21534136297257503,0.4026674471809347,-1.3430016503344246,-0.8047335990657761,0
0,-0.45047896397522946,-0.644705569997575,0.681681920188094,1.3775719096898857,-0.5331132876297867,0
0,-0.8223012390326301,-0.26937593448052777,0.0035004243602775667,-0.050633539120257275,0.8517292334796969,0
0,-0.3662169789025384,-0.007121718406799272,-0.7428266092445683,0.2833194390115534,0.5711223207814131,0
1,2.912185503366895,1.0231046695969872,-1.2042226660064455,2.2315060943912,1.2906018846106684,1
1,1.9798125689721737,0.7993145453174891,0.18540688538097266,-1.4029790571670457,-0.7170770012196205,1
0,0.16472090226662997,0.2501026154524557,-1.480316207781571,-0.19546246751902355,0.5895090725995736,0
0,-0.5858240341111197,-0.6032382997183513,-0.47154268945751576,-1.2362688428927264,0.30550817285812604,0
1,2.1467504805903075,0.4799048311288816,-2.431740470876862,0.33518345783094694,0.4342021014210661,1
1,0.7853840354117252,0.7267483316614425,0.8330185296212462,-0.5530036615515798,-0.8637756367954379,0
0,-0.9402338698094286,-0.14061329295794897,1.1540467091711875,-1.1729375879144057,-1.0387329825429426,0
0,-0.3353322737289875,-0.5945514646587139,0.07894806026243958,0.7322774553179215,0.5391382837040679,0
1,2.7726945471768687,1.263146058008894,1.831459031859799,0.010329116382568502,0.872841023476643,0
1,2.7387365394355667,1.760266583167526,1.3473867522162726,-1.2516318085058786,-0.6183060664264798,1
0,-0.2707421569503262,0.34466582811801044,0.4797857151472102,-1.1903629969074119,0.6090351910057298,0
1,1.1954805890812095,1.0035044545464133,-0.11321436091221729,0.20780819833574302,1.199374511301371,0
0,-0.9842172243358679,-0.7823649522233697,-0.349398118883248,-1.670773831511292,-0.36179777655643863,0
1,1.6468184353120507,1.0546259209104756,0.5624910743599889,0.22748426837194383,-1.438812627589768,1
0,0.09720765119287166,0.3933868858701302,-0.14122684089428747,1.3395568507042883,-1.313790597111267,1
0,0.47373375251814737,0.5335177374267409,0.54823020165745,0.6670602949202648,-0.6765227071425208,0
0,0.5464245079950983,0.21173395262001182,0.622453613832846,-0.6233250979726,-0.4460138425041958,0
0,-0.11845315059877976,0.7208616305972522,-0.2295792478101455,0.2743402715875807,-0.03613881606570128,0
0,0.3336167248557506,1.0375212717716238,1.0957858156229892,-1.2515761891901285,-0.015818245396344716,0
0,-0.4203833207079216,-0.28993675687771675,-0.22855125697241352,0.1362838540355168,-0.2723609556856617,0
0,0.32222552001641136,0.8919379523918941,0.02133854864532489,-0.32684952433447867,0.6792349791725079,0
0,-0.3043392469107352,-0.1563297124750462,-0.9775246003243668,-1.0393514093669511,-0.7607736227487714,0
1,1.8756751095801627,2.0119092183560383,-0.27061673499292604,0.6237167026278181,1.2646743934902076,1
1,1.8271007951712193,1.825143481203657,2.1581984559754126,-1.9774739309583946,0.9400658679570253,0
1,1.6412821754170386,0.21376494844842542,-0.9003865688702194,-1.1858127731227035,0.8668071221099443,0
0,0.47672383089561265,-0.5797362809560741,0.4377123603741023,-1.0655811561868833,-0.6595052325210463,0
0,-0.9422394428164113,-0.7327727497862148,-0.45449115224456677,-0.5048075564843136,-0.11642328713272306,0
1,0.9610502690674362,0.33077178102446725,-2.213901501515942,1.2993374681334304,0.7228434402978018,1
0,-0.16203580413182056,0.5275889900373936,0.5589704232868418,0.7542598696726599,-0.1999141759620916,0
0,-0.8659580326039937,1.2412631130720395,-0.5561242589404028,0.10531206287101345,-0.6991499267301484,0
1,1.355881291267177,1.245396497180568,0.31904121634133936,0.05816408131120715,-0.7392626332159595,1
1,1.37522182295347,1.9124939992198273,0.9897189625718716,-0.011756937592456041,-0.6905583627267937,1
0,0.7858102720000162,0.8907751906144465,0.2345983841880882,1.3718249499584527,-1.160936710216982,1
1,1.6855202213748774,1.5249990201096557,0.3282988459044961,-1.815688494594678,2.870353812531804,0
0,0.6176577456383269,-0.015187838949023855,-0.8679399238070749,0.771558038287678,-1.952319209428204,1
1,1.7810048312858309,1.2525872433547445,0.7068253608579596,-0.5081941648838711,-0.9807905520206986,1
0,-0.3214003627392392,0.32253532932298423,-0.1896840137902715,0.5029903182964149,0.596023298930338,0
0,0.08023008464790729,0.5248164300195484,-1.9984286073005315,0.5077759629840716,-0.6814007861420345,1
0,0.43765580035930374,0.2770829436235084,0.8272444287119297,0.7332449419794512,-0.35171218984472213,0
0,0.7160407958655485,0.25647784549012015,1.1329828529325137,1.58364749810942,0.39518907440508577,0
1,1.5206139622393402,1.369278259275227,1.4811224555584723,-1.3710354410865868,1.0323539737685223,0
0,-0.9885063863117665,-0.9557727150436659,2.1708230024062236,1.0054447016087313,-0.27341928419055866,0
1,0.5693186455468591,1.938629833253958,0.7735345476277582,-0.06385487022874688,0.9220280590670586,0
1,1.4041524339298679,0.6292249282310912,0.5139721177685398,-0.46085595997650514,-1.6974201509787208,1
0,-1.4027409006887837,0.37163138525149286,1.091547741955067,2.033762121037706,-0.6059767366725691,0
1,2.6770626794420984,1.8534419899957726,-0.886995146681884,0.7019112394507135,0.49481891110757587,1
0,0.35815993883984004,-0.6842592626944358,-1.671969431144851,-0.4172045612618887,1.9731906193680187,0
0,-0.3814002056983468,-0.36468047436309275,-0.47700880850442584,0.9573123264462967,-0.9653918285887672,0
0,-0.6657885564052775,1.2728847308338467,1.2772441773530157,-0.04605847503208741,-1.1414422299415667,0
1,2.216871457585666,1.352310657278371,-0.6610991321844433,-0.4328848505909766,0.34140207193351424,1
1,0.9318177066093968,0.6678717947392887,0.4656105876591193,-0.6060871098173184,0.05318089971003499,0
1,0.9890639418393686,1.8805275438278244,0.5732973027154844,0.30456317579028896,-0.7184329824235042,1
1,1.140432435983985,0.9363948766560913,0.24426513744191575,-0.6138719854492841,-1.2166881340904896,1
1,1.6684524487445953,0.2476855865275427,-1.2776323551684412,0.1554288913834488,-0.5138926793479621,1
0,0.372478463488439,0.31186172882788016,0.342705746112182,0.8870158774540335,0.5212373699718811,0
1,2.315603340049398,0.8500293105301229,-0.4215534637480234,0.11051111777073161,-0.3332009752283149,1
0,0.626982779368021,0.19271300533346292,1.7028611922056234,1.9765010591526329,1.1711623346677509,0
0,0.0004642255408449877,-0.4876140228614185,1.1368784629352133,0.013206231441296245,-0.13602224368071972,0
0,0.6123131842538002,0.4243225165618108,-0.3862930759141056,1.349038581357365,0.6015049770993482,1
0,-0.4025997683858162,0.11009899476356139,1.7657364784913037,0.9762954174859017,0.27847384077380954,0
0,-1.0925196086771798,-1.5535251533753884,0.3437114092918606,1.5253012422131627,-0.4036673165518919,0
0,-0.40267864302630485,0.2292075244227528,-1.671636531442145,1.9721040788051036,0.8331177483004478,1
0,-0.48375630856577245,-0.17383879705823407,-0.07830528280636669,-1.7613370019465955,-1.21728520753018,0
0,-0.37919224307950605,0.8500305853144831,1.6352779279622716,0.26516429551667925,-0.5535704355323542,0
1,1.0243751624548665,1.6371247094095107,-0.8198385028152636,-0.11186865959828009,-0.4138914017531333,1
0,-0.2766657465478273,0.4536947062518091,-0.06823990513573179,0.11143306296619102,0.3815386876762975,0
0,0.3720103284561468,-0.42632448061255496,-1.359846317763803,-0.39739994617313396,0.6308277018250105,0
0,1.0291542615975429,-0.474040650490778,-1.2011329665351465,-0.5434565838518332,-0.8151796014258696,1
0,-1.0352078845554138,-0.015389598636339066,-0.8342397439039501,-1.099587802101255,-0.956095749150337,0
0,-0.7726407761404465,-0.2163696760763096,-1.2273982447914742,0.09738328025693198,0.07857424231035616,0
1,1.1251322447630996,2.202805431326049,-0.6182740847024535,0.9340154367253002,-1.537648618307769,1
0,0.4594451264619556,-0.09199143523399651,1.7382832845010314,-0.4936953962996522,1.0078357910419187,0
1,1.4770315342161702,0.6651069500097629,-0.036072565999093545,-0.3285075141587586,-0.22383142342084797,1
1,1.1655344661378264,0.9034514517868035,0.7855217009121037,-0.6980727272421018,-1.1695403652919116,0
0,0.4300398046232528,0.5790306507684028,1.0915690169080874,-0.9943505924283238,-1.189325793631622,0
1,2.1738341598051814,1.2996455934422437,-1.1084364648718115,-0.2361437378448574,0.31313445352388,1
0,-0.011255975654178121,-0.13242706076985677,-0.8315124124259453,0.34321648869338045,0.2860744684149804,0
1,1.1102684640276739,2.0361125415306778,0.765818727460864,1.2573461337704017,-0.7684344750983072,1
1,1.7621677403412357,0.8511420866806749,-0.634283005513545,-1.1921031594524918,-0.11387313148211581,1
1,1.46003907492846,0.05889422094360164,0.6995871716246348,-0.030384631308841555,-1.129205880432147,0
1,1.4553920537287237,0.8882800121860146,1.6773224210376476,1.1781366384763714,-0.2584149068501799,0
1,1.2925598688388984,1.5452534531278046,-1.4553828874107317,-1.1788379456268878,1.4755422189481548,1
1,2.1549899483932533,1.250293087797146,-0.3569341628434746,1.2670164494214144,2.1305607639428827,1
0,0.14992813579607633,-0.9362577720506596,-0.1982713727109414,-0.43895384530847914,-0.21176010379598378,0
1,2.2214205291337783,2.00963571881093,-0.5263664510704211,0.7113384558342863,0.43184229250120915,1
1,2.4017956872868753,1.498098167650669,-0.6079740066655511,-0.21806656258714624,0.39233556268728464,1
0,0.2753884613199844,0.23340881682809517,-0.4921208147483594,0.4587485370350621,-1.721035259112246,1
1,1.2961137310689088,1.651766155870022,-0.015250725961813726,1.6090401256894844,-1.1498559180684722,1
0,0.6241957393318709,-0.779114547509937,0.16488480163371386,-0.12141410779715431,-2.3156411446505216,0
0,0.2793988213670126,0.18172734985769448,0.9534108426429804,0.9965000652290501,0.44907354639817854,0
0,1.5620206660845835,0.5444722699212037,-0.025118668810001635,0.2746371407375795,1.9453840153059956,0
0,0.18606173309681184,0.6841861382223925,1.1181749473009739,-0.7860197211232185,1.065836553919968,0
1,2.0186128234084504,1.8327579950077715,-0.591800076748272,-0.14558721130503863,0.0444994107601082,1
0,0.174254334777619,0.3078777951552149,-1.2013628376116197,-0.2081044238403961,-0.09648328480254846,0
0,-0.05945915512087086,-1.0424527588622485,-0.3047540344119187,-1.4118090402313928,-0.3523689393143441,0
0,-0.15527492975253984,-0.008960791666482285,0.46249265457199035,0.45903826676709186,1.059667948163264,0
0,0.17654630679514002,-0.5739446096618678,0.8604667031447575,0.6579712844176642,0.21565732831248988,0
1,1.9127054510883132,2.169300729167815,1.4602335856225397,0.812390825875582,0.062460124404295714,1
1,2.2926327397866553,2.07822769542623,0.29020030398368707,1.4297898511821234,-1.1032781061601327,1
0,0.18531033498225857,-0.570317286432116,0.7530260058338298,0.9539254256097871,0.6010765288480848,0
0,-0.27773350525513735,-0.027586910223609293,1.3687793673814597,-0.6030265287705908,-0.14998430286768286,0
0,-0.19611239795939003,0.14910566610426423,-0.7792468981385897,-0.3902007329309809,0.396968755643519,0
0,-0.7937621657419084,0.5404747544934202,-0.2101409993909198,0.8387579930541158,0.999076645916368,0
0,0.9967283061433858,-1.005370949920472,2.770913210532955,0.38970797116976896,-1.634879313943779,0
0,-0.3247041681125092,-1.3257733883025793,0.8563889423025746,-0.017825885357882567,-0.29560920993799084,0
0,0.580464276082744,0.022889106504492912,0.5107003086963713,-0.8747206949648333,-0.44061644488563945,0
0,0.16593051446552015,-1.5188500934252582,0.8936908443257267,-0.5307174513571647,-0.5287516786600364,0
0,0.18223909850364414,0.09514344588723858,-1.3356771456393552,0.5828094107173714,-1.1168896950411804,1
0,-0.07046872516340211,0.35532466414964525,-0.6468264285816633,-1.9508473190115763,-0.7275212159940725,0
1,1.1273206668239961,2.141647944996664,-1.0122978794780464,-2.339969453915128,-1.0984505402056786,1
1,1.018878759704815,1.0264590492464043,0.41860831970916607,0.6933773908458376,0.8249129629600993,0
0,1.0370792332829621,0.09670898768109377,-0.36896606491027684,-0.5334803415648466,0.37741552962211766,0
1,1.6683766473023476,1.7909059037961945,0.09538848913042,0.4685372841113179,0.30807855937425876,1
1,2.2751606477125907,0.6945679949513854,-0.31101624729882466,1.5766722628797516,-1.9269768852534124,1
0,0.8309441625871505,0.549208678650959,-1.6264059274856337,-1.0130657975516604,1.948843523348149,0
0,-0.2465081580595285,0.16460539513658992,0.884976437154022,-1.6695931816366265,-0.40852827803820074,0
0,0.25410345955670655,-0.36326779842348605,-1.7621964371379413,-0.2763976497172138,1.744631101434242,0
1,1.6270064652948086,1.4848283433353577,-0.7276467392713127,-0.6848001077437467,0.7491320545233836,1
0,-0.6943282818101333,-0.0836006911078436,-1.315472279988113,-0.025359007031369254,-0.23166377239992592,0
1,1.4887120144574464,1.8680443701487188,-0.879741170206896,0.5380325776638044,2.0432044372489306,1
0,0.35250395414353647,-0.21627605408815956,0.20185856281974357,0.32669427491009667,0.5673802659838505,0
0,-0.29941755300651474,0.13625429602731567,1.2350229606028202,0.04625184075919106,-0.22834368364315705,0
1,1.4050940827768834,1.0274410291080123,-1.5609949889336996,1.0581587013248606,-0.391100736780571,1
0,-0.10402011323138706,-0.5627057032150395,-0.5572080183009285,0.6706996115097456,1.0319537568457218,0
1,2.866917598786062,1.502919675145909,-1.7490442929426302,-0.18139940381272954,-0.5365100596436233,1
1,0.49957063773733634,0.8619393997888583,-0.6054120256941014,0.6352486283047901,-0.37856524708547895,0
1,1.9009859794163555,1.8803481748692938,0.07189206863294748,-1.5456143361879546,-0.5969492396435944,1
0,-0.15200344635129892,0.3553395193062742,0.7670775671525658,1.0637485748437843,-0.7556436878820593,0
1,1.2156070548985398,0.9409313261936677,-2.118561986472104,0.02219002179660143,-0.6944665190960272,1
0,-0.16672542429375922,0.12826825912390935,0.5505518199245228,-1.2006794971981296,1.772456720041867,0
0,0.4004257463000538,-0.46181994020040995,-0.9726400090720136,-0.41663839555413007,1.0075762847284584,0
1,2.0347141564123365,0.43741231651899437,-1.2161907771935654,1.0375403928659435,0.23532847130546497,1
1,1.711610273460852,1.0416648995317779,0.06748769509174689,-0.767659290649456,-0.5474975190955917,1
0,0.6556447898739762,-0.03019009756362623,0.6271463044975679,0.4105979713461898,-0.5513727754296682,0
0,0.7612997970603458,0.3128452349481201,-0.10045473513295955,0.8787769689108276,-0.36662281121723245,0
1,2.0898255651703685,1.4896879582822034,-1.0931306445721,0.02443805117165586,1.788954068582839,1
1,1.2722845293116687,1.944604769016937,-0.10098100114286084,-0.8645931389981188,0.29091550438098157,1
0,0.29666492952772594,-0.5886997028499444,-0.7251785334997313,-0.06390313605294856,0.7475388262298291,0
1,1.8995203954831417,1.173980967252704,0.6040324749548991,-1.409392490026804,0.19983502768137315,0
0,-0.489378860187931,0.9866200210597951,1.075357831302598,-0.4886555691111665,-0.8856359167448199,0
0,-0.9416633364325548,-1.1586480317704948,1.0114619908847764,-1.107229260647537,0.10256242583614394,0
0,-1.2136653728247333,-0.27117258355559665,-0.019748497980012797,-0.046909428100300965,-1.0758326742008302,0
1,1.6419132940672911,0.7571036313424108,1.1226606845622364,-1.2693127160895403,1.1953351098045972,0
0,0.1788238289201509,-0.11723904255244738,-1.020980286621599,0.08341911757486214,-0.7486224893711956,0
0,-0.7090689465914486,-0.26066849246166995,1.782866332424791,1.1328701170718791,-0.5718910800197161,0
0,0.6276193995308175,0.3612932628540498,-1.0265820773981216,1.195664870895641,0.8131782674483758,1
1,1.6913308895778474,1.553312395645703,-2.030119190350568,-1.2454429292746068,-0.6983170558414807,1
0,0.8096715689492117,-0.7833705431461682,1.3654364094947014,-0.666097360391682,-0.21905515262768085,0
0,0.2223215219901546,-0.35289724390745236,-0.7101344212026242,0.8527652693212926,-2.6376911258867475,1
1,0.9601998568725093,1.3999297705245881,0.11673888250521626,0.7040436087861844,-0.322598767283513,1
0,0.27496872797408933,0.4436285304234085,-1.0308080469242775,-0.6152012964148782,0.5942916367873379,0
0,0.40206641692326084,1.459773770807956,2.3636034073404546,-0.486469580667538,-0.6264013174028769,0
0,-0.32857415153220343,0.42167747337325023,1.8218176700575637,0.08226475526789141,0.5592796205601653,0
1,0.734744201614075,0.7925000476703086,1.546553931224362,-1.8332925505401105,-0.016157820418610913,0
0,0.06017763858396375,-0.05630715323951799,0.08835773727434934,0.5253305677653035,1.0878346245047419,0
0,-0.6005067811897109,0.10858571702028542,0.9806992297503594,1.0830714105241273,-0.7349805412542144,0
0,0.6725325978366791,-0.3116345222061127,-0.05305206365869113,-0.389111715578984,-0.2415499329835856,0
1,1.3556939917440445,1.6821546835607262,1.1222013463934573,-1.4192190127852016,-1.4696552173224369,1
1,2.634760663895979,0.03717374695970799,-0.41060936368170925,1.4126136229994521,-0.09207540462776144,1
0,-1.2744952005113015,0.3318897727967997,1.5847044157369163,0.21942921529093604,-0.4215543584692142,0
0,0.0808773624870888,-0.28583245345828356,-0.4608723132490582,0.7089596206050398,0.9601173974175274,0
1,2.4576355840607924,1.334176860982685,-0.3472909043253106,-1.3211326119767428,-0.6247352361029829,1
0,-0.5341825895323781,0.8794337634159001,-0.4665289746918543,-1.3174814631539753,-0.4237288361329633,0
0,-0.09552056137622131,-0.7569103053653532,0.19245236471668217,0.41412120764061877,-0.6751801742707663,0
0,-0.24182142861842637,0.16363156716229824,-0.3881958429258556,1.0275649085364025,0.027164542666693485,0
0,-0.41026058529136966,0.4763529474038683,0.48725556920696034,-1.1292382472145062,1.9885147839720243,0
0,0.14677358466856877,0.10220187497178047,-0.4809869834013514,-0.10180222245234818,-3.4977161144220017,1
0,-0.7772529605994623,-0.9685153833121056,0.7907885211840321,-1.5872228519266356,-0.04782235490441361,0
0,-0.06658126879813538,0.8102379763807962,1.5183670181085638,-0.701560822961897,1.1743897414258528,0
0,0.30959654261074404,-0.1268124302438136,0.07754714379504593,-0.2570239320150303,-0.5145487233612221,0
1,1.4709437731680142,1.0834754899531829,2.2183284347698473,0.4888052393254582,0.5269967138206004,0
0,-0.6001225199914654,-0.1862897293157518,1.1275293428717001,-2.105775658252976,1.1773755161609056,0
0,0.618111239160901,-0.22928783460335006,2.1382365117749007,1.3203985251958321,-0.27617448776047704,0
1,2.03815417697011,0.6858921963501342,-0.06119892705183975,-0.1705490728576534,-0.6525703069149507,1
0,-0.6247123027822448,0.09897035164639101,-1.6614592002832689,1.2943874171083836,0.9354131377280025,0
1,0.8235354609864753,1.0416601952515994,-0.7061372242607193,0.6986973646912629,0.49537118284843246,1
0,-0.5711546495962946,0.4025329632898977,-0.6041366901672663,0.8523003210324692,-0.062369375377647446,0
1,1.9271638992923292,1.710557296169108,-0.9530254487620436,2.0202962791687438,0.6112477541010014,1
0,0.1653437393775274,0.9754016470582859,-2.1959046462989926,-0.7816145952474789,0.9603317193459937,1
0,0.47404962746742846,-0.12697988602360835,1.0246467407122566,0.13544340581940512,-0.053019973725512606,0
0,-0.19569013083036893,-0.48194985062688983,-1.8600191617644113,-0.990708176361029,0.3054577849208975,0
0,-0.5548405425000642,-0.8818454010916289,0.9288792838403086,-0.10220927449396547,0.5224677201659943,0
0,0.5513078930486994,1.3160060316448878,2.1855499694698497,0.7200946458000866,-0.46186775073748826,0
1,1.2679308919293018,1.79726479790968,-0.7783332723543573,1.1273362877247886,1.1879720690245863,1
1,1.7119288335123872,0.9845480472921253,0.38757049113403363,-0.38225962591317914,-1.030906721883058,1
0,-0.9299549034692245,1.0158930535602817,-0.3986322912947266,-1.2047863626172994,-0.1312501190900042,0
1,1.2581137454063205,2.213697430331619,0.8270759467747779,0.07330601752955435,0.7675049125732006,1
1,2.205637792564908,0.5892334985269175,-1.1944107865051334,-0.852167963258619,-1.0564291981889762,1
1,1.1702352599980856,0.9479150749496168,-0.13179107959052716,-0.5778804099301046,0.8713290784541757,0
1,2.0887022928708996,1.320605092903778,1.1211802637319142,0.6717327003176705,0.19029396675009222,1
1,0.201388182287084,0.7579489423988227,-0.04887052982786454,0.48562965223487625,1.325178699864801,0
0,-0.3356349957859116,-0.057947677746512445,-1.628627687756003,0.834202324830207,0.6127849602947139,0
1,1.4971872124731205,1.8271771678638729,1.2416534170506592,-0.33721866722792126,-0.16277548374783138,0
1,2.6455241820054436,0.576043485006624,-1.2959759103663546,1.0089737425179777,0.23160489134993953,1
0,-0.7014377280086711,0.17580032878436222,0.07873414321421825,0.01434874146602494,0.267522859552221,0
0,0.40259597726825375,0.7010987852596231,0.5826442968590089,-0.2841554340299909,2.023278721889006,0
0,0.6341590687492762,0.24013214356231333,0.1198503182351572,-1.098802588077287,0.08469058712754363,0
1,1.1671062116534354,1.354630187131945,2.5374371421669175,-2.089935277855182,-0.13799399429206272,0
0,-0.22411436926361386,-0.40086105574575365,0.7338134110719444,-1.563927717861229,-0.19546903807307545,0
1,1.6849772642871421,1.8985051232596106,-0.20235012074701347,0.21546224402331884,0.1888559614921242,1
1,0.7111090196844825,0.6938479327711786,0.6026629045979297,-0.9075199115558696,-1.1343124516497691,0
1,1.326938072883186,1.5456750866570734,0.2099446286073568,-1.6452634270266013,-0.38276418146957747,1
0,0.7656672245678495,0.015309439831989229,0.04436941260527091,-0.41937534625298833,-1.0121351127549068,0
1,1.9135928865186524,2.0753666157258253,0.24378719373272661,0.27978003664746615,-0.8814644681640555,1
1,1.5059492263100545,1.0503507433586659,-0.43408697541210967,0.41506943454858675,0.8041001645600068,1
0,0.06784341710188999,-0.29864148713587035,0.21290166362990579,-0.028870171466186794,0.02627115395270377,0
1,1.948543219317863,0.654881077621146,-0.505491138155891,-0.06086122092592871,-0.7418566112285263,1
0,0.4634460887460682,0.2623705647602454,-1.8961962578243126,-0.538409526496282,-0.15028112952575665,0
0,-0.33384848842746123,-0.2542895058193492,1.1402006107627027,0.6339057708388454,-0.24605270857975087,0
0,0.9208325659678017,-0.5172443863619108,-0.5654478274346068,-0.17681457843050152,0.0526922490604853,0
0,0.7898089207227966,-0.4600897600063691,0.1413870373327949,-0.07633231269543252,-1.5071043362984344,0
0,0.4063545782119277,0.3222632978777452,-0.7604223965127959,1.0378452558162299,-1.0912611746783367,0
0,-0.5057759195075346,-0.6617762998338382,-0.7302361621819414,0.7919000957144205,-1.4414606355476263,0
0,-0.6121343440623559,-0.6084995789878098,-1.0389891372689044,-0.1848652446783069,-0.8995940971023569,0
0,-0.19596227795795593,0.5378168553104298,0.9482969578735007,-0.3270565588278282,-0.7227220070076581,0
0,0.036459058586646484,-0.09967234549768335,1.189721597394168,-0.3348380949258205,-1.0345462535403644,0
0,-1.0610951193354312,0.5732670515905842,0.025934564565606395,-2.021266468596927,0.7644161561979161,0
1,1.8968158801271537,1.1843865108145006,-0.5366577300982632,1.09689637471241,1.839948787721203,1
1,2.3724773583090832,1.3993244603620207,-1.693070064351189,-0.6848072969311961,0.825581627417271,1
0,0.3458844838985264,0.09377956316173004,0.7954311841718266,0.8546175892516872,-0.5653991301827653,0
1,1.194368318317459,2.232371760288094,-0.6765570691592956,0.04158829574698715,0.21018730185112816,1
0,-0.47664203844029435,0.7835236957261621,-1.1172606724355594,1.3916670522732657,-0.06641297383028717,1
1,1.7799114065044472,2.091942222915401,0.02926342150421162,0.529484966419522,-0.6088201836669745,1
0,-0.09198222920290786,-0.37729132196123516,-0.33412569113368507,0.912123116902793,1.3247170227719045,0
1,1.865824704553545,0.8079022583700695,-1.5180541993858732,-0.5920777676410975,2.0072130920983553,1
1,1.961032823563381,1.8564748778365439,-1.3807206006046315,-1.2854092463305462,-1.4700093132436998,1
1,2.2551343173367973,2.22605582138049,0.3365431727677922,0.14752600512732794,1.4402672524386555,1
0,-0.6792740573577131,0.6976912392712421,-0.6556913355511337,-1.9171849761991615,-0.5909811913713744,0
0,0.1329713687095872,0.00782955440005201,0.5102585746963781,-0.46795293459442144,-0.2623181226709238,0
0,-0.2180850023767941,0.43668512692448985,0.14653130647672571,-1.189432817192722,0.28267757714641073,0
1,1.5408189736387832,1.8472325918510775,1.0475419663029002,-0.8396591909943495,1.5476576081177955,0
1,2.1186453116012465,1.4893656748276427,-0.8321450839832768,0.5956928505794573,0.2812492966107701,1
1,2.1838755238307463,1.5154241748421997,0.23271782750501074,0.529966461224456,0.4124574206646657,1
0,0.8390661902301925,0.058917202081682794,0.638274589873962,-0.16196006370584007,0.8533668947742253,0
0,0.2553541502209606,-0.47285791996734133,-0.626217485903185,0.3200085517658667,1.0111410321126602,0
0,-0.06601007445347659,-0.4116314625335716,1.1272032556361231,-0.5406892222044034,0.511134496392577,0
0,-0.1517270816702302,-0.42089421690578305,-1.666277691581314,2.4266612518016806,1.0173417965680378,0
0,-1.0408530014368012,-0.9595420660695023,-0.8329409969796399,0.3008374771132397,-0.5978907231395547,0
0,0.8038410269391623,0.08571595640904599,-1.703687771136912,-0.590322104009801,-1.734480948228892,1
1,1.4068609517285982,1.3756559762974643,-0.7358749733242059,0.8753666259329187,1.8249981288844583,1
0,0.3035382360017463,0.45717848141022144,-0.15458405544052448,1.240186097694855,-1.0376851788181718,0
0,0.4073979154454596,0.7564303697874674,0.8315007190262329,-0.7742189123808034,-0.5338456530209931,0
0,-0.7471893054300836,0.7945766189079175,-0.15529033724538993,-1.418560233051546,-0.3315273151612687,0
1,1.0459921645242194,2.251079274985851,-0.5953737188875555,-1.2204538847903803,-0.5038888133603912,1
1,2.5282119442332966,0.9457513836265952,-1.5492227961846745,-0.6699560571082858,-0.7261472251627857,1
0,0.1742613094101265,-0.8591755667922981,-1.214178645408349,-0.054268661466530005,0.46358472373595283,0
0,-0.3483513985791096,0.5584461468392596,0.31020595051186867,-1.6291300772802086,0.47422858323351236,0
0,-0.07580820667652625,0.8292800629205402,0.8814547611838727,-0.41824691133405734,0.6199369615555453,0
0,0.6517421428997033,0.9335954683262553,-0.4192219442049485,-0.20793743735033593,0.5571998636877804,0
0,0.5605886878405825,0.2909977258154254,1.2110145228246147,0.3248599190481407,-0.416681587739015,0
0,-0.8796490573437858,-1.1980223685621763,-0.9499173990791543,0.6117822754117709,-0.4183259476975023,0
1,2.5805703062031355,1.6193656780601555,-0.39054061880285773,0.40154348299305437,1.1191933043339155,1
0,0.5796888185992077,0.333264520745646,-0.30614557978066753,1.7921732894957627,-0.5213851758396333,1
1,1.5085148503950483,2.1512450127551537,1.5294137883044228,1.0941233787019775,-0.5412512084127841,1
0,-0.7150334658520322,0.8577772163899403,0.1336591268009524,0.2219620379814174,0.9294975928670746,0
1,2.2324051840365553,1.9457800420312008,-1.7984327892576848,-0.9704876395805729,-0.018583838182705065,1
1,1.885856500176772,1.0476326610224869,0.9516543052590125,-0.6754974482616108,-0.5050665385504541,0
1,0.725320973153341,0.782529611268405,1.8459275766278866,-1.4286655311177465,-0.49561658060950425,0
0,-0.13924684521502623,0.32037669108978406,-0.249740722101356,0.15334480518107396,1.1239035304152059,0
0,1.875703765675493,-0.47544906625533917,-0.8970823250462154,0.3313621680763128,0.5860237198045707,1
1,1.609901054448653,2.285082264105422,0.8642574146844122,0.8929128045448383,0.23653568934019795,1
1,1.154817643398606,0.3772646375888471,1.964264636717578,0.26731829488695025,-1.1663392512984572,0
0,-0.6050979751839843,0.34013196743680035,0.8487317539529187,1.0539887918519086,0.24078805027321193,0
0,1.0632593900576517,0.1917209848454933,-1.6230063534626042,1.0744990285793043,-0.2127948559066057,1
0,0.5086556937466128,-0.12406000051869767,0.7546818153724143,-1.0280960290543202,-0.9124456121909962,0
1,2.4444634683503366,0.8449302354171551,0.404207387777017,-0.5180633270166585,-0.6015944345152374,1
1,1.7489111704552949,0.16293421853416246,-0.9546303234392286,-0.011038461280374919,0.6961569241191425,1
0,0.7524115411996719,-0.31885721164361014,1.2888178459492967,-0.7060746802828396,1.2424227415648674,0
0,-0.5089922337287464,-0.30832990874039196,0.4383511487791551,-0.24332330794676524,-1.0574084842563507,0
0,0.09755458854903494,0.6670419953090735,1.3149585925659324,0.30125857923473665,-0.9312686401569729,0
0,0.1722321089836417,-0.46971338296807547,-1.0614761501138745,-0.12307632398001085,0.6941349906666219,0
0,0.8294681591251325,0.27166236813827505,0.3987777443650246,0.000309315169626622,-0.40919294870824446,0
1,1.7913058240842732,0.6246561179349228,-0.895094751738345,-0.9426388539209145,0.5527520211545167,1
0,-0.3753070450417289,0.2881489164501528,0.2476669784889451,0.5064421040421301,-0.4226430207713977,0
0,0.03844430335222441,-1.3426202113108008,1.4772254502548916,0.433261692227063,0.5769945178401591,0
0,-1.0058479214761444,1.257177706758417,-1.426417731629271,-0.7625003614739699,-1.3737313056868268,0
0,-1.3925812399621604,-0.08464051607871122,-1.3690011617125186,-1.293227410552346,0.5493296145391866,0
0,0.49880482206497223,-1.676700434639405,0.9554746765375649,1.2302447322819987,-2.099237300842337,0
0,-0.22484633178380642,-0.43064968533592574,-0.014122774929450736,1.748175382348123,0.9253254835836011,0
0,-0.15685037938816063,-0.5253973398515197,1.171263226152551,0.23470961331202944,-0.03401922331990805,0
1,2.098568007619969,1.0065091208802193,-0.8072847749628326,-0.36168493893011644,0.44123244954040064,1
0,0.8382062310267594,-0.21878483747930572,0.05119059278271801,1.0462780127177047,0.23712075316963413,0
0,0.3206927728965498,-0.3975702919953553,0.6881288199152573,0.470350036713133,-1.705846898966483,0
0,1.156843698130687,-0.48984724624092746,0.21020019004024018,-0.2107071167128448,1.3668275358297117,0
1,1.9016134804343665,0.7047902288006939,-1.7887473286622233,0.9680745251161214,0.33448599349290675,1
0,0.18132807814799684,0.49307365435985223,2.8225982562189467,-0.809633167766715,0.7563285957807503,0
1,1.7442332935027596,2.1206813691417477,0.21232448190251538,-0.690805049922266,-0.7992166808014226,1
1,0.8287026627198303,1.2472557060582272,-1.3404170855365174,0.36363175676280024,0.24077546272725708,1
1,2.1735991633840737,1.3894180099806346,0.3141998925402421,0.11424141292676071,-1.309897956806909,1
0,-1.4672796120091716,-0.6757985161155468,0.42914504343949844,0.6372790224822711,0.14922669348334486,0
1,1.2482482856345332,1.442612419001855,0.9939235745819641,1.193330921295176,-0.9395651509701163,1
0,0.013758210340567484,0.13797825729229174,0.9271449010588871,-1.5524490998928218,5.0072352319089966,0
0,-0.47385739404801774,-0.13163916582829444,-0.213844545396523,0.03895177893839231,0.6051590488236271,0
0,-0.27105355384369284,0.23764498666166894,-1.7220796886360101,1.9010804114372304,1.3308599814699331,0
0,1.1036253397363371,0.18522526923061494,0.4613630318039141,-0.5965536902875491,-0.249586868836392,0
0,0.6624143314690072,-0.6324836334543478,-1.6424160543297204,-0.7147477503092114,0.3990041083210461,0
0,-0.4114966084840434,0.7158285082373741,1.2152446031855806,-2.240987322753276,0.905342999245486,0
0,-0.28173990658342585,-0.12458775589774519,-0.7327579655150183,0.10174839861600972,-1.0727572956937972,0
0,-0.7662023691311063,1.0053429611501912,0.6349603346555124,0.580608481022411,-0.6725805140395953,0
0,0.4229962716036822,0.2522523536515356,-0.6561688118438619,0.5785542232603268,0.9725035261682042,0
1,1.4501545297537146,2.5825598782230994,-0.4920356621232251,-1.0370512533817633,-0.21805192737918963,1
0,-1.1798798825367287,0.7051615015838678,-0.8009698165942107,-0.008713679372551113,-0.7476620562188974,0
0,0.060470155086034906,0.13631377688451707,0.7160815269607016,0.2215461313953466,-0.6309730810963556,0
0,0.2633873301610954,-0.43386411997177415,-0.621346980719567,0.05210767782873524,-1.222473483827189,0
0,0.5778845839050317,-0.42094048486169716,0.7685320881911486,-1.0948045000474982,-1.9593449553037083,0
0,-0.04401287674606495,0.3198205709895127,-0.5951903587280902,0.07730752508065647,-1.6961307393986909,0
0,-0.22360269767182897,0.08587565027455059,-0.2314182525053551,-0.8145647475681062,0.04570350397118221,0
0,1.1917588082937167,-0.35341574159465144,0.03556493995924244,-1.8719074945409695,0.6716163349667212,0
0,0.003951693659731101,0.4998359685660249,0.15382160591500038,0.6813064613122654,2.518934850549602,0
0,0.4317370989587609,0.023262798213619405,-0.9242043345531175,0.14003586307398105,-0.04138514467072292,0
0,-0.32372378602575513,0.5034058891804357,0.7038076493013575,0.5918952599777157,-1.2799602071802063,0
0,0.4139457909814997,-0.5852820400209345,-0.2713392059427344,-0.5344546236344808,-0.02846243519970754,0
0,-0.8733773954424587,0.599683000804901,0.5439007373055086,0.6265419815640361,0.702930971978824,0
0,-0.27724052743118016,0.30059734160836804,-0.016228269712760174,1.022128168319359,1.0301804399610046,0
0,-0.7249645436556323,0.718541798677142,0.5864539004248975,1.7539889077572322,0.9331189165719367,0
0,-0.3629839931216805,0.586458300429803,-0.4113417479801493,0.8138551799426986,0.5727748414477064,0
0,0.7502820241386425,-0.05097204042474788,-0.7895980898743715,0.38478964733287285,0.09529386733153303,1
0,-0.36739553358221866,-0.09922472438598919,0.42685823443891907,-1.3798837804770798,0.7368115058736469,0
0,0.43095367528445055,1.0698185955545652,-0.49373383579925434,-0.10652522923874783,-1.1848209108091785,1
1,2.510359109234224,1.2256589183708246,1.4587864497461098,-1.4226614390378378,-2.0081697862379153,1
0,-0.016546388161991336,0.4490602193027064,0.06765670221171292,-0.8188758697343548,2.0932526483520855,0
0,0.596260263033768,-0.22883219531384513,-1.3736312777948312,1.9550583253336882,-0.04702003738961521,1
0,0.31865157488320517,-1.1171298480825895,-0.5854659534173516,-1.0230335112514375,0.5338981611340444,0
1,1.6698621583501199,0.663596541316428,-0.999304539983591,-2.342592604425289,-2.80174554643903,1
0,0.45018935359015766,0.24355253091719017,1.0729187803816422,0.813166194426149,1.5448990851829798,0
0,1.103962853995112,0.42067901976306254,0.7735405928586261,-0.6730670683542538,1.1558654760337568,0
1,1.2176386524948686,1.6455280455320962,-0.06104329600330352,0.7680074944198942,-1.5656053485992358,1
0,-0.5755205401056449,0.6875697008361016,0.2900737034003025,-1.170130028359831,-0.31730677897791415,0
1,0.9892512726067941,1.6347560931404772,-0.08767944288821511,-0.42591373274249866,0.2662278537689567,0
0,0.5966567818419328,-0.46514082380045074,0.8604020506847176,1.1958814776189812,-1.2637836921135384,0
0,0.6776205738770117,0.3565813088842583,0.5198316428236619,-1.3220202349783141,0.48875721535137967,0
0,-0.322222160000361,0.10176477655797785,0.6999757042225968,-0.16926598184421263,1.045625674745196,0
0,-1.2816081296636082,-0.34533480296972346,-0.19184598017954668,0.29130438282947957,0.3242031568059357,0
1,1.1951459560461486,1.6835115808801167,-0.6315598047024772,-0.7192350977138331,-1.5662249578739613,1
0,0.3287125066841977,0.04762209961046758,0.665063085024205,0.24197020785815282,-1.0367250714385836,0
1,1.5599661166103003,1.0369996694675914,1.5513403487142,0.01564769420398378,-0.12379726430209129,0
0,0.10820864805322018,-0.10671946413778827,1.1060104389334366,0.534542804926203,-0.2495711327362147,0
0,-0.3140066509653587,0.8481402813252846,1.5816587038801533,1.8421952379584414,-0.2292577225202592,0
1,2.2084534748258586,2.228532689641788,0.16203184887398447,2.6752109629908536,-0.26465195578402084,1
0,0.20591508105278178,0.11288648356232478,-0.9699910923437538,0.46332911541143235,-1.8040123388150169,1
1,1.9518780834182814,1.4343602947323713,-0.8811871596044757,-0.1103941980393887,0.8056547191785275,1
0,0.09543940981600892,-0.8598275923583044,1.3795698455137264,0.440918822929475,0.6272554789032958,0
1,1.9146208981665063,2.43161906801977,-1.861943521870265,-0.23224224489079312,0.5223737129413323,1
0,0.27514301290857685,0.6218051324207802,1.5047567056729299,-1.587382441223023,0.4297153940061078,0
0,-0.5568447768814692,0.45117094242259603,-0.7876346695403152,-0.04659047320829736,-0.2841102992003211,0
1,1.8238378572250769,0.03516156974561646,1.923389968356058,1.0821170585514013,-0.6070710414457481,0
0,0.47490490316791184,0.02455359039347769,-0.07060179168104015,-1.4647471302726052,-1.0176132395579796,0
0,0.6930848797169062,-0.07627722499145263,0.7225708222563542,-0.984589883364019,1.5429258451347228,0
0,0.2496642889702277,0.4096892629803591,2.3850463982662427,-0.5819518443572261,-0.02050863030689582,0
1,1.0208496887610785,1.1293815118725221,-0.33014780105565317,0.3723438567451414,-1.6605795118097748,1
0,-0.48679039774440175,-0.13902612987211138,-0.3469330231045722,2.376999267016792,-0.02921390123321483,0
1,1.3389111512482414,1.7716477633728218,-0.6948391990740592,-0.809316160267809,-2.0842592493407484,1
1,1.713678344881915,0.9358529797467927,-1.00178326919902,0.091215164188586,0.2480094065896661,1
0,-0.0733416607845559,-0.3444256100455921,-0.3298243212352586,0.0057786652562802805,0.14297933858995718,0
0,-0.6742392393785482,0.11599598385657697,-0.5548408623586052,-0.3012459001590448,-0.5419202814737889,0
1,0.9221679794109693,2.203091422009744,-1.2502569641322268,-0.04770271341704165,-0.9394896481056498,1
0,-1.25911306494401,0.4850818423340083,-0.21048110817797042,-0.4647372436833225,0.5624261069226848,0
0,-1.871684954320806,0.6452424413594987,0.4497865694317432,2.742977553073927,-0.08301659800345203,0
1,1.520930906227045,1.4379900837291744,-0.8959054009285634,0.7496752044237853,-1.941696833208189,1
0,1.3921382250857133,0.897046814269785,-0.16244980472660855,-0.4561441372485651,1.2038893363236842,0
0,1.0780677142748558,-1.0447094547007856,1.4065044745652089,1.1835819268440433,-0.9398298052028482,0
1,1.0130611527262174,2.613343531040808,-1.4195311411824185,0.25669205791420835,-1.3181795025578418,1
0,0.0899419784343663,1.2910553851080215,1.9316672539366087,0.057947425476303105,1.3586743514154374,0
0,-0.8787477060300994,0.2739698097221342,-0.6740235729710011,-0.18201551706102778,1.0595827066881252,0
0,-0.7872657185148726,0.49935758246130757,0.20090410119253402,-0.2500336689000821,-0.42050875846671915,0
1,0.8815164414217723,1.3772000815968328,1.2791631656965243,-1.2199706812573525,-1.2524858796322487,0
1,1.4647007893349002,1.274258982155998,1.5843402143895016,-1.6736619461364801,-0.9097211410563639,0
0,-0.10947576612718571,-0.3665222252186024,0.46982070361352135,0.3707398058959156,-0.43749886727649573,0
0,0.1516211824841153,-0.02940720975865403,-0.6945055177749719,-0.19208226409451049,1.2161997557296202,0
0,0.3979298338225697,0.33356008536342213,-0.7828112727704574,0.8774317497104674,1.2949932156345114,0
0,-0.202128554037095,0.2519303082980531,-0.5748924185543153,-0.8899022128871268,0.16597912954509245,0
0,0.021721182397576838,1.191961843014743,1.8892565434644546,-1.0979435454656221,0.6501184507924733,0
1,0.9437124959858745,1.460164727481531,-0.3831455060827344,0.7761790293619415,-0.2093648674610194,1
0,-0.8066982145543087,-0.8932971368070183,0.32362741265593636,-0.29533844249082997,-0.87282390815672,0
1,0.7006165923710143,2.3865863727340497,-1.0437572273312183,0.855733805352121,-1.5005984973544158,1
0,0.38954868067693643,-0.7325725669558615,-1.1563438969091695,0.033461380341051686,0.32291779770719775,0
0,-0.20274470885294602,-0.33563455530325453,0.026392224050975625,1.8775228918698121,0.9003735251578661,0
0,-1.1226721576946417,0.16304588481054175,-0.3247443430450993,0.755741237492871,-0.5106505858390837,0
0,-0.037853371610165824,0.2503050493579348,-0.2517056583568373,0.40974775657387585,1.1875224500615589,0
1,0.8507072009283501,0.5327370086416686,-1.4790698179464894,0.799926353940702,-0.3849361195680583,1
1,2.596227291383783,0.9521166581758279,-0.07348727297268369,-0.27289793586228883,0.08374793337625122,1
1,1.2527069670479043,0.511530523236479,1.5492701666334763,-1.6429143549975314,-0.22107079764303406,0
0,0.40890359149147276,0.3730278379935362,-0.8530379997134243,0.3609280854105984,1.2364629323395384,0
1,2.2533778164309926,2.1100279308217313,0.8974352077534063,1.9415892214619344,0.4926700551248867,1
0,-0.5729570715342247,-0.7331028265479084,-3.464363387529948,-2.290442339237697,-0.058367957936359634,0
1,1.6456282705328247,1.997395971828719,-0.8023451954199485,0.46914495869831296,0.07660327278660399,1
0,0.3320807408328878,0.5584672465947977,-1.9103906545761233,-1.5351895736129901,-1.1888961763130168,1
0,0.06932770344606405,-0.39544247394690196,1.2362037222763187,-0.02330455433213599,-2.233442755561445,0
0,0.21666045558589087,-1.189547421520696,0.8787777249624776,0.07945940555333818,-0.5314868020894689,0
0,-0.7977776361354921,-0.6427536115168374,-1.0343332701309726,0.7468537052963969,-0.19401184363761942,0
0,0.3324217318287146,-0.3571545521452754,0.2892771512026239,0.2101629458907013,0.5312676461555859,0
1,1.3083014834963747,2.3250025080855163,1.2017094292909885,1.3735186548805167,-0.1631109944059856,1
1,1.8096707339704845,1.3290184549902673,1.3571916895657465,1.1664003644490402,-0.4692116565099809,1
1,2.1519933073308786,0.7959032144058177,-0.4057906609732177,-0.1966741140864094,-2.947564077689866,1
0,0.4012851045109642,0.0887091329711643,-2.20885617966597,1.0943928817301192,0.5271871210325845,1
0,0.20923183529368422,-0.7772086025193494,-0.8985399664629174,-0.3127807859057277,0.21102073093077572,0
0,0.38527697771071,0.3086040301238095,0.7661445949242426,-0.4848575679675206,0.8138406167424004,0
0,0.4130466323332711,-0.5865984355630585,2.0988941738583806,-1.2043833444065675,0.027262370699526885,0
0,0.8973006968303555,-0.4995142441143455,-0.05432500157146972,1.3119639315721399,1.1468625306922122,0
0,-0.02043041967766263,0.22529522905913532,-0.6068217857125126,-0.30002521267974863,-0.5505328623808483,0
0,0.0983741960654332,1.0501402096813317,2.399361487599008,-2.4215042311863146,-0.040558065470861424,0
0,0.5592400853856669,1.318672536141538,0.40573265467062797,0.5420660296269624,0.2405078759300687,0
0,-0.29423256585810775,-0.6239193034677254,-1.227768005895328,-0.43401681944676307,0.6598864551896596,0
1,0.7988395163932087,1.0420362039708084,-0.11890762008249302,-0.29861391310590335,0.41641154283597803,0
0,0.29593810474966237,0.30931937102241536,0.999927646682684,-0.23401650687553005,0.4775887527460165,0
1,1.4763857892304333,2.101273608985223,-0.07037418432348097,-0.33655245934959194,0.26880348222808786,1
0,-0.7245164470406206,-1.298450213752634,0.7943605856718889,2.727767892863392,-0.1927035894578016,0
1,1.9003251576279026,1.4524020913437794,-1.6050073669962046,1.662705719712721,0.9012630934925482,1
1,2.458679809017549,1.1077142140616627,-1.434174142523057,0.6991720859351274,-1.6743112785847285,1
1,0.6221544722265485,0.24558728058181334,-0.7348560441436768,0.24132486036232526,-0.6291552876651237,0
1,2.213394997129889,0.5976993320045779,-0.28219338914525693,1.1287612239686462,1.591841843535854,1
1,0.07775949055259113,1.0593353242154318,0.3339488208716779,0.24366000206336447,-0.6725856897659785,0
0,-0.24017197810890833,0.03528901198947314,0.6367602448296438,0.8158663795082298,-0.0781526107795798,0
0,1.1043095473455478,0.6048617161584866,2.466113812551176,0.5582218984452374,1.3878025839302064,0
0,-0.19699442910772,0.2126088690492388,-0.738556793132961,0.12834495846543775,-0.1260976992562275,0
0,0.05396303749259516,0.5685236623005916,-0.3139889991057074,0.9403124309903641,-0.8338823290287616,1
0,0.45771972046413306,0.01603460150835743,-0.7106552430052673,-0.42017450476212354,1.1983605378021875,0
0,-1.0298841084363914,-0.422967568162199,1.0793883441063405,0.05845330448287185,-0.28934062067089594,0
0,0.0432568805038532,-0.11024997232234435,1.1339503928646468,-0.9794373429428846,-0.22104484833172314,0
0,0.03852784317678494,0.4173104084815266,-0.44765551919668095,-0.8639722314781145,-1.9803643344350577,0
0,1.1173925839492438,0.6195373015960699,2.065745832203465,-2.5291507056839646,-0.12734088760381643,0
0,-0.741444498598694,-0.08872481066630815,-0.708898996579918,0.4565677206605929,0.6829703976622705,0
1,1.371076410129927,0.8425308425701769,1.0299178842136276,0.7315199186974262,-0.430852274686619,1
1,1.0429865255058308,1.6013948956923416,1.4545225610004544,1.085419614359834,-1.2813501940378846,1
0,-0.6206470822148277,0.2867885783053323,-1.361579793710026,-1.1024265632359114,-0.4804610890887632,0
0,0.676441636238747,0.7396314516318706,0.5776322912009042,0.4399089228084279,-0.615207331261787,0
0,0.01599090120049061,-0.4072577237757628,-2.7250460412553847,-0.0007108743418741217,-0.2536355191648337,0
0,-0.33334031785591245,-0.4006783525594122,0.8242123556335571,0.7375816098203105,-0.5176010460065542,0
1,1.2892924593144788,1.8536961185237453,-1.1016058207050672,-0.6514204188993276,1.6645815994750521,1
0,-0.33793624616723755,-0.24446014260546534,0.5674696139964819,-0.33629481442716663,0.3023523817690923,0
1,1.3157180935553838,1.1301894903925374,0.7549886679706422,-1.553499861108687,-1.7402138801862845,0
0,-0.7586672065735587,0.752483922084146,1.1201384795562868,-0.7169201450558668,0.0714939843251151,0
1,1.4447622744608801,0.5773966362312963,0.8902153500676769,0.0030982282731083525,-0.03995371064004012,0
0,-0.21552401499128673,1.2337218838653066,0.0558949924516098,0.1741257760961447,1.1944748686605793,0
0,-0.4546780238420055,-0.3675812478646961,-0.38047651115645,-1.6858828344203014,-0.1560124546333821,0
1,1.693027753782985,1.920037041680427,-0.0743893300025954,-0.5114507984719445,-0.18474011010959693,1
0,0.14393368807089502,-0.06527979715522485,-1.116001514617138,0.1603155682431401,1.8629975479817016,0
1,1.2660116714249756,1.5628173709232815,-0.2116879494792853,1.4080434109284783,-1.0688174166820734,1
0,-0.08648049045975297,-0.1576718998570574,-0.29069564828974975,-0.8450126277557082,0.7976842492060181,0
0,1.295174236140514,0.5139459912197842,-0.7882184938360826,0.4900640167477069,0.06389044600352078,1
0,1.2722599551612823,-0.2083943244117399,-1.7411932180918586,-0.5615651013913756,-0.5008575568769875,0
1,0.9675458859221587,1.0562321168929392,-1.2769361176042486,-0.4457764128897157,-0.6481145850590398,1
0,-0.5486685399531351,1.0880050955219949,-3.1501115504989277,-0.8775712366878774,1.35835200747208,0
1,0.9643580338048022,1.417629618208215,-0.3078791918928512,-1.044339939925177,0.46530619801322315,0
1,2.2342323639833435,0.9945826633882756,0.360498648299699,-0.47479295792768084,0.6011150120690152,0
1,1.3608824202545837,0.5058280460528607,-2.68256623797639,1.048011129352796,0.8897732746824871,1
0,0.14380454615777985,1.1193468186215882,0.2367147798379491,-0.7549698852319958,0.3419040523093288,0
1,2.79818039996853,1.0688447741268488,-0.1224741611083615,-0.9107372361165283,-1.0609890786978335,1
1,1.5937211234137225,2.6371029431006887,-1.1767557617174709,0.2091277774731296,-1.5717165483439663,1
0,0.4237492330543924,0.23931261084772926,-0.4312052075813831,0.005213346973517982,1.539643205670846,0
0,0.3122524495802359,0.08573112018147076,1.0508041652173317,-0.06824418160465164,0.20801478059121073,0
0,-0.35293041101756967,0.10190628739679855,-0.9741890607301554,0.2539876722339386,0.07926349477433296,0
0,0.6354970390451153,1.3295705635660167,0.0788510757517199,-1.0095776755539407,1.8045789867751916,0
1,1.0901795145398885,0.08466885834748306,0.34659590503529164,-0.8989022084155407,-1.0643588102293073,0
0,0.8039278718665055,0.1286049117045031,-0.8222073064247665,0.9862505792851158,-2.5234861496608363,1
0,-0.3524705791254718,-0.15912216451803438,1.0082710055912514,-0.14593050114397993,-1.8115564270167634,0
0,-0.28678063232165674,-0.12785603104983778,0.4038409447856066,0.5964412955098586,-0.53089479772306,0
0,-0.653092694176075,0.08958711128514224,-0.2519109383554564,1.224041597949601,0.11717367903825635,0
0,-0.5545556464899881,-0.159752489697676,2.363240471917498,0.8457430664435226,1.391643307453129,0
1,1.3439414066028788,1.5128784003129834,1.0125784371851498,-1.3697878485519748,0.8432168643839899,0
0,-1.458809134746367,-0.014146477293032471,-1.6861608856878347,-0.11649880221987668,-2.561767673115006,0
0,-0.1399994047053579,-0.7881349069107894,-0.3891574044662397,1.0408314798457765,2.8006928689794113,0
1,1.29521545765509,1.6288196226865272,2.4666426077773855,0.5227455650471217,-0.41053449986236273,0
0,0.4740066591670992,0.4296326710197485,-0.9821814763409528,0.18394124338949466,1.2278040719880887,0
0,0.25378844301409537,-0.32523937050485013,0.06633379283157867,-1.6395501500141019,0.5460116735422565,0
0,-0.42458245865957805,1.1207376469344423,1.230993376626293,-0.616519021959377,0.005346467708195586,0
1,1.324869544344456,2.2013430473984563,0.6523215877051296,0.06932722904651584,-0.23705115191251808,1
1,1.4592291768874615,1.9063713795027026,0.7964693457207853,-1.4258990187428282,-1.1123669955562097,0
0,0.8915739326855094,0.4990924464168085,0.7375913685167031,0.7936357029271537,-1.2878647222365807,0
0,-0.4933828082738651,0.018058171565932632,0.02539272665625731,-0.11760571835677901,-0.16623744248330813,0
0,-0.4318563989703924,0.6848232628406523,-0.7923143927369756,-1.9796514475229972,-1.3881935388092603,0
0,-0.6771504909702905,0.9424527672372611,0.4347641924895456,-0.5666110775205849,1.6479135709035135,0
0,-0.8892236876617109,0.48481440768716905,-0.4027766270922433,-0.2863259552332663,0.09694991388483402,0
1,1.784202174175297,1.0578299949125807,-0.4813512008599099,-0.1298737040743677,2.0927152537732607,1
1,1.721741998643926,1.3761911370280395,1.4824718871365876,1.4196211687327562,-0.43561464956986085,1
0,0.7696571117012111,0.34420201978565385,-0.3809959915768428,0.5784603620133554,-0.5905194014478363,1
1,2.2248454046361577,1.9026469424276864,1.70613040240663,-1.365456277963046,0.590869210120458,0
1,3.0382700287190847,1.3535136712738696,0.2567663411488036,-1.489508301571187,-0.25928078517636677,1
0,-0.044323660524657506,-0.340085128264243,-0.15914773147401648,-0.26681650090796677,0.9730841490861157,0
0,-0.15631773827772424,0.9505241924266993,-1.8175617239089583,0.12621027822443484,1.4382173039871238,0
1,0.8198641929199845,0.7566081712886253,2.1198557279384262,0.9923844891427832,1.0991503761899304,0
0,0.41794690048579536,-0.5647990533797509,-0.0059695552544383025,1.729893314412446,1.3644189617927025,0
1,1.6711205448678035,0.6037233142991516,-2.2707797945040977,1.7842225174699824,0.8175862477827326,1
0,0.39075978300641,-0.5661304917745944,0.9877256321413548,-0.44235003467111306,-0.5490502006109856,0
0,-0.6834745315430399,0.748406926271402,-0.05019181203710062,0.9345513481518549,1.1398766968405665,0
1,1.8109625134160199,2.1684996539079218,-0.9313254520997714,0.4256286989235893,0.6976005710745069,1
0,0.12311977077236506,-0.044427320679101885,0.9311834148391834,-1.0907865320227612,-0.6177279129450066,0
0,0.08342102393621204,0.2977886373340683,-2.548732397035153,-1.8878948288099966,-0.4909127188924533,0
0,-0.4099595449143144,-0.00630274657434956,-0.7140951943262096,0.1441081595996221,-0.09181075340118049,0
0,0.713594789132039,-0.715186095571773,-0.2994023926691449,-1.4951690036101248,1.1114795605937913,0
0,1.2301845473868067,1.33086420460466,0.8521879471107873,-0.8514594524061138,0.11692918521829167,0
0,-0.6662064157785692,0.8248439790419861,2.2402515447315063,-0.6848327898876354,-0.005649052519788919,0
0,0.4322663877557748,0.2126516431978251,-0.24476881308231896,0.21875133241926462,-0.15915124213117265,0
0,-1.7267100908042334,-0.5135339534353619,0.45994419480171905,1.2806212043999554,-0.3533476382585221,0
0,0.40116596968947504,-0.1349606263018677,2.748388294793152,0.012743458306455742,-1.1639194922671257,0
1,0.4779072300749472,0.9845446691480185,0.004736807893943307,-0.5388825134025421,0.7952248164194634,0
0,-0.3149804087395548,0.058549344557081405,0.468199056023288,-2.0684669299972414,-1.0174106291445453,0
0,-0.7878147970525503,0.18595390475960905,-1.2373514975055364,0.4583735496660603,0.06762531013281485,0
0,-0.1293668969696376,-0.20467529628621736,1.9591671616419648,0.028561512887523857,-0.4088524682798802,0
0,0.5032762190206971,-0.8726476517442012,-0.7129763448856498,-0.5496869137597638,0.7663383138959552,0
1,0.48561204176378636,2.67923539142953,0.26857129518005507,1.1660917645396707,-0.3420050341775316,1
0,-0.2156878137093833,0.14251604809881052,0.2402357871197975,-1.1908039433415503,-1.006242529598899,0
0,-0.30802126128963403,0.27395520011665636,0.08533832201513372,-0.6848812541923082,0.9893088927565863,0
1,2.5486292103231247,1.1465543683550083,-0.43431367790342057,-0.24502779483301793,-0.8259909743277257,1
1,1.859056604710171,0.46279333080247187,0.2413262450066115,-0.5621834271826401,0.15468025969960442,0
1,0.8936697320359466,1.350019681461298,1.7573474752102989,0.5507544194505164,1.2738006378501252,0
1,1.3172233725817604,1.2060667946078596,2.280933975912983,0.46391383049082485,-0.7301365776873704,0
1,2.533662543031319,1.8257206284317462,-0.17514287392427544,1.0509700255841425,-0.10351482783473419,1
0,0.42861919006441457,0.5436465440257019,-0.44946328901126575,0.5023203703787291,-0.431181063801782,0
0,-0.5509400774432529,0.45901768782562236,-0.8087644274274024,-0.11537363153501445,0.1314495598349482,0
0,-0.1602423230298534,0.5929634015502894,2.686135606372313,-0.3398178837340391,-0.06846583153599246,0
0,-0.14106548904488878,1.082199484485959,0.12883489829682046,0.4552776557136514,0.9203994742239979,0
0,-0.3227891562934833,0.23391104372133356,1.1150425695705213,-0.19030610421524286,-0.6207193775257933,0
0,-1.0261272937930137,0.6595294924859006,0.6966606412791607,0.04722723501684655,1.2741850204841498,0
1,1.193426970766019,1.696316344301437,2.208401698682708,0.5096832881963614,1.6046655866661519,0
1,2.4335195835192245,0.2599787600132495,-0.24770027808243517,0.13855585804597156,0.2565447127037395,1
1,1.371313307763295,1.3072878303873745,-1.1070683090262663,0.3085951676098503,-0.7901447782895089,1
0,-0.06195217827655143,-0.5206269041422701,1.8594517516870523,-0.7909216885443803,-0.04110889969141696,0
0,0.08431538811214444,0.1388599984226164,0.9033064446414645,1.3497056112206598,-0.12487902958321259,0
0,1.3308848368272754,-0.47460609558818223,0.4562831023212513,-1.1066728847851421,1.772366713660068,0
0,0.005324862850176813,0.363408534018202,1.5351926264139368,0.4391977317841035,-0.10317001095070696,0
1,2.256367212150107,1.988616858883757,0.5133304855482658,-0.48584068196777475,1.3827974274926733,1
1,1.241091896769282,2.122142027612095,1.5699006906397102,1.0823460437760386,0.11145170525125864,1
1,1.4443604436985051,2.37155693691456,0.246591895509006,0.8837408449898644,0.04583149636943185,1
1,1.6075316338661712,0.3943855495574644,0.9019488247018836,-0.0020498127759394215,-0.3543974040507058,0
1,1.1355202348903695,0.6805999790319089,0.526391325444487,1.5547203946167283,-0.261092317179643,1
0,-0.12223066836177458,1.7566891117398709,-0.32528373503022706,-0.1873992196387847,0.8897152052510982,0
0,0.5328305614879618,0.6057142319157262,-0.20539044333749268,0.8816918893199777,-0.7306024098703626,1
0,-0.48021873665513,0.13466878262820706,-0.3928622153101874,-0.7262308395576645,0.9597375663334025,0
0,5.3418578182992446e-05,0.019222506187137268,0.2654870953163329,0.40497380759755874,1.4408733879198794,0
0,0.4252401309935595,-0.03411608825695155,-0.45580240639850866,-0.9324603242874541,-0.5918245438120832,0
0,-0.49467962928764664,-1.160247934521252,0.4358995641038497,0.01947126336961287,1.2079719083100313,0
1,2.2572482755689736,0.9366025372259046,0.40190156667265364,-0.051412153739808356,1.0482378614429355,1
0,0.043730087826793614,-0.0671085567027953,0.2051541335730204,0.8785588040109642,0.8692110202065259,0
1,1.5009264619964262,0.970484074723768,0.22251866973722093,-0.6707499404270815,-0.636062502003947,0
1,0.3951113165198714,1.048918405670351,-0.5661584224453049,3.0733503376776574,-0.1194075936047109,1
0,-0.22416746520808414,1.535238853188371,-0.281976367843725,-1.3820867612121546,-0.12076970278416842,0
1,1.8229554496871818,1.2490081750601594,-1.6706088260128131,0.2329491681403389,2.090677567496112,1
0,1.0472070112814806,0.1668720049600387,-0.11986934630206782,0.2877906952392979,-0.01006288173056582,0
0,0.3407334924669677,0.1455217710022331,-0.985811230121146,0.5380938712672834,-0.18328926729283443,0
0,0.6757297390670093,0.35367569917385006,0.09985243078313219,-0.5153926345739941,-1.147935405189233,0
1,0.8745372558268368,1.1136303404779386,-0.7144891224134624,0.2417704872475942,-0.9718554510439666,1
0,-0.07609349739177265,0.7481887488232094,-2.0506727984488626,-0.5644482353350836,-0.6841482053085942,0
0,0.7324478653973183,0.2661373161640414,2.252442979668475,1.873140266277879,0.3613375632672485,0
1,1.0673598697600464,0.6277013757652001,-0.2314293733456797,-0.6351075375310171,-1.4240596114742554,0
1,2.179133577383862,1.3354976004622228,1.4470578616836998,-0.14802080439187432,-0.6658786128695493,1
0,0.4399907187601998,-0.10328899240307435,-0.5269896985686852,-0.6633336674367282,-1.8609872919171604,0
0,0.16483418906989208,-0.13089927319837366,1.6981164243082503,-0.8002648237067083,1.4019042597388383,0
0,-0.1972215750815849,0.3055780813338504,-1.151697863418251,-1.4010865789974365,0.10640796779658306,0
1,1.0082229072565392,1.7808351135075324,0.17603157585555332,0.6720666861847095,0.31041172648797466,1
0,1.0652275764619883,0.30999184968839155,-1.09228941964754,-0.672818207542845,-1.0899866382928671,0
0,0.3791175106344183,0.20334921484653787,2.6007431886278556,-0.7971501426032249,1.161293170072348,0
0,0.20436967480526932,0.05138262459370508,-0.24926147473847923,-0.9631690423484875,1.5030611795415982,0
0,-0.24770984892135067,-1.2907242024673844,0.8284525529557684,0.3043837419909422,0.06692262119912018,0
0,0.022722977753986653,0.46673557736290383,0.45057742631884107,0.021674509146998068,-0.47912033532349685,0
0,0.09883036198201971,0.293012457063886,-0.02551562678531521,0.026258269909864157,0.5522452039339528,0
0,0.23992541084014365,-0.5908567660027445,0.5177198645830227,-0.7613604826626781,0.7347971753713093,0
0,0.4406041730831605,0.16834936703798484,1.359172938665253,0.435232781334747,0.8703347768542306,0
0,-0.46948291551305493,0.38876308864813397,0.6682059310989432,-0.662348727946988,0.6638907970137076,0
0,-0.8799581792922025,0.7027482391350366,0.16245487327892852,0.07018121673740443,0.963992421961423,0
1,1.6505685107640986,1.7061808659043323,0.5193229379783495,-0.13973326388212243,-0.6926360781363088,1
1,0.5516695976051431,1.5929610840898203,1.9150386855327848,-1.6884847801342355,0.91190740993941,0
0,-0.1941965969961827,0.5680633905004457,-0.41681037307902324,2.0287840197222775,-0.45380124288296597,1
1,1.2944861019329426,1.21607598788353,-1.85388690464819,0.574787686533363,-2.509929478330239,1
0,0.2950489153210015,0.2472019317570315,-1.096500970645271,0.18020608569494426,-0.4629839062659087,0
0,1.1895582212917852,-0.3726679165222937,-1.0221235077722362,0.338035893715528,-0.5539033326785618,1
1,0.4332456256578634,2.066178024572782,-0.8812796363733184,2.0523301561070446,0.2410370319433136,1
1,2.9645110181910406,0.43417333144599657,-0.8469069815160023,1.1368664366437353,0.8379910153352155,1
1,1.4601549045285844,1.8900423044901944,-0.023599575149028402,0.34876401359279413,0.192812180040039,1
0,0.20868520930354797,0.010625377108804283,0.24741792889379782,-0.70830851562031,2.008637861241289,0
1,0.7511007054257701,1.9792323984357758,0.23667172545886705,-0.5505412837906661,-0.5250335218741351,1
0,0.5981229421357923,-0.4683266222347786,-0.7302779135251883,-1.803256377518378,-1.987712531370158,0
0,0.02488352181103451,0.05399014728977762,0.9939000677948053,-0.36828240352530817,0.2779940562671418,0
0,-0.0368804467129722,0.03637805383876685,0.5344558217785341,0.6618383704752678,-0.5448520966356094,0
1,0.4375689310582278,1.6603301360302734,1.5813086374574774,0.6336288982725099,-1.0856849181162813,0
0,0.04427808830845644,-0.6285371703887883,0.8467610404467162,0.6161459956972797,-0.297533280552999,0
1,2.1074969942899444,1.781729052850612,-0.34953175858877167,-0.5153640820084743,-0.78341199045162,1
0,-0.14176718128991322,-1.1075364768434142,1.3054883036324958,0.5510435823823195,-0.6847885310211742,0
1,2.3045196073864904,0.9992947657295816,0.27358608631285514,0.8241840397884143,1.522503812109686,1
1,2.2797371031348175,0.4623619957164806,0.7979786188805502,-2.22695373915663,0.12432447829787882,0
1,1.2153427703554913,1.8969316398113756,0.7204297346973361,0.3044224652514507,-0.26536124253417886,1
0,0.9570683152784356,0.24007846650542167,-0.12431983327974098,2.081050763143624,1.5976144186228534,0
0,0.02717697859504942,0.2736231881392419,0.10327038043060505,-0.29146452669902706,-0.29547657279002676,0
0,0.029847150472698404,0.8839136377491356,-0.1313746320541986,-2.5218196408689475,-1.2301285715209795,0
0,0.05938873356163865,-0.1895650014970814,-0.8529462882415292,-0.8126588519743125,-1.3264569477876467,0
0,0.04158945056467556,0.3657514088475961,-2.144694777955665,-1.8145392911364588,-0.07999604845646911,0
0,-1.578080013995105,0.03961340830588507,-0.6938055527670159,-0.6343598681267126,-1.6422513827423533,0
0,-0.11130383891383246,-0.051740732801164854,0.199165656466386,-1.224065981151921,-1.1724568986401616,0
0,-0.8183678829974725,0.7839754992473376,1.0855848792237237,0.9308554474208542,-0.38125644150472043,0
0,0.975801421329406,1.2491276180412247,0.7959899884483054,0.7785148049367516,1.131938450062381,0
1,2.55164979503272,1.1411200022819512,-0.2796130949882382,0.34298750097849007,1.2918128123276738,1
0,0.5111629994733526,0.5002317549119298,-0.6801766338202929,1.2262313866287786,0.6596471638611792,1
1,1.456919537596667,1.5914701475880864,-0.17987419129288437,-0.5653796676632746,-0.0038757744960794768,1
1,0.995191038037781,1.598667453470265,-0.9750064635784517,0.07355054324532377,-0.5704054194756515,1
0,-0.39454860076536286,0.14830663742009267,-2.1152696273499054,2.1944118224950246,0.3883585189183941,1
1,2.7655851438556196,1.200153205123305,-1.5451446249747471,0.5852812358996035,1.7819658169654682,1
0,-0.41531843191197626,-2.1509883365530214,1.374741358161484,0.5827960739170097,0.14141698426130966,0
1,0.18664278736836182,2.320885594759093,1.8572849054384897,-0.7675433758778555,-0.4620002692429925,0
0,0.6180993050912361,-0.41683955260343947,0.7539409739313937,-0.41657422253554144,-0.15766523856016149,0
0,0.900301868170736,-0.14493428697036498,-0.058152625250118606,-1.0029565989527338,-0.2666923388320952,0
0,0.9955294122999133,-0.1321757400108528,-1.3929803726500403,1.6809126132855228,0.548759380707895,1
0,0.6230088025495971,-0.47028203595202667,-0.16113202552486916,-1.5582106480966516,-0.7636735968312967,0
1,2.320911806340869,1.544144085197373,0.6118392476737115,0.9141389719288129,0.40618250574921133,1
1,1.6317604444321252,1.373412538746749,0.8298812724939856,0.5811211685129576,0.5681615510979264,1
1,0.3542226259050023,0.970078412702277,0.6888110008150006,-1.6033634888613535,0.3440467006561688,0
1,1.6167286249000083,1.489581209990813,1.2095680676912657,1.1424073125786114,-1.0862431509968604,1
1,1.9729436634516504,1.380171984224981,1.9429522642112145,-0.2586989484014742,-0.14947314455382224,0
0,-0.0811620339397502,0.5567031427728613,-0.405022351740115,-1.3208874796599568,-0.5267964560688608,0
1,1.4914983287562311,0.5957703273909604,2.8053120481030978,0.3644823476182103,-0.07385349296142593,0
0,-0.5784708234109933,-0.4832335925350698,-2.0199375483674173,-0.8224836304887156,-0.6666105608933661,0
0,-0.6010432459632156,0.43517856650244285,-0.7783114455551967,-0.20493563272476223,1.2433419747979642,0
0,1.102889108859642,-0.3838457660689338,0.200000253414752,-0.5057500701083459,0.18688781184314482,0
1,2.7246078219280854,0.85795864247295,0.5490259226184154,-0.8791209300447175,-1.6181378157847086,1
0,-0.0015882787476621146,-0.35417456460516655,-0.18163565372659077,-1.1884031302527271,-1.3297168902574783,0
0,0.16891416305575616,-0.06058723001362973,-0.4957659397466456,0.7968345766206809,1.204757182337148,0
0,-0.5885148342222113,-0.058307361640225056,2.2025854140049628,0.3248761209698765,-0.1800725200637243,0
0,0.38554490996367236,-0.1259750616614,-0.5435225760948096,0.26066205987332464,-0.38981105586297826,0
0,1.0557895029685198,-0.6171390890691898,-1.019373959230437,-0.36422720244345586,1.12854080860316,0
1,0.6824615320331842,1.8638953563521188,1.6908256528821999,0.05129652627977901,-0.15151701751485028,0
1,1.8783299798214363,2.1957318573546063,0.8491526911596001,-0.7360537381273615,-1.1951282850209097,1
0,0.32341334558702417,-1.1462572118320387,1.0947172217477035,-0.7533019466691219,-1.127640536178923,0
0,0.31656390893355446,-0.9321243704541157,0.19587123757553213,1.7102391998162583,0.6275124892697344,0
0,0.9856906007090814,0.6017141848649924,-1.3759866908279061,0.8845423766653827,2.029461444532899,0
0,1.2216109273026914,0.9418778043754433,0.08461971483258673,-0.5614523645280017,0.8395656855885405,0
0,-0.1400902067235974,-1.277507383022842,-1.5136875947111803,-1.4961634136070765,-0.3818889762706203,0
1,2.0039042032938146,1.8892619007673002,0.2423070655947365,-1.7010861672915907,-0.2267182146788244,1
0,0.05054022343563562,0.9827279318692677,0.6534029337804097,-0.6341756507508581,0.04847600086734732,0
0,-0.37926917576381747,-0.5174473594996869,1.0754196875828823,0.1077043529925493,-2.0199684859431057,0
0,0.16248849412860875,0.9478006961359264,-0.0923880998009071,0.11836816805876298,0.02346896533451134,0
0,0.40289971710014877,-0.10679656852800355,0.7480896443859137,0.1483195709177671,0.5840908764260916,0
0,0.13015721125019136,0.18878225434387189,-0.9038455403364709,0.33422204726513055,1.7729381839892835,0
1,1.0712912743083296,0.9684600112717466,0.9666314574677333,-1.0383616561440734,1.090734751976517,0
1,1.3218636160865935,2.000617115612833,0.6745779360799176,1.507751507945671,1.9299240148934784,1
1,1.3264555478952056,1.9006712705692799,-0.800257597286557,-0.19738638068667638,1.6805818231829484,1
1,1.0945336270415775,2.434825613437894,0.5303626435766918,0.2948427305310591,1.3946934067634205,0
0,0.18812374896340125,0.8643644214661347,1.0897212100605953,-0.6562038594828798,0.02620141707437821,0
1,1.8508672577758467,1.3945099734696587,0.0786459241816492,0.3114892983919865,0.3448561815508151,1
0,0.5877105605323177,1.8650271691091378,-0.8225126288905922,2.076972667751993,-1.6701712368285968,1
0,-0.5145734088963787,0.8104755890842201,0.17775580506590558,-0.9893351184311101,0.1303488056096475,0
0,-0.346487211737276,0.3243096210273941,0.5524507468840025,-1.1155942295706953,0.5661603818742029,0
0,0.9327416711587426,-0.598292638592167,-0.83001945061577,-0.8645353151032883,-0.28336130310838875,0
0,-0.09869751844375212,-0.918019637536581,-1.0076439388280212,-0.3331544910066363,-1.541635970011072,0
0,0.018078617550980364,-0.8670167142459964,0.5216223418559669,-0.5214010264442706,1.5828024166496604,0
1,1.4949377671626105,0.8398007078452725,0.823317951775014,-1.0406607408492436,0.4060698614184011,0
1,2.2798184912329864,2.226381593534137,2.14975734774323,-0.049662314373275875,1.7206102420177534,0
0,0.7030852084290174,0.2922533480025139,0.6657266223531276,1.561140855213137,0.7421734374639074,0
0,0.6679248603533087,-0.3680239100210749,-1.2090817009760504,-0.14981880882960336,1.3684432341131776,0
1,1.6159405668145288,1.3184785934619754,2.0397835383250227,-0.09643904169615379,1.1630886328819037,0
0,-0.523461586493401,-0.1546478417567316,1.0549871479794146,0.3429428402504664,-0.6794220439599963,0
0,1.1551278466555526,0.4800304023141978,-2.005271121668449,0.6476647741314893,-0.5089706421828554,1
0,0.5137853861733103,-0.527278657461498,-1.0302900122685545,1.373227973932898,-0.4283780342433787,0
0,-0.2739953888354338,0.20981183166974568,-0.49155842090493773,0.2400413876089237,-0.9663582098524252,0
0,0.8542913081666467,0.18005146556802007,0.8380981921614563,-0.002656418831732758,1.7651195801164306,0
1,1.2786346508445432,0.8906791939082529,-2.379454964417904,-0.9915325730407026,0.04226970621234813,1
1,2.446422041913194,2.352803617526209,-0.11911241608643543,0.739961293767268,0.4595081467930158,1
1,2.486970753630695,1.222657276086123,0.781048855455472,-0.8445164060426749,-1.331029629190342,1
0,-0.5528896630086335,-0.5956500747337415,-2.8341124155091135,-0.8754991392001988,0.8185841154929447,0
1,1.9490549818125766,1.9117279877121156,0.7467584192883641,0.19313420881970597,-0.40945328815486565,1
1,2.0693144223767974,1.4326973462927852,0.8669434518918746,1.5415250486094727,1.2609714163996424,1
0,1.568945519751799,0.24505698759543268,-0.8466525365482825,0.7264569916257283,-0.6854110565112488,1
0,-0.4453806705803142,-0.7108078801149239,-1.1532872683290971,-0.037532936573936214,1.3318879290811043,0
0,0.8595259661962974,0.48744975098518323,-0.8622935558245262,-0.9815897207558789,0.940859969941571,0
0,0.0104076108201325,1.3034570187147325,-2.6720978842487315,1.5221132710652538,-0.4656898349750325,1
0,-0.7448185101483416,-0.7577002378706779,-0.3261898941207002,-0.056579819027766994,1.4178407565600284,0
0,-0.0719923019005723,0.21252528359371714,0.2195962557529683,-0.29020620509882683,1.1488012965685712,0
0,0.0014788566598242638,-0.47118581721000746,-1.2193367972931106,0.5551669460532002,0.48963194135162647,0
0,-0.6353341158691733,1.6137636357584777,0.9720495825584275,-0.4480507247390829,-0.9936173972604343,0
0,0.18730417131091767,0.74377948689015,0.1025671806553637,-0.753003815789836,0.8001123470803062,0
1,2.174685553299149,1.5692644058179819,0.2600177481534508,-0.6570939103874727,0.06601005000632727,1
0,0.14292039243720747,-0.7367204855216524,-0.4019966628843163,-0.659762603916201,0.04934851531651749,0
0,-0.32510645362792595,-0.5916336448657549,0.7430439480223929,-1.1273670712647363,0.07382964711761453,0
0,-0.0890832410441796,0.44776470340907326,1.2905606858558847,-1.2389225713911283,-0.030121039501254665,0
1,1.5972739859239293,0.5825046813695054,-0.4075186424710115,0.972029812137327,-0.8656234791024713,1
0,0.1303929764886292,-0.7986683068452408,0.7610317708949567,0.6688411305451388,-1.5153605491364701,0
1,2.2658984573440186,1.4052987591007267,0.7720274578280699,-0.8227978596840445,-1.7217058874619229,1
0,0.1631638520316536,0.0800500017261447,0.4178706098415265,0.8884023586780654,0.2993424515035849,0
0,-0.8416179771778263,0.22801884431657624,1.6770541941065122,0.30931277291933157,-2.4238126351871103,0
0,-0.3373926431932148,-0.2637151786902682,-0.7264896727006454,-0.32379364221008405,0.7262228335923564,0
0,0.09961263053798201,0.5520879276786511,-0.4215483150369508,-1.2258306613213117,0.5061659702408596,0
1,2.2744746909724682,0.8829111722141438,-0.7769593763625023,0.34144709742466905,-0.3027264314063221,1
1,2.378707864921931,1.7759866121338646,0.7250216447410412,1.8653805465694553,1.0265272168474346,1
0,1.0648112049524732,0.12847240720087524,-0.2724862647495277,0.014571539634665382,-0.2600720069608994,0
1,1.678368638547583,1.7603894513771192,-0.6957491389468524,0.998652976595707,0.4185667823512483,1
0,0.4579855053014961,0.709198831155323,1.663147626744539,-0.2117178596961014,-1.9581719548242469,0
0,-0.8726769206417816,-0.27319940706292883,1.809505814060753,0.9218349343125384,-2.2418220747343125,0
0,0.25792894389688975,-0.3966465190916571,-0.32869290626158026,-0.15021158483774114,-0.23532764096484626,0
0,-0.645158460876517,-1.01303625369095,-1.3674080700396074,-2.405327852769715,0.42285594965090695,0
1,1.5624764825471502,0.18859874244629826,1.8635174503489524,-0.7217351961389874,0.9502610136168022,0
0,1.8179030333232853,-0.10558449484168675,0.470730537746453,0.1322607760062905,-0.1772615099306899,0
0,0.18213254171425783,-0.06451372852176819,0.4207223756129236,1.0826244194567818,0.24656743416977175,0
0,-0.5182879315081973,-0.651649874366296,0.10500100959557308,-0.1534996566336755,0.7862393108748313,0
0,0.24467340357474324,-0.522659819921065,-0.8003177287009094,0.029815353586607966,-0.12775964556577726,0
0,-0.3102451119536128,0.9140723143775573,-0.4132854559386964,-0.5872686246144548,0.5872581874842742,0
1,1.0235535321054694,1.9255038681816876,0.6777200424378053,1.560926512724463,-1.1288102145108796,1
0,1.2618837200343005,-0.756964124832974,-0.44756036053416426,1.5006895210123234,-1.6564311676498982,1
0,0.6400872157600517,-0.265408830671343,0.4329835282515518,-0.6762443245410552,-0.5338641482779112,0
0,0.20732197499744695,0.243601614993842,0.013365577156829674,-1.516410660754228,0.7747505123021937,0
0,-0.23509397414852473,-0.3758706146163247,-1.056886981001492,-1.807198082017861,-0.7110449255664817,0
0,-0.18647368978331952,-0.48521718924325946,1.6211306428061516,0.6034085264205965,0.6508075224985762,0
1,2.5254891201064904,1.1970525297304808,0.5940329275619539,0.13522092503440442,-1.026975482114464,1
1,1.7839465225987408,2.054396531199484,0.3306476758996663,-0.7817945401483878,-0.5825140909357042,1
0,-1.8496830857692879,0.7088407815112435,0.5550212208093948,0.2718417085056509,0.24204024198064003,0
1,3.0525631093953023,0.9587319093246378,-1.7928917086883331,-1.2303248769928818,-0.6674202256315415,1
0,0.10983741418337102,0.2763306567805867,-0.49317960205361616,0.7949232092074997,-0.4979569529796798,0
0,0.20602140344089015,-0.0038470517266502927,-1.527300540426841,-0.38230988029898627,-2.6084132707744736,1
1,2.252016888060878,0.7950587045083696,0.12468621979131778,-1.0814590702112945,0.8392462291997332,0
1,1.879241696386952,1.221755292049974,0.32591220443373164,-0.3670146994624367,-0.11859899920431317,1
1,2.048145170630086,0.6414594872014163,0.14133882491400304,-0.4014753701930101,-0.9453274530385966,1
0,-0.25423408041895484,0.6978331422918574,1.1785891533359611,0.36505836840291495,1.832605010378432,0
0,-0.7378771943798319,0.9314832255931818,-1.4973522142023494,1.1659975791029302,-0.7891336349162209,1
0,0.16813966888391793,-0.24634384894445419,-0.7992509723702166,1.1141339414127562,-0.5155386642107724,0
0,0.858968791364754,-0.38944758752658787,0.4143479994793322,0.1596315176718564,-0.9617854585194715,0
1,1.2113184649701294,2.0327566625891453,0.26393665724848114,-0.1871906523683003,1.1037707626791835,1
0,-0.43681439689186585,0.7296893645880107,-1.31543073288451,-0.5686435677259153,1.4337908166349176,0
0,0.7326115562279625,-0.6686468411355092,1.1965298679793046,-1.7680198924669173,1.3338932721461036,0
0,-0.2743471230846548,-0.08882680125159012,1.5432221224850806,-0.019213646367009278,1.3243607334024103,0
0,-0.24633594830064118,-0.03536303272274049,0.4255870072771317,-0.8510114628109127,-0.5973100589685642,0
0,-0.22388656376774516,-0.4624657641929514,-1.5090713985596969,1.2183387261941783,1.6724287104578655,0
0,-0.038988588594287464,0.23158901645246877,0.15972524538850544,-0.20072079762591638,-0.19560507134797078,0
0,-0.9441828575412232,-0.4199672010503706,0.3403425659160639,0.7470859935275763,-1.5426371193238007,0
0,-0.3236040675249759,-0.32415644721382514,-0.27184231636800577,-0.4825129100849319,-0.42648357163782763,0
0,0.13822081148383317,-0.060805637901024626,1.3472446280811023,-0.6754824647822377,0.32595280866558457,0
0,0.13394276170489758,-0.8934373693352153,-0.11593866063765039,0.6047902674719088,-0.6448252434472649,0
1,2.294795831547752,0.16612803801401443,2.104542354056488,0.27763396965101067,0.1468974494161175,0
0,1.1036353333168827,0.5509634199829958,0.7831172145335363,0.3222072636981806,0.5365898761866076,0
0,0.9074900679986417,-0.4441938534671082,0.27608012996203884,-0.09377925534826013,0.4106133612062904,0
0,0.5487914304443606,1.2809184498150235,0.92042738400042,0.7893900878979194,0.6551328748239426,0
1,1.5107592455396757,2.583102755050196,1.5308852731317635,0.6447728690667461,-0.18004843973946513,1
1,1.226158558025872,1.0961128269685667,0.8990520174437846,-2.176820141332528,-0.7272831758365457,0
0,0.01072705950504119,1.403431797349576,-0.07583501668383029,-0.25745334122329727,-1.4701718556514525,1
0,0.3513472618637388,0.5625447176325458,-0.6599202672573723,1.0147407760676095,-0.08800428903262841,1
0,0.4931626789474006,-0.3871882817658458,-1.1221073372647838,-1.0195349912217828,-0.5372303350062132,0
1,1.9738514401095102,-0.14910384388736486,-2.440719109853175,-1.6923958208608505,-0.11841804545695804,1
0,-0.07270528282563153,0.41289308256019586,0.17423338029748545,-0.13878184335042867,-2.0705889328642897,0
0,0.4721173439053569,0.018777524928687356,-0.38766963811889976,0.5207358588973382,-1.5184353915777915,0
1,2.3565235030501017,1.6588169514462192,-0.3341285399526588,-0.4604813483109736,0.5099797612510667,1
1,2.1280962304405246,1.2626982940973304,1.0288575343335444,1.292946259703771,-1.6354814695540818,1
0,-0.019207833098039393,-0.6863141583593186,-0.11207251063191619,1.8436220518708573,-0.19003503183044357,0
0,-0.500309215503604,-0.2562159986527041,1.8951036482459014,-1.9250775383648886,-0.8307957844085133,0
0,-0.5145404576328645,0.4239823715670237,-0.5730998315391933,-0.38399431273163326,-0.8943279365307579,0
0,-0.4087305741553089,-0.21262522042452658,-0.9709511624206272,-2.281841421944396,0.08530735919605485,0
0,0.15424511920495793,-0.21625071440556443,-1.2576363743505876,0.661009083363782,0.028560263583837647,0
1,1.91188225213338,0.4883677471654123,0.7227510576976323,-0.6798557833644203,0.5462788967899187,0
1,0.7512806092335822,1.454720289066965,1.1514860558300648,-0.47580548644841225,-1.102005239631169,0
0,-0.3023970650181305,-0.6671591648925177,-0.5943948962587207,1.1480919392975795,-0.8844568024971173,0
0,0.14597127918323632,0.5511157198188674,-1.0639827021268937,-1.3283964828831105,1.1232305114266792,0
0,-0.5398079460585615,-0.4404605401381091,1.5302762220608312,-1.5795615705197108,-0.22463220625533975,0
0,0.2603424918357628,-0.17742245429745418,-1.4504018803155287,-2.2774756018260125,0.365889389404041,0
1,1.4155430254500607,2.698390139446623,1.0102201778666928,1.2705275263824707,-0.4971203813813395,1
0,-0.434052163001554,-0.18394453362035268,-0.5709813603228443,1.0382189574222174,0.4552447036014217,0
0,0.031923259469338515,-0.2643448896798456,0.39709535711018784,-0.2938880728617744,-2.4887501719441967,0
0,0.23536819774746034,0.3513731915393585,1.0769217223206249,-1.2752454673681097,1.151402109012928,0
0,-0.5091173485619566,-1.0711570813353917,0.4762561896874243,0.834097304950626,-0.45528767791926306,0
0,-0.14556742788842852,0.7504855930671154,-0.29525606278902805,2.75467557987904,-1.2489203989777375,1
1,1.880607026384265,1.9963640260733566,1.3960972612141203,-0.23568762410081895,-1.0624964462398052,1
1,1.1427458900099396,1.7146710469248352,0.28910138492964804,-1.2029038931308162,-0.26358801732743514,0
0,-0.9946541042543411,-2.0262584960857857,3.6825095059822104,1.241692745580708,-0.1103954113893812,0
1,0.6780556925861475,1.244352980914534,-1.7051546673252722,-1.13248828613947,0.14119351246736972,1
0,-0.2508305184341818,-0.7637197356031997,-1.7199269732363143,-0.3666745133272728,-1.1926524516161874,0
1,0.8089490342169171,2.074464070375724,0.994260567933725,-2.63870978997273,0.8711711908690953,0
0,-0.20863313710574755,0.6315366523536069,-0.031751166065503426,-0.30327332245536753,-0.5242744001925432,0
0,0.9989657107036073,0.2328059338984641,0.7926093953132728,-1.2782872210902028,-0.5743138463920019,0
1,0.7728409673867912,0.6781332817159923,-1.0983808898760943,1.2588328526749286,-0.2262684409612512,1
0,-0.16956291088662048,0.8965765263149582,0.05413274921397746,-0.9761436400172981,0.6628315135186287,0
0,1.2793827325628306,-0.1573566834116927,0.4573174811161645,0.779809628174838,-0.03390069434679221,0
0,0.24487804978542593,1.0832226401403395,-0.5437108437150331,-0.10493876806001426,-0.5423436729674332,0
0,-0.2206339724853597,0.15923224011758905,0.2318297058432619,0.12536445993517284,-0.32374363378225574,0
0,-0.094129580711543,0.3040848113499888,-1.3615261808781902,0.5222210799848434,1.219155998550807,0
0,0.2576175050359667,-0.2761826307375181,0.39482285814831775,-0.05345331329138289,1.0553715408283801,0
1,2.617463158376464,2.2441733466690854,1.4454480243705408,-0.6478043678861966,0.3658392260055397,1
0,-0.31851216448634556,0.365060330576165,-1.237577964517987,-0.8120262567308079,0.14860920991984827,0
0,-0.4545661697329696,0.865735015508773,-1.2979533440178432,0.5089798800291158,2.313606697643364,0
0,-0.8272852396681364,0.10652471912822387,1.1899210637041624,-1.9017385265327504,0.4635145498838945,0
1,1.6618576195058825,1.3717768044465202,-1.3156378093961274,1.6781643812833407,0.18061051804286135,1
0,-0.8434124218907477,0.35707809773928656,0.8406009784750912,0.1318217278130731,-0.20208344436749112,0
0,-0.27826957489307674,0.8655243054547248,0.0553484859464336,-0.33739491018882556,0.3568072098458282,0
0,-0.5452100646662114,0.6100405843435033,-0.417821942827561,0.26608481222741037,-3.0452532856329655,0
1,2.2444741061404634,1.4829342842925635,1.46652482800599,-0.5942977789985715,1.0277155602818069,0
1,1.2949621675799166,0.28566889542326,0.9281478084170255,-0.17804814604817612,-1.271769087790736,0
0,0.23815819680336955,0.48623162362279415,0.27971562829187,-1.131722899054744,-0.7180787945213387,0
1,0.6375447989868623,0.5367771215276049,-2.152666518543783,0.37508593380991884,-1.4001825221560686,1
0,0.07890417267170734,0.021003453691402958,0.7122537164010486,-0.0784558311111883,-0.736414476885226,0
0,-0.7218961835164492,-0.06945971242234504,-1.0708599258190108,0.1874689672050717,-0.34032541434096597,0
0,-0.25538909995791553,-0.850661089839368,-0.22138194922990814,1.4831398464138708,0.8893511858553261,0
0,1.3267215445537344,0.22350185392429991,0.00733406842951939,-0.8042083876844339,1.2890647035740026,0
0,0.5593046263445302,1.2925906441243662,1.8972773212249685,-0.12888375039939085,1.9411046892249664,0
0,-0.07704754969878415,-0.18756331870795181,-0.25324205794921395,-1.651415562344076,0.1022376748546594,0
0,1.9193651458699177,0.45952779744787786,-1.4227718360529964,0.5500322023103386,-0.2190635425439266,1
0,-0.5491048142239906,1.413413903245265,1.4696437083235199,-0.01748464149501632,0.7795678674920737,0
0,0.6991298292452168,0.5175679314053242,0.7257322149982198,0.017346390837190865,-0.8541438262890055,0
1,0.6803953258917315,1.013094015405363,0.7629758049383263,-0.1573611444875172,-0.9658501225158396,1
1,1.4536463454112316,1.542208877673649,1.4884180035291825,-0.5781898430277185,-0.3672130062548108,0
0,-0.8086738501083363,0.2884681098655891,1.7232088486329806,2.4960279472917755,-0.033841430223370536,0
0,0.15436554905452485,0.8602878799643771,-0.8917340638495348,0.038216591666640064,-2.0668553502469007,1
0,0.033582152147254046,0.7284302043828513,-1.3909897527417179,0.29651683617251823,1.0669494712006544,0
0,-0.18459887951014908,-1.6619301710907406,0.8424692435217134,-1.1394207491127075,0.24007442085576808,0
0,0.6552342150757839,-0.513722731317706,-0.26246731680706514,0.8851067978114843,0.7981975725048257,0
0,-0.3402593838016742,-0.042016033568160874,-0.17177800302987245,-0.12346545376243015,-1.5704861491492756,0
1,1.7961110486843945,0.7908277624773827,-1.1216693928988264,0.4458134511265785,-0.665068226808882,1
0,0.4923329641628032,-2.220054935454385,0.5838966157876588,0.9023339294850374,-0.7157768783171415,0
0,-0.8899327253377098,-0.43537109265040647,0.40213117381080843,-0.10390785421813897,-0.2027430619053354,0
0,-0.44904860500463023,-0.0021663644925970236,-0.15549808664786932,-0.6769940989315164,-0.03356261542718218,0
1,1.6323165803895003,1.0848291903131364,-1.3883422476355272,-2.3277367759056697,0.8695863625813494,0
0,0.37809205165699117,-0.5981659530458043,1.2091500288064518,-0.38718025602818623,0.09875933925968679,0
1,2.45274265955292,1.4248787748708973,0.2557045082409063,-0.6824069285791311,-0.7413690051191173,1
0,-0.1295278792367522,0.2058529051512782,1.117843730156241,-1.1430532825977944,2.187713715835825,0
0,-0.18988262558993046,-0.2811582683792831,-2.1030125228795655,1.453085933304462,-0.265569109777461,0
0,-0.5235576181281982,0.8230462934842032,0.05682315296327967,0.9827664728683249,-0.9068208441135037,0
0,0.19799045530621998,0.03462864952768568,-0.716898808666413,-1.829839257035478,-1.885151695937078,0
1,1.421729455781145,0.8770917982190718,0.03614728702465186,0.15371046811195918,0.09040976817902402,1
0,-0.16441935769543106,-0.6747223934099006,0.9432105654472299,-0.8172437602800985,0.6907673816222664,0
1,1.5436668964668951,1.272218118044803,0.36994736619662705,0.36679394484608846,-1.1399703303623792,1
0,0.33097683725420346,0.6680523921224729,0.018122234087035862,-0.7996469348401211,0.624990405476229,0
1,1.2617616680924435,0.9057867745141197,0.01278043502973612,-0.5389969019800546,0.08364107933578149,0
1,1.1367051466546572,1.7575276903980206,-1.559765177706711,0.9630393913782946,-1.7733690422572332,1
0,0.2590345116804619,0.05673414600858767,-0.9065680538145977,0.8193409437243119,0.625685902825822,0
0,-1.815434941129551,1.1959397817028061,1.121287544541681,1.509480198314607,-0.26505019316461315,0
1,1.2377930958029888,1.6341508781963416,-0.5055368318568499,-0.21704800117704912,-1.1261095457269272,1
0,-0.6907856996444184,-0.4189357436555156,1.140419044769924,-1.4556618976468023,0.9569012805123704,0
1,2.3219549338100736,1.8418217172588116,0.8263709354805179,0.9212937129307146,0.9378651896031035,1
0,-0.264559657525738,0.46201319453758205,0.8792051103675983,0.9270873190059767,-1.1477909610873427,0
0,-0.3364296691603385,-0.23820660737748875,0.3329143897965165,0.6282704364686399,0.2934539954803226,0
0,-0.029173491151964354,-0.698397422598006,-0.4360082332545034,-0.7437509259153502,0.20327392480814427,0
1,1.242776542921052,1.7216211147359424,-0.15115206015210553,-1.070802277258022,-0.06792006986081767,1
1,1.3584111051078793,1.438109106059001,0.6403859005866983,0.535964270427559,-0.5156561826189413,1
0,0.05826624625389788,-0.9099300550425321,-2.125614124269261,-0.8861529832914645,-0.1484223919265234,0
1,1.3467757392962392,1.5527125993943676,1.2437763926278074,-0.30797326694292015,0.938503342605586,0
1,1.3424695286367778,1.0178042611872762,-0.5001194432004744,2.9065100699385082,0.4091509336208883,1
0,-0.6060946042267852,-0.9093612251174885,-0.08628415920207531,2.128948641100596,-1.927867841959214,0
0,-0.6922702443123186,-0.2112698060329811,-0.07766253954487182,0.7926901370504009,-2.143459860848449,0
1,1.6363821385541684,2.1697512405241177,-0.03983258009585521,-0.6622669514770377,-1.8571128814972326,1
0,0.18396030587149348,0.7248369000528343,-1.3136416840581864,-0.7223247307618578,-1.3582128240009737,1
0,-0.8568939862703698,0.5680512612044205,0.15172503367896034,0.715790589550723,-0.755171277710599,0
1,2.0559648492285083,1.561539734055274,0.5943646320010014,1.4969904970247194,-0.4527025244356423,1
0,0.45842858389484836,0.3574783220130597,-2.0444515113960953,-0.5116352845437269,-0.06556016850458228,0
1,2.184813482967174,1.4591867488868009,-1.3007857576123079,-0.45680078827698983,-0.03383837397834812,1
1,1.7799334508443587,0.7369695042713187,0.8958653562957967,0.08771152283539381,-0.048606069841327995,1
1,1.9822492601733976,0.8566988606885392,0.7097971440979943,-1.3889660989063581,1.1436302395303701,0
0,1.311015506746993,-0.3643085553346226,0.29874123529077695,-1.3583902344493248,-1.6766965542512773,0
0,-0.18091296052637598,0.8408154459817977,-0.68214809527234,-1.1760064750858763,0.33395645931600487,0
0,-0.6274149005337339,0.6460144386722667,0.7156126102600681,0.5460581563942406,0.3290993669996311,0
0,-0.9204359299328769,-0.6479265379960952,-1.2029006908557804,0.2719947042136562,-1.2626843635134841,0
1,2.65340435813939,1.4320346692497197,-0.1373360429664448,1.136950074725536,0.5337845506277841,1
0,1.0612723552191943,-0.24156428565163654,-1.3064929368985967,-1.7371956849932968,0.37257164759087724,0
0,-0.5547598451605383,-0.09306032358041011,-0.16200194282155236,-1.5169127918757643,-0.043252570629238415,0
0,-0.43639248760713395,-0.3216256913713362,-1.0303908723720157,0.4557215176998056,-2.4176942398938293,0
0,-0.1943946225187032,0.8434149736837666,0.7558108608102533,-0.8720298290079795,0.9637845023409024,0
0,0.7345541232875901,-0.011343922124181205,0.43318183078511574,-0.7994311163583493,0.2266868973562321,0
0,-0.7723813190881861,0.12969408276076402,-0.5705755802507422,1.012751471162713,0.40357828462321577,0
1,0.420028285066675,1.5345549236799938,1.0902992164727465,-0.5529474530457534,-3.3907229792330336,1
0,1.3005086859372965,-0.616662104976612,-0.9563153567356495,-0.43591405729956817,-0.5315170628834801,0
1,1.7874239721520453,1.4651322187043163,-0.03528446846808469,-0.2500905403298752,-1.4336894080279095,1
1,1.8726479835511365,2.037390093072105,-0.6148213274810616,-0.18942046378835165,1.293421937727141,1
0,-0.1230636031199959,0.8836145912884235,0.7423717680444828,0.6849357602204122,-1.1050208959664318,0
1,1.8794709542308143,0.7113110193683343,0.643442455591347,-1.2100043972597048,1.4792663235371892,0
0,-0.9085235300045915,-0.9111607424332372,1.3019565394760328,-0.18811599317430494,0.9528494078336521,0
0,-0.5045523401161378,0.03728074802491313,0.08298444857729469,1.1623719492089837,0.2213497371414939,0
0,0.0630947307135632,0.6655125454410203,-2.9595967582619833,2.1327516737915433,1.1353894270465315,1
0,-1.362534535740145,0.2157578725702127,-0.4308684697342842,-1.356638688383702,-0.9444173293820498,0
1,1.4184894317114627,1.808177645647883,1.5652597053428896,0.331006248131724,-0.7652653935255828,1
1,1.3815013777993557,0.5838505874560864,-0.3249946422365835,-0.19011161719258576,0.9223619257279142,0
1,1.4183858608297832,1.0568075094380032,-1.9175362084576475,-0.0987941489031076,-0.9398133247383537,1
0,-0.3306490846925887,-1.317667383475741,0.4493318543795817,-0.7895817595519928,-1.3258165771288284,0
0,-0.5975351555246983,-0.08549282954757505,0.5240593723448432,0.7558044372151379,-0.3212961601453143,0
1,0.5067808898374482,0.10146833549403689,-0.7271989785258389,0.7044940919144822,-0.882140399686253,0
0,0.08684822830044722,0.7995970211042865,-0.2467491050921933,2.5228755695971703,1.865385507744567,0
0,-0.18007439207774595,0.9328928807453608,-0.8472959371234801,-1.3210793124816693,0.7753588064221542,0
0,-0.8251689279412067,0.08438609523705944,0.5225696991161167,-1.747909816412025,-0.5759849389041328,0
0,0.037520047700262404,-0.9075438646067582,0.05659944996717629,2.0547313530083935,-1.0013668007413803,0
0,-0.17697011704362364,0.225427592347906,-1.165775163536079,-0.05189198002209356,0.33866449191820924,0
0,-0.276614370997269,1.115479535076565,-0.009543827222212233,-0.45679789546843486,1.1875444050002044,0
0,-1.2941369320844702,0.2854412998121564,-0.733024372367173,0.18824138130818194,0.2909095572565962,0
0,0.4096605073847358,0.7109903942945522,1.4610606937954238,-1.3948524386685315,-0.9510286923113018,0
0,-0.7398306240654781,-0.2910991870177319,0.8936977332084088,0.37586021588823976,-1.4367029515150123,0
0,0.03796215290474495,-0.5227260287000302,-0.12227934392709679,-0.08026196986680904,-0.3780899698395721,0
0,-0.4849610660596157,-0.04251720549758961,0.08106415459462188,1.0737787793661726,0.3158556443348461,0
1,1.366764089471209,0.24397678703556203,1.0137762279379792,0.8570130584139829,-0.4704846865069578,0
0,0.6913754950499467,1.3584531367883668,-0.1736103893915679,0.9403329357065909,1.007712828758531,1
1,1.9189709204820244,1.4837900278882958,0.7583925244634881,0.19083596384853357,0.5271728162726248,1
1,2.278023967773682,1.9200637726202046,1.4773861295353454,1.6043463207015851,0.23734947079959762,1
0,0.19823129677294396,-0.27690511703772397,-0.49088206584929617,0.5762530715770091,0.5074482712474572,0
1,1.8376861506044684,0.4741481780850273,1.6461451009193007,-0.5331206920323547,-1.3891484011402726,0
1,0.5313165998642935,2.2554888984085255,1.355116890505849,-0.8092244393985357,-0.49823010842754895,0
0,-0.1905149963199325,-0.6744601687659791,0.24855880238092778,-0.6965314288062566,-1.040247163809324,0
0,-0.13494535910916497,0.20930325814154516,-0.44391200189358326,0.5888300709865931,0.38438724060164414,0
0,0.7341988922111852,0.26585088679167157,0.23611153808714852,-1.3316196707659167,-1.0250106351203647,0
1,1.2962624032558432,1.44437078220733,-0.24450089587780263,0.15510595928459378,0.08193731179350766,1
1,1.7589157054336735,0.9292494582906808,-0.7927718559371189,-0.8328738365224929,-0.16451150112707222,1
1,1.7354544058508514,1.3102206577842612,0.532275195327016,-1.2531208944142564,0.5999920630313497,0
1,2.2946050961684366,0.8299695043745717,-1.023524299325639,-1.0916645193750876,-1.1966704730815099,1
0,-0.0802464493836801,0.48550661553536256,-0.3385545899861459,-0.02379155173232042,0.4517612133091531,0
1,2.0966721692158883,1.7429281564989283,-0.3254016938072328,0.7637748618725383,-1.0694768351958657,1
0,-1.0229190804825146,-0.012841459858738328,-1.365259456770943,-0.675936414548395,-0.9643199298779161,0
1,0.6315883402336351,1.0589891169829817,0.6584720231155342,-2.0759771157675355,-0.14259614780504712,0
0,-1.370006606774716,1.2643907398692098,-0.2283380404307892,3.15433394861123,1.1943299231961544,0
0,0.47159098507999997,-0.7812383916920016,1.2988433100943901,1.1177967442564694,-0.8416016104182521,0
1,2.0042001626732415,0.4732321418834946,-0.24465300287326744,0.9322792268432305,-1.7778066616369212,1
1,2.1380965443395694,1.350796411623186,-0.4065951755241627,1.6278786109198733,-0.9452744424831343,1
0,-0.4064171014237158,-0.15482839594254386,-0.9046427148475279,0.0923698465970088,-0.3851619289669171,0
0,-0.3381285945207997,0.6585494728526293,0.039029206029292995,-0.13500113475445905,1.8690458621929638,0
0,-0.07262858559738644,0.3876698729680033,0.044678232205685064,1.355791407955194,0.3883308743144851,0
1,2.466219581768594,1.4177153521892236,0.7417667352334982,1.349042649955008,-0.7532511774603469,1
0,1.0162968765732305,0.3002026696916839,0.06701899033333758,0.6151867726135783,-0.14127042222628466,0
0,0.47628509390481766,0.289299448949795,2.0939176955545595,0.8824978606554319,1.5709685023801379,0
0,0.19861183488210063,1.2621340321091703,0.4562172641207515,-1.238772230363362,-0.2403760034732433,0
0,0.8012296186200755,0.15201803429726068,-0.9868369845560785,-0.257469608575922,-0.22837527874744531,0
0,-0.15350547428973502,-0.40864627960769645,-1.0714763429656193,1.7038147826196066,-0.40543780880892494,0
0,-0.23456491828937692,0.11910065989692649,0.5347974688457142,0.8043442517467834,0.6960659570076994,0
1,1.5225867276317135,-0.17120764796214494,-1.0183281145670218,-1.4620208488761948,-0.5253983534944816,0
1,1.0127713783482535,1.3804114751477825,0.5948443845406568,-0.5311027350228276,0.872286601252049,0
1,1.4949943813770323,2.0557894826635925,0.8956390450064181,1.5409567313601042,1.0627707427705841,1
0,-0.6704448262703641,0.3613104713222529,0.9197421761773324,0.45521715039868305,0.6134898693550348,0
0,0.615004691339747,0.1791336261874048,-0.8691872502256709,0.18188931760094634,-0.22420687767160957,1
1,1.9262124346198108,1.7895434933422965,0.9214711749475304,0.2119609980384805,-1.3984687147127473,1
1,2.4577374385286954,2.0619539269266296,0.3225892383498528,-0.08356139314828546,-0.22397409077201208,1
0,-0.9775696817485137,0.8551400443789126,-0.6078710607145791,-0.5242429033716477,-0.6685726430617556,0
1,2.7410181681532437,1.668473540173675,-0.15940114583237994,-0.8335887780360174,-0.7790194011083283,1
1,0.656514751723936,1.210333139292385,0.4712797595142346,1.0103245724177512,-0.2393680362077717,1
1,0.8810151549500767,0.011886805664134581,-0.6728510978243911,0.23754539302335487,0.47923551602358133,0
1,1.2275070718821461,1.9869040562046374,0.3018594524229989,0.7070530999820835,-0.6228102133292928,1
0,0.7846324151819188,0.3091215081623419,1.4456019485393545,0.5466889786946403,-1.3748123189368864,0
0,0.13534409833714403,0.09159569250948042,0.9640561303560571,1.4087164652803053,-0.9587465392199354,0
0,-0.1462975503129431,-0.4128308971165424,0.08198619351439503,0.45464251213034335,1.6903457020124937,0
0,-0.47557646078709626,0.5790912020043335,0.23414260868117778,0.8236096027298797,0.5487402544015878,0
1,0.7744389096035802,1.2456581445031207,-0.5380629380081609,0.16728303949626683,-0.9577341033560158,1
0,0.6795763942158063,-0.02065326662759038,-0.5098964072336639,-0.9474438585699145,1.2890042811362732,0
0,0.47918355662918377,-0.033593153500945994,-1.5371962955034142,-0.2256169905519794,-0.23995938850972381,0
1,2.4114702262554104,1.6699110308992988,0.2511097201227438,0.5899192992382776,2.278025840025141,1
1,1.8380908761886747,0.7108207933819227,0.6824984315967533,0.6776727344639489,0.2620522086343447,1
1,0.014738524866679148,1.7375311171444077,-0.0708434856830502,1.4510279632351402,0.5655189508762763,1
0,-0.7467497596088712,-0.4325330140848163,-0.8773241951342412,-0.45992039051491723,0.8372884405374762,0
1,1.8789227835080253,0.9885177758605065,0.06612847552784863,0.22599823208412917,1.4859775376671112,1
0,-0.22183021514161202,0.5311440285346495,1.3417645678095353,-0.1291549206081707,-0.439006020891278,0
0,-0.3353051801568761,-0.5970170766573423,0.8979816542361347,1.6243125419187334,1.3995526877574411,0
0,-0.6619360589337172,0.5300654406062794,-0.029474363926308835,0.376448591917038,-0.6237925575320061,0
0,0.5685537404487241,0.06082003482534301,2.0474304017463822,0.39559421302163983,-0.3614458729424385,0
1,1.8737155824485847,0.41103395067795656,2.6987169898898653,-0.03565973103800807,0.00892090348958655,0
0,0.3007147337448735,0.8186855109878998,-0.4801426145369254,-0.22506874989077708,0.9204304532409558,0
0,-0.38016134927103434,0.18615223635809655,-0.24588476817030216,-1.4486697343335218,-0.33021218138900893,0
1,1.7057726553398858,1.636475519533922,0.6933312992416176,-1.2612021038830508,1.6507213526480895,0
1,0.7973410442821115,2.0043453863508556,-0.9129763671373499,0.1788444618839156,1.3264504519166131,1
0,-0.07789678850771613,0.899532446736779,0.8491342334587156,0.05414915556033511,0.039596739268208045,0
1,0.08324225284413478,1.5206161377296763,0.101467693461478,0.18442342112453017,-0.9660527547218754,0
1,0.6591303165192671,1.7703723934976408,0.3716384894869195,0.9413892528547549,1.0011185968330414,1
1,1.4066128934487934,1.6227115583704557,-0.5754378443989939,0.09293910843724024,-2.0956293278118885,1
1,3.025070887764959,1.194279375978992,-0.7877033569462687,-0.34831140601479227,0.7412942071648557,1
1,0.5195541559450816,0.44993821826291336,-1.9854654659155202,-0.20997621724507326,-0.8238197149326718,1
1,0.8538516444760824,1.528953235462525,1.4847808964576343,0.24390680542477594,1.2562637520650588,0
0,0.13006487801568603,0.8273626983867336,0.9414464430469113,-0.3800019893603005,-1.3858138352875893,0
0,1.0616537436087616,0.34999977801459403,0.6733590062591025,1.064393550615181,-0.6621944682494882,0
0,0.12130349819284406,-0.6404539145858651,0.3483261508794795,-0.01127395289242224,0.43814412868444236,0
1,2.021285111382494,2.0585129033869434,-2.304227740774793,0.2516623160953699,0.6016121192257936,1
0,-0.20256225040588635,-0.18568191111380417,-0.7511011750200804,-0.816566931864916,-0.6260990446303257,0
1,1.2936270466363742,0.14478447650299708,-0.25608095363553407,1.0648759628732933,-0.3321249516041189,1
0,0.04931061124065387,0.6107422891095124,-1.0813463525080278,1.4389656748742061,0.9526362614277593,1
0,-0.3949736343756625,-0.5672283744558676,-1.6935219549357183,-1.363147130491647,1.0067956240399334,0
0,0.4345616032306471,1.068437023870746,-0.9773628492986434,0.40088908108267757,-0.35176128226388703,1
0,-0.9637631393673504,0.688664040358451,0.04914294859740627,-0.10791106968893655,-0.6071318585800106,0
0,0.5339922195401002,-0.13667956419789595,0.049398981519900916,0.2840358354590264,-1.3690195245678733,0
0,0.02358780738165128,0.2756159074526777,0.9075228339377199,0.4520936539273069,0.253636618110949,0
1,1.471167478839482,2.854351139393062,2.0631797008929817,-2.2349557983170003,0.8126290358036707,0
0,-0.985790736111853,0.600004222702191,0.6857615200979953,0.7594867878007212,0.1513561711945277,0
0,-0.5878732031987218,0.14292001487075354,-0.17554968385712433,1.1123977427686944,-0.9249962558537776,0
0,0.7191908838799072,1.733492396523762,1.8003265120616876,1.2248049386753013,1.7865198755779177,0
0,-0.12515939882001922,0.07054860657389311,-1.5819364279319013,-0.9446221404569713,-2.103403765253736,1
0,0.16703907952369268,0.34908889132730186,-2.078843098616905,-0.030972752445210135,0.8782264446250025,0
1,1.0722807920107922,0.8382720865644444,-0.8867234102646949,-0.5389158192389008,0.21671185973282042,0
1,1.5825672182647295,0.3951686806430663,0.8121874478983028,-1.9152457504853029,0.4686787974467515,0
0,-0.8232912288719876,-0.17268137516901236,0.1685602520220776,-0.620537215993961,-0.7868295605794244,0
0,0.05992935257273231,0.023044850621111158,-1.1283237055365942,-1.0841081396307675,-0.15241627921744352,0
0,0.22238453836212285,0.19755815064591517,-0.7270945353948844,0.3345263327879486,0.2933505396163668,0
0,0.19236883631101062,-0.8518626280645484,-1.241483500490953,-1.6314479053743183,-0.08581965952558059,0
1,1.057849101705903,1.7964045932707684,-1.2415084098972438,-0.9795485014573647,-1.7937627465742194,1
0,-0.20523059046030095,-0.49823131442620605,1.551057774751284,-0.5194641368635342,1.7125011701051038,0
1,1.9223164875889789,1.7652406156366487,-0.14343496875031553,0.7701602246820013,0.6501975398513251,1
0,-0.12686255716685907,0.5609558897061904,1.7695820883189142,2.7777749453404548,0.03459292383527878,0
0,-0.17238322940406603,-0.23730545403157746,-0.8900143784954608,0.30308995483622003,0.09909062541428965,0
0,1.1420805651753339,-0.5782913593605596,0.4911250132280956,-1.032110806153423,1.683738027681827,0
0,-0.5705934713196747,0.9261895904301767,0.22708266031656085,-0.6790998026295231,-0.7427287626837564,0
1,2.2482510808533895,1.9237472565795173,0.8796815729989864,0.6580580807567452,-0.9682326893461682,1
0,-0.6928083981029582,0.09118580030844418,0.2545485048140262,-1.3460044771175332,0.850077025383321,0
1,1.9928686514628486,2.2810566582079117,0.9850833932724721,1.0967193013068632,0.4626902138005096,1
1,2.024891534874384,1.449957034385308,0.5541976125097952,0.2734096546271006,-1.0098851091608245,1
0,-0.3062190930342274,-0.3723043261167906,-1.0912718899150449,-0.12507151326680993,1.0886827463198698,0
0,-0.7304861117172637,-0.6010212386236559,0.7327147644273906,-1.6848861731077398,0.2949579230778685,0
0,-1.1822599222820505,-0.06467948121218575,-0.10309903074234036,0.9203871220431893,-0.8979579469796893,0
0,-0.3690681053552014,0.46303228678895586,-0.7767195791594936,-0.7616244905462519,0.4903238770860498,0
1,1.9157311887713944,2.233855529064691,0.6939777767008111,0.15369223032227666,0.34069326738420735,1
0,-0.6465768942597471,0.01410612962068482,0.9215585478072225,-0.15716025596311492,-0.08804470990405573,0
1,1.658169148554237,2.1278749567614064,-0.483565164308669,-1.5837999944633745,0.3843108069502067,1
0,-0.8858578787465072,-0.1285616589012186,-0.3505649183033525,-0.2306855580867853,0.6261906350272614,0
0,-0.1403329152623784,-0.4689588111935125,-1.387120301317997,-1.2102839758581856,0.9141917591788454,0
1,0.9117736574807617,0.6162120597197669,-1.80472712783677,-0.6520193365636839,0.10729536911328869,1
0,-0.04678830113665625,-0.30374397740511977,-0.2423082970410263,0.4327794486830927,-0.2706153205533707,0
1,1.299352318235481,0.638805543530207,0.7920544821475468,0.7024599808320131,0.23906098925201502,0
0,-0.7142196817425599,1.20570697871412,-0.5732656944067765,-0.018246859485475896,1.1908793263153794,0
1,1.2046759132666358,1.6635778557856074,1.4277936638801576,-0.8839430254445377,0.62993233254036,0
1,1.0395058826548043,1.342631090501413,-0.20507399183183073,-0.6474113748753153,-0.3267275601797639,1
1,0.8116451798575525,2.433201057407344,-0.20100932512351924,-0.664772640888443,0.055652731708350334,1
0,0.6496474951736505,-0.781360421382903,-0.2890917105371513,-2.1370644240880483,1.6656597527740529,0
1,1.3838950813294453,1.3177142984625536,0.9815925737976863,0.07326017835365789,0.749292247743517,0
0,-1.321335269444199,1.1998042752611167,-0.9589105703036741,-1.666075216957476,0.15181189684805657,0
1,1.2260315154431887,1.3135756959651994,-0.12896016732558827,0.07619570907547965,1.1403783773989247,0
0,0.5488270282909586,1.4680882670427164,-0.5473719527864093,-1.4594352633378065,-0.5430902432755893,0
0,-0.45681517995442583,0.4713629036649231,-0.5615680383416773,-1.206254422680017,0.32890578459286174,0
0,0.8986463268801773,0.7835555451793398,0.035154344478332454,0.6686156306080209,1.8756216859883157,0
0,-0.5139972329769534,0.8009368940729225,-0.1133232907820763,0.02456939318613581,0.6535493530848897,0
0,0.30204483348987304,0.0009614761488225729,1.0516712986540218,-1.8848423546084505,1.6208503610345522,0
1,2.2219831507546073,1.107073001242654,-0.010774200199863703,-0.558797689332024,-0.08375954525183249,1
0,0.27011638338685984,-0.06926419192824795,0.5550057449823378,0.2619485418918083,-0.47620321027319096,0
1,0.7753036152153818,0.8078404980118239,0.17275514656166813,-0.6192906226800858,1.1602177166317786,0
0,-0.5654811461529388,-0.039577729937876435,1.4037590002094607,-0.3431517544786357,-1.8283168086292807,0
1,2.302042594231949,1.3973563704530234,-0.30238496875303494,0.24407245352396614,0.18019020592234616,1
1,1.1172331262008137,2.4135409971915225,-0.2995713935675107,0.04470323124419173,1.030876351615068,1
0,0.5854059083413229,0.35596542643648643,0.7450385877764873,-0.9922562929498568,0.5625119367134083,0
1,1.3418291669110338,2.8175705346721234,-0.31600284185911637,0.022302291943296134,-2.1025002503875854,1
1,1.6848623915314906,0.10427354141363088,0.49839168474354706,-0.28734447568354304,-1.3459950604980777,0
1,0.7683356337874292,0.6697737799820344,2.3379144055368037,1.7241183849758055,-0.11438488022858234,0
0,-0.36496054482749896,-0.21320719659921986,-0.9789526626999142,-0.10308278250149543,0.4748657127771243,0
0,-0.5251838282638331,0.895496678408523,1.531670466388364,0.1349726769673304,0.5141300880798731,0
1,1.735359790334904,1.3342536798299915,-0.4922066283104829,0.2597862527484236,-0.006163880661807043,1
0,0.05591854782952951,-0.8806961013907508,1.3376786610107516,-0.3223046840325609,0.7302399885507165,0
1,1.8775899377473806,1.2529253383106222,0.686045855225755,-0.7199228493893658,0.4368951030890644,1
0,-0.2943135018556037,-0.7185589546529484,0.6003276593155121,0.4597676950576793,-0.12861059705680697,0
1,1.041861957223253,0.5638245391101167,-0.15096314716112064,0.46794574293884994,0.5376002456536942,0
0,0.10963745132658463,1.1992966905923397,-0.25050326932317046,2.0825765201900213,-0.6474672658141163,0
0,-0.6177533418042206,-0.210965320008391,-0.7220075800415701,0.7424154006604582,0.6368209721343242,0
1,2.247053515853553,1.503891717681508,0.006276041496476446,0.7592792989687467,-0.8469026744136954,1
1,1.5312865680465326,1.344226191699148,-0.183911446264022,0.7177353983652786,0.4874464118745613,1
1,1.4043189341770266,1.249102625234931,0.1910182531120885,-0.6903224188931882,0.4628554234921837,0
1,1.8773053736501268,0.8956033806274197,-1.410655101537971,-1.2579738347145055,-0.29887384816977536,1
0,-0.04581869965902981,-0.18638076250298824,0.022645119825545745,-1.0035926401168758,0.6349502016429073,0
0,-0.9948310301011178,0.2023412871144882,1.2626529855977506,0.6879721330580653,1.542698276726356,0
0,-0.6368579396336601,0.8511811872383722,0.9440485346834038,1.4216265546611417,-1.0200144894210212,0
0,0.634625222318769,0.5684613819324444,0.023001776406671882,0.7340027723811109,0.9541978633101724,0
0,0.05033060870674959,-0.73144013847305,2.5624181022249837,-0.1669350543983701,1.0864934379750175,0
1,0.5910593185819353,1.993119450941963,-0.5773533049206581,1.6766745274685535,-0.20725969869272146,1
0,0.2112672400290997,0.2852628069164213,-0.08667204281863797,-0.4436544302961796,0.8009016188146594,0
0,-0.33555529192184924,-0.37483260036809735,-1.450514996970145,-1.1481532776731964,-0.2545726157514996,0
0,-0.5246999715052691,0.10925825771194128,-0.4036353116092762,0.25299192199787934,1.2562029655742597,0
0,-0.6869236353803075,0.3433723101899393,1.787814129366981,1.2918605074542266,-2.7389512173447277,0
0,0.5999576827912124,0.028231768693725328,-0.3654811822195256,-0.8438001281172401,1.444889163924438,0
1,0.4207009767967902,1.6881460004940325,-1.527831193156026,-1.7047937898052858,-1.1122781628858234,1
0,-0.5025192446636941,-0.5177706101542804,0.8719988832946381,0.03770444873504421,0.08996994985322626,0
0,0.07207605954674542,1.1956992265479078,0.38921024220877953,0.7714368991309327,-0.8139503327604425,0
1,2.547017841342098,0.2424291626130648,0.8306460660253165,-2.964566384816968,1.4965102035814586,0
0,0.33231491781019135,0.3467107339968849,-0.29705107824287064,0.9773682878571948,-0.22905855159893831,0
1,1.0923852306803186,1.6200580778061935,-1.0071238646023546,-1.3667971325945092,-0.5421043560642391,1
0,0.9176120724640888,0.3857660360710286,-0.18362330310222175,0.7248297618479643,1.1201786400498288,0
0,-0.8130740398229835,-0.4250222109889573,0.5548449863845536,-1.9967010158202827,0.7321371576032252,0
0,0.15920169921309268,0.7015182169998335,-0.07232694007671188,-1.474851869409402,-0.33363474653157105,0
1,1.8926707874513289,1.3352115909930127,0.38795517328216517,0.6187184168872344,-0.9911892151959969,1
0,-0.5286693499202646,-0.7117289634419607,-0.5368182878425708,1.2157695211529504,-1.1262445951664808,0
0,0.4185558311329523,-0.6568862329655738,0.4250965289310025,-0.009141293870519174,1.27506918450278,0
0,-0.3083340773645757,0.07482304130255284,-0.003013937960264833,2.39534443410562,0.41892970928791345,0
1,2.0170854565107788,0.4420870859231053,-0.7058739161898745,-1.0225959019372366,0.17341072100604885,1
1,0.4962427044482749,2.4803035900654526,0.1399501550901769,-1.0353676289264606,0.49222992803624427,1
0,0.20098565413732472,0.6293527683255817,-0.3866921459447502,-0.3022163861268886,-1.9486544044713257,1
1,1.352735996383837,2.496106592510598,0.6171644678785293,-0.3498076689059971,-0.3245259272233657,1
1,2.289822269780693,2.43285409346534,0.8731569112322775,0.2834821745661336,-0.2979686929419115,1
0,-0.026388437862570283,-0.21114387888095565,0.5015377915520406,-0.7428552490976797,0.9813862625291623,0
0,0.7495377202320714,-0.521597677590106,-1.6349874115407828,0.5675105511517674,-1.46909068916353,1
0,0.30456765901983124,-1.6066636092985114,-0.9647707537626938,0.5436090217321041,1.0536491018879677,0
1,1.5234949245711058,1.1562595250642207,-0.6365768664402761,1.6133811048096596,1.7944228424522837,1
0,0.472601585768577,1.0593917135015711,-0.7963140443307624,-0.4904436645117554,-1.7190908429723442,1
0,0.476435078716273,-0.4967103944983227,-0.54284697499498,0.33697092587619126,0.016653314087979636,0
0,0.28314600269472817,-0.12595259691825347,0.9252484740675007,0.6058420819820637,0.49934163273305177,0
0,-1.37538082477511,-0.33274214944972985,0.698654438538879,-0.007229433745280785,0.8730585208722409,0
1,1.0104637055413614,1.6249970921646293,-0.4238513297366296,-0.211666390888874,-2.1645315501595688,1
0,0.830463507903554,0.7716508105285864,0.5917936599916467,-2.0637603973292102,0.33761709074557966,0
1,0.8464324867388406,0.47647362949129,0.32884205246548087,0.0833934635158591,-0.21874248976426094,0
0,0.529476690039484,-0.8086655889783556,-0.032858811003856736,0.5954985478719902,-0.2832761675206598,0
0,0.4238715940678013,0.891972023564613,1.1482247026050325,-0.05781596334284114,2.069053825103241,0
0,-0.43545141694921763,0.43984012467108585,-0.6612963074234078,-0.7822750809531416,-0.2155598356846314,0
1,0.40286102372996546,1.2443716631909247,0.052759537263421676,-1.6792150907894845,0.4498556689143684,0
0,-0.34134755876875594,1.0242496571558461,-1.0508601023354023,0.4530579332395031,-0.12033156876737613,0
0,1.2468090261798066,-0.8190173318339427,-1.0029294547865177,0.033130278033810745,0.24122751979816465,0
1,1.0820336246743874,1.9587280947146195,-1.360765024887505,1.3899512202694282,0.5526372586484782,1
0,-0.47655440675956223,-0.04094286531839952,-0.9858571511312335,-1.4493970403350278,0.893339564506488,0
0,-0.598549446185896,0.36392630160773565,0.08310056115548563,-0.47030859916608486,-0.7769711668736674,0
0,0.7288706859297117,-1.432291267275164,-0.30248417924192805,-1.3213068791307137,0.15262637129286247,0
1,1.4542505730249362,1.2435779840633903,-0.2698712904065823,1.0253190489211343,0.18796237844851044,1
0,-0.3755437373694834,0.4420780296218229,-0.2991631181918663,1.2390365926043918,-1.6480406749812408,0
0,0.8480844103172106,-0.03799813103689736,1.772742625058744,1.9225835705521892,-0.9536626133061482,1
0,0.34769645276132205,0.7531786636805108,-1.1371801487971294,0.5214246170628167,0.8909235344661489,0
0,-0.5515741450261556,0.7330830042844718,-1.2440933197324036,0.789269217889976,-0.46163008531868316,0
0,-0.7341503466370681,-0.5751381751323551,-0.8454225925734346,0.43608375736766736,2.6120026315585054,0
0,0.6949019789279839,0.49439559080020823,-0.07189483464498958,0.5731057724539809,0.9630703018023924,0
0,0.010072898245029525,-0.5955975943369441,0.5147713125870544,0.04907655587171373,0.45184812260471297,0
0,-0.9294384119136676,0.032409264692853865,0.6185876138854682,0.61882794357346,1.5103969586889772,0
1,0.5301305878638707,1.7936769495845724,0.944638316369788,2.139993050827792,0.7727232681608918,1
0,-0.6696232291198552,-0.5011697587563491,-0.1082388660421918,0.2186793944754372,0.18423013016214304,0
0,-0.7436907528618178,0.4721557113386294,-0.3963211199068042,0.02400677739878915,-1.414165625174653,0
1,0.3723538174591383,1.096786552308858,1.6334606949523043,0.19807469635718636,0.6653374473025369,0
1,0.9402958080109024,1.051581483552591,-2.784208376946523,-0.1490918790122348,1.3967136699972644,1
1,1.048551663013688,1.8239905901238291,0.06275902244414726,0.24642215453267752,-0.5928711076545631,1
0,-0.2776087730307423,-0.5015837662100512,0.4300069444939423,-0.18299792220435596,-1.8260251976550943,0
0,1.0157460270766274,-0.532101281617857,1.8736840023769148,1.1439827552857997,-1.0692872658948749,1
0,-0.16010596325896428,0.6246936240180494,-1.6605661718552462,1.0440599707887819,1.7590332013614656,0
0,-0.1005449026465287,0.06513429115496035,-0.42013763842935653,2.1659349390540004,0.08019933453849602,0
0,0.30555321827936543,-0.8724716971819768,-1.3576102011117257,-0.023539990157896894,1.4597680420883254,0
0,-0.14239084263993604,0.5133848270329263,-1.798276367576271,0.2886371681940111,0.019044697879877222,0
0,0.24009177833202502,-0.24396073934606693,-0.20452569262642392,0.246973091183905,-0.4965226240519197,0
0,0.16836892617104,-0.8418080037368791,0.8330937576124076,0.19959296923219974,2.134594548666697,0
0,0.07355313935954605,-1.5043890066969838,1.2059695883311012,1.1299935517730775,-0.37161797124238644,0
0,1.6598796506513749,0.5420485782194452,-0.53187280761424,-1.6249843063877973,-0.24906915277115554,0
1,2.146675506426611,0.8840491603330572,0.666526240531589,0.46070871290481746,0.4606053463799448,1
1,0.9509668091759618,0.6536931372208992,-0.19771869833197633,1.9957692858503804,-0.29009995758881085,1
0,0.22213331171349832,0.38364169823159494,0.5565737791225179,1.3629460631718362,0.7781711474567701,0
0,-0.47504208399583214,0.48347495778531224,1.1544752476592246,1.2485667905842046,0.44593511117424667,0
0,0.26775045843591216,-0.4722617991567776,-0.1942304393492519,0.8420610010646401,0.4855266424730472,0
0,-0.8251124502649619,0.5475843957635869,1.0769743824250069,-0.5957814121255338,-0.6166436892026382,0
1,0.9353323311496128,2.6329357526678763,-1.2130272878543464,-0.7498427797898839,-1.6623996060515236,1
0,0.20634453749407622,0.8079979625826582,0.6565105169690351,-0.7420296755611172,-0.8321878029917239,0
0,0.5986014681588152,0.7146342571181734,1.0336732727884839,-1.1384547820148285,-0.7440031347419988,0
0,0.30158660925180786,0.18847747327951805,0.9302092066231201,0.9466085823357876,0.29263169630892377,0
0,0.5124704007211308,-0.2662309233173534,-1.1850213123244968,1.4683632527200146,-0.8150830867319969,1
0,0.2242911352583076,-0.03353163173805361,-0.20581099943868456,0.43442667215527336,-1.4652992271190557,0
0,0.10349765941939913,0.26444496219765723,0.30217513022301384,0.8047853042775793,-1.1465947160655936,0
1,1.297784035444938,0.6454928248070598,0.4430524404013929,0.29346884571676546,0.3876163316704484,0
0,0.48780108523007815,-0.4616291445638758,0.11587594936789411,0.5687594216993009,0.6874182392292582,0
0,0.6149275396959848,-0.8566500857895507,1.4291862820848478,-2.1170498067464747,-0.5066393705041589,0
0,-0.0378694147978651,0.14111197337484774,-1.2956460106700902,0.3146768852883976,-0.4000716159254706,0
0,-0.07015562506719485,0.04983235343732215,-0.24025083398316924,-0.4255398468447668,0.6139764826205346,0
0,0.9548434870333421,-0.39162519928116796,-1.687772100038897,-0.040160147635817385,0.16548768691894733,0
0,-0.012253067889733689,0.49229952322784454,0.6212488102038947,0.22576471250607377,1.1860720843781767,0
1,1.6454115222195815,0.7732397804430148,0.5546194474402841,-0.7156008300483515,-0.15765991321706135,0
0,0.29053554465173703,-0.4139008441063439,3.348603365716259,-1.0756098839734214,-0.8314381255035007,0
0,-0.058683753572492184,0.4683158909475035,1.0263596583858323,-0.7459503488334805,1.0864110744585531,0
0,-0.4922041936458571,0.5572894680756826,0.3313651411533551,-1.4483345077211902,-0.311294732503981,0
0,0.22677934531411312,-0.47743572162530595,0.2548950756738367,-1.1552068644082596,-0.7887514549000564,0
0,-0.023253006013392915,0.13922556284594423,-0.3166109106264459,-1.0178913169715553,0.8928152313959673,0
1,2.705349853884698,0.9327156555325811,0.13048769396451143,-1.4350834552497842,1.4492475724719627,1
0,0.4730691301754257,-0.11840372014638251,0.27624896159387974,0.5287754617581336,0.1832459785627683,0
0,-0.3572893718658009,0.08630243649093808,-1.9647593379775552,-0.9004966010482696,-1.0042843011829223,0
1,2.0374361315142253,1.7362197192895605,0.19691359050699864,-1.8631748076228203,1.5347824015836347,0
0,0.18471950083858793,0.19053540809586567,0.10100956837474133,-0.40125304138482504,0.3767204772702683,0
0,0.7856557811673076,0.16389740432414568,1.7540132767261527,-1.1132225909648439,0.2197371480519399,0
0,-0.3146725276974236,-0.6470990022642032,-0.13167175980248472,1.4590826539759236,-0.4039720253936243,0
1,1.7132056890157148,1.6329659835844985,-0.7655453538295245,0.13291438898682265,1.1298266769243068,1
0,-0.05945618945549537,0.3306392107177795,0.26853208207996515,-1.4704798668362538,-1.1084657088099332,0
1,1.6350876538349797,1.8133607180522793,0.07434807188130446,0.5686968117443246,-1.2037273926759806,1
1,1.0688806305976306,0.9682878923174676,-0.13060062312335372,0.08497570986669034,1.894507241395813,0
1,1.945547000747906,1.9493513699501646,-1.2789888107966088,-0.23860912362544964,-0.8624236041473625,1
1,1.8507785655096982,0.6096590829339048,-0.1560194988093462,1.5746192676909097,0.9596828035414787,1
1,2.371134170153077,1.1415091075735706,-0.5791918722340145,-0.9755208750058288,1.3784363034213816,0
1,1.5939844888079318,1.2346885506235015,-0.21648149891233123,1.0351461561034292,0.21016369652850003,1
1,1.352896295051119,0.6425545624980205,0.7321532231910994,-0.4095218020117444,-0.8810178174153906,0
1,2.0735766267664224,1.2255733930971175,-0.6745143392458585,-0.018356463289033138,0.6297778171423506,1
1,1.1234773710401895,1.5328885486068806,-0.22123248299954265,-0.7498262070585292,1.391774846163122,0
1,2.2509907210503752,0.30453669089999846,0.5412049669414887,-0.6860746850335528,0.3424841088915732,0
0,0.6497051984482217,-0.23681303026250733,-0.26940228412243483,-0.43603951823284376,-0.7464536727537827,0
0,0.7543673406806451,-1.0490405593579943,2.60918598719949,-1.9007645986267943,0.3060677312367568,0
0,0.22597379080769606,1.2249232705901665,0.2488665009130547,0.3466491878592322,-1.384625887985937,1
1,1.3081021704413405,1.52749473016039,-1.241897032275837,0.1148939016385629,-0.9736649546409909,1
0,0.06551263578321755,0.07549757029860464,-0.8393027430764312,-1.4977068411102,-0.25864168745668437,0
1,1.828041337047524,1.5392440469954844,-0.9399347885873346,0.659953018688041,0.06152359598753164,1
1,1.2639150128872745,1.7627123783604992,-0.8250262863490305,1.4570635136093826,-1.2020313680834924,1
1,2.3998697733551295,1.9868929099007169,0.5369781182194182,-0.664518901487142,0.2497359506759522,1
0,0.3480505005411258,-0.9381323572887978,-1.1065094563007638,-0.7847700706099305,0.5216583593378146,0
1,1.0646662268067972,2.1861065584560544,-0.33120575633522825,1.1134126961357311,-0.2147244419151432,1
1,2.7297242058794664,2.1474951764103527,1.1427469082606831,0.40325146444605264,-2.158199720612858,1
1,1.6584335651021063,1.3601920334854747,-0.5197721545522586,-0.13592373151478973,0.10445517348507138,1
1,0.9435381742900083,1.32876278559008,0.6714865628096328,0.814562139517512,1.8148601125372394,0
0,-0.4981524736483644,-1.8616564779744436,-1.6829702538103308,0.27411034403463935,0.45772316856153955,0
0,0.8926701582992067,-0.7463946973209532,-0.37061505412399204,1.428500499804823,0.015623679732629644,0
0,1.094990949730093,0.31130956575789426,-0.885945387440795,-0.016754400699734377,-0.372449805555669,1
1,2.205691032088551,2.120370479785935,0.29977095659229863,0.42647225256619287,0.5771177803054319,1
0,0.7915851891522813,0.4373021532700784,-1.0347781277086976,1.0980614757459353,0.20844222456716677,0
1,2.3299692752791668,1.3545709605330263,2.0696568802183926,-2.4478289257701333,0.7073119733126652,0
1,1.9341496916584398,2.5555236203410665,-1.6393848940848423,1.1342480744602244,-1.0963351212435286,1
0,0.19742507268655543,0.6031053338202832,1.1357811438787417,-0.505105792732612,0.12133579020941525,0
0,0.3239179166859646,-0.2362958512469432,0.8782770856042484,0.49994749977346864,-0.46119568362892704,0
0,0.44160926588597677,1.3092663911720481,0.30986115653000323,1.6641269295320105,0.3715947487809386,0
1,1.1550411960841611,0.7422996591760397,0.054433253511990916,-0.3058989828723583,-1.94557356521892,1
0,0.439175237587266,-0.8831041323224738,1.854958670656575,-0.45551822494486627,-0.3927310457241977,0
0,0.8751701083782105,-0.2526632322743537,2.4709638894112205,-0.054742981984318144,0.5424507958796537,0
1,1.4761765430025815,0.9448158931876489,-0.20726668827278216,-1.452290329775858,0.703724887439033,0
0,-0.18794867119307818,-0.21895896869213935,0.15776937378414446,2.1991238053449407,-0.03048945704758926,0
1,1.8859277855431997,1.8788544178406692,-0.5524002177529503,-0.04251659078536873,-2.1604077783795628,1
0,-0.3897945302448817,-0.020387742962807095,-1.16928739792469,1.6455904669324242,0.6413403921085913,0
0,-0.7900911699765037,-0.004978060571871151,0.46311275426457477,-0.333207492714508,1.5841409185584607,0
0,0.6886314240631067,0.03528888972534259,0.2496224029853761,0.034005588082296576,-0.8387837244337984,0
0,-0.2705707560140598,-1.387395295784872,-1.6102212863850438,0.9442641632988408,-0.4258733967408033,0
0,0.011069147232125579,-0.9091563047508403,0.45600198518966306,-1.1022146017913539,0.8065405304152894,0
1,1.2339249753951607,1.1688132407423468,0.2831398530560002,-0.10255021836669004,0.833247486582475,0
0,0.7660528889477994,-0.5057572808086425,-0.6012446875415921,0.9068023437867944,1.0970349475310694,0
0,0.5119056949704086,-0.13907249228767063,-0.6665226608788296,-0.2130339531881631,1.0146338383870641,0
0,-0.14444372469222033,0.842477027764854,0.4237797674102065,-0.48307407168024363,-1.5322114953182047,0
0,-0.7079384188576512,-0.044669698435918455,1.6088816551806453,1.1152280869092426,-0.47938229027937307,0
1,1.3918421170850799,0.6066990693662085,0.39839562965540287,1.4011154955258893,0.6264381574697647,1
0,0.3420916199698282,-0.4758598723588041,0.7804842512527608,1.5601332405589254,-0.08616705642973418,0
1,1.7131814224478592,2.426345545395352,-0.8321963936398588,-0.6749913099880899,0.36589169350072626,1
0,0.06545882667119221,0.919496382875409,-0.4142723895761756,-0.5793160003287822,-0.13042303175123496,0
0,0.12701925568188707,0.3575264613893293,0.6080167728860506,-0.47157999073088963,-0.43584619754249593,0
0,0.4552777388988958,-0.937489842417198,-1.358344884649065,0.718520585314237,-0.24187294326932332,0
0,-0.025115522439026566,0.18408296106248978,0.20720169830350924,-1.1967978089020488,-1.1218261068080055,0
1,1.8700080702757016,1.630218259490421,0.493423033197456,-1.140336304555083,-0.7234620401553712,1
0,-0.5921515246470589,0.01532412503414409,-0.038534099961575224,-0.714338102016471,-0.06693641783133487,0
0,1.5323104661851954,-0.3420066333656157,0.31937203243826756,-0.9382225372182782,-0.048749789643354094,0
1,1.4296844084102474,1.1824213736781533,0.05781984778377252,0.8843603051246332,0.5675609385894581,1
0,0.12215580473038641,-0.3838289443122433,-0.6221616027278304,0.8169719737921174,-0.2851687864314291,0
1,1.9398793148717266,0.7129556249845854,-1.1781067662455265,-0.48168123134658586,1.6757711474021832,1
1,1.3535256925596757,2.2195927012809467,-0.09031334929791283,-0.19386671229313573,1.229925121680048,1
1,1.6046948765496778,1.929388277017817,1.304506003393602,-2.539733171096944,-0.5023637371235664,0
1,1.5974051647940652,1.2290423344500139,1.024380730927126,-0.4574276729451512,0.19781160105655068,1
1,1.0515771444559738,1.6113069850206616,-0.34533229550277145,1.243953509563246,1.2128419353846538,1
0,0.263153655323783,0.233820534234321,-0.36610443863030323,-0.5118199551739154,-0.6407046467102837,0
1,0.6104668970447615,2.805730134845637,-0.4397123894369799,-1.092510334774032,-0.7477389526918103,1
0,1.0516250654499684,0.5235412085494228,-0.43958386918914477,1.3762250856794112,1.2993508215819145,1
1,2.075782530987036,1.9008617712368627,0.2877494231021903,-1.114480191238373,0.6913791398896082,1
1,1.9834734145920259,1.4227886078416005,1.0574813953664037,1.5460602142163689,1.073804769839933,1
0,-1.041985267459945,-0.26065437504610545,2.2628092349652404,2.8879124953969044,0.3154314213923693,0
1,1.1244827960241879,2.229626151596969,-0.8298475205193363,-0.10937728020825538,-0.25488956107022664,1
1,2.4336070724830323,1.7913632705397107,0.6511803469141083,1.2437782197196598,-1.3418872442150265,1
0,2.4907448382237605,-0.4977251724326396,0.5423344030060535,-1.668933778376113,0.13685405199148812,0
0,0.7168154790342184,0.27231993260390286,-0.32974641947704414,-1.71294142172579,1.2320932565095257,0
1,2.2221660461505706,1.9024316530524872,-1.0260092490528603,-0.7967274713375441,1.2438034420019788,1
1,1.914984536868513,0.14250142622428297,0.2753730968446809,0.8224198952736091,1.0707563304011511,1
0,-0.5084983174261023,-0.5534320755508003,2.119879786875061,0.0017440570753952179,0.7872227263613029,0
0,0.5971044499201982,0.2176588956239438,0.26904710451862884,-0.18640178380653927,2.211069143821734,0
1,0.9392755977418427,0.24532321770274645,-0.787231607117387,-1.290835734281498,-1.5517224162041439,0
0,-0.7263510990839122,-1.0596786995311762,-0.157266308649841,-0.12734992682443913,0.23094333761159985,0
0,-0.7641175952630939,-0.1622770442365568,-1.140174027108463,-0.6436118208408672,-0.9367664159395407,0
0,0.5854335879009558,0.2949265554569654,0.01851028589326482,-0.9224957582565227,1.5524401403063415,0
0,-0.03444843295650113,0.3226702241406709,0.683408027666782,-1.0073616254856477,-0.5526287666428061,0
0,0.0605148599426283,0.9494397316148765,-0.6926000845839942,0.19193921798128116,1.0085022289583798,0
1,1.5907576377695893,1.4493583327336992,-3.255610034595563,-0.7203272185818431,-0.4493384621023598,1
0,-0.6754299247189349,-0.22359171207631304,0.2768810727622422,-0.006517414470083433,0.4202652109479785,0
1,1.1975614563895576,0.615584248306851,-0.5015525602929783,-1.7690137971031707,-0.1085169285468524,0
0,-0.37225572375207155,-0.23077656985622133,-0.7506698347844635,0.5031385409124566,-0.013784803726928084,0
0,-0.8431628683352164,0.42451758479803636,-0.7593016033646541,0.2407133403764284,0.3336311004081317,0
0,-0.3025260571802107,0.45163332209227103,0.4002519256968462,-0.23136925632427968,0.9195077217644233,0
0,-0.6487838738377432,0.15877140403709555,-0.40790591232644685,0.1615169585352671,-0.10931538088050462,0
0,0.34660537732019553,0.32826896117682997,0.9304456324204095,0.93416828085735,0.8913619356926653,0
0,0.3965826383800945,0.7658301354447549,0.9524516671079557,-1.4488100257494023,1.0378337994755844,0
0,-0.7761834735839338,0.04516310587197515,-0.2706320048743245,0.06669581689348869,-0.4171074119609064,0
0,-0.1779790585488004,0.8203913026501408,-0.5208659750097704,-1.3051394937390508,1.8851923532301538,0
1,2.7136359287900222,0.9640118964203923,0.12770850536989364,0.08760831113161413,0.7451806884290515,1
0,-0.5884577386069758,-0.043974626724294405,-0.14539318180219435,-0.2588540279719497,-0.4314165411734416,0
1,1.8559826906770396,1.1115000620837476,-1.7525136913726278,-0.024911620067423812,0.6140232611651202,1
1,1.6633131604017306,1.8756230790434048,1.9141037520590851,0.8484130296949599,1.0384256257077749,0
0,0.6557325347045443,-0.6086906679548691,0.7143357474106041,0.8185098286786511,0.5896791256815368,0
0,0.17728010481444378,-0.19305928530209457,-0.46348504152792025,1.0867090714801309,0.2018727599023897,0
0,-0.2587772867542501,-1.115805894493592,-1.9163832118726292,-0.3963778059851582,-3.4513704104539777,0
0,0.040058472883731044,0.35662565134191687,-0.1804318620688466,0.7031707064701076,-0.9673550260904815,0
0,0.04882196637224152,0.7480741654352897,-0.587976820035359,0.5066382825412106,0.6785959000954286,0
0,-0.05501710936969426,0.5464247707800579,-0.06057320307685002,-0.3712092125640576,-0.9872290224510842,0
0,-0.7914668731944104,0.48757656808186656,-2.163870484279682,0.11720279088520369,0.5138638547844343,0
0,0.7458531645587353,0.503640237587969,-0.4722466418870526,-0.13218624816475696,0.8847350935336388,0
1,2.239860152718595,1.819816297061903,-0.4113219024410036,1.3948862787334337,-0.11261389505483162,1
1,0.9734865838780856,1.7686373735036476,-0.19227527591383456,0.8102163756896525,-1.7646664925466742,1
1,1.419564620689748,1.8073480745771757,-0.236207681074793,-0.3358654507096486,-0.7367519804312987,1
0,-0.13505140161252957,-0.3934092779445353,0.05225083287273446,-0.4054427870947975,0.6847760890293388,0
0,-0.6939112802997494,-0.12011606611190792,1.5211773784790579,0.9576152586862193,1.2569616373110095,0
0,-1.1200777606573602,0.042145956425107725,-0.5150141872470306,1.3399693227028135,-2.08163422248715,0
1,1.1976444088525984,1.1985769167802918,-0.9111579558649258,0.31553507296874805,0.08081086787258873,1
0,-0.2138414041507151,-0.9397857816209039,-1.7273305213236536,0.6585722695512903,-1.467500972399757,0
0,-0.8647400000184114,-0.7410053921363625,-0.5111111571670296,1.3031314848049185,0.09045003166610488,0
0,0.10618665845128729,0.13798566901408432,-1.4012509239661861,-0.17478573190098015,-0.157022910411986,0
1,2.297713781989804,1.9434655452331508,0.9600962946083287,0.08347063054705377,2.3603905638471345,1
0,0.5052696876991607,0.005605145495823899,-0.0961058306347794,0.4867283127133465,-0.5387940979790746,0
0,-0.0760113918952311,1.658893117112517,0.9394649850065234,-0.4289983400741094,1.0487944788315295,0
0,-1.104247017912718,-0.5518574580931621,1.465697056450095,1.6990449866852613,1.0089567914281279,0
0,0.4294214043954286,0.2669652852394188,-0.8650578673074931,-0.43800264470503963,-0.19488944943921355,0
0,0.08783530143873487,0.7747215663896649,-0.3473597601468103,0.06128630753386176,0.11884956847014289,0
0,0.25461066553081224,0.6394062726993471,1.3316868015371432,1.9163760918349384,0.00047691290017665844,0
0,1.1616616801815083,0.393040117064771,0.18921757937710068,-1.8617756901874913,-0.7437613464503898,0
1,1.1051130222816081,2.0421523843052656,0.5215099369978939,0.21595846959657927,-0.8302737348060498,1
0,-1.7248895598732255,0.033236608594620014,1.032977571469751,-0.6605660416165414,-0.40983293328960957,0
1,0.9679272533141459,2.39772904689233,0.8965146536640367,0.0001693163775245685,-1.1384069660402185,1
0,0.29162704096069264,0.7698954638125569,0.4103595532910384,-1.2058799833791798,-0.5003904761090857,0
1,1.6161555410488244,0.888663439573672,1.3963614851779933,-0.3708785171891615,-0.19546645468291304,0
0,-0.729381677759209,0.192940762580632,-0.0682543085881165,0.024777175105386715,0.161819187389733,0
1,0.7481695700941419,0.4716220222838885,0.5194143982578509,0.23832006053661792,0.4436838775302538,0
0,-0.21276540949043726,0.9130733839414257,-0.1767585043518301,0.8956446182132107,-0.19633762601500224,0
1,0.8523431980709167,1.5345388646190405,1.0205516690741,-2.3238395267844325,-0.769085147270541,0
0,0.3123800509527152,0.8092637064402076,-0.7007646379207145,-0.1258694030759923,0.4255578982676121,0
1,1.3531438668242388,1.334385497139302,-1.6828563380795754,-0.17469193912868208,0.7909668850618539,1
1,1.2237292694009732,0.2862395007408134,0.6549247874201497,-0.06427831707046908,-0.48585976906271156,0
0,-0.45496584175380395,1.5824205246419945,-1.0201385325307133,0.0322755849533334,-0.9826204140201983,1
0,0.1578736359483566,0.07865312831234399,-1.1192426609830441,-0.8301180600376799,-0.44626491525596657,0
0,0.02556553425602146,-0.6001251740410798,1.2649299344804044,-1.546996667944975,-0.18156780534513492,0
0,0.12117436191755634,0.6874573730345331,0.9662795511911747,0.21710610558772986,1.145067073040525,0
0,0.10807766628348692,1.2215143687465773,-0.34250073084529675,-0.9942516628128698,0.6937822680889849,0
0,-0.04331732195802389,-0.12146290467420806,-3.0454631272807857,0.4027413205252121,-0.0032797295334197037,1
0,-0.6198783500748544,-0.059545446436183105,0.533240139241123,-0.9372015513733638,1.9006909149644031,0
0,-0.4382280760387573,0.1428277408269475,0.6625048725635247,0.6927219830149257,-0.034782554952850556,0
1,1.363195056916638,0.7334176210687399,0.516811334863636,-0.054455746202804946,1.413777235844887,0
0,1.2391171428529932,-0.41440046974882166,0.4708534908972122,0.014957960059399306,1.2212629008920068,0
1,0.7906982077499133,2.4691555186190133,-0.18138917214597372,-0.24634484881759913,1.1506418910949205,0
0,-0.2513859019901343,-0.07932386273970884,-0.41046914376758964,-0.4066888698088336,0.32116153257104646,0
0,0.058960236066293255,-0.5025341868151261,-1.106161869612987,-0.23298333892993134,0.11675661599938068,0
0,-0.18199965196349552,-0.2712251378179648,-0.6973966756867959,1.1816503230464808,0.005152686685220347,0
1,2.2443817248626425,2.043694212398081,0.3214846599418385,-1.5343727678715755,0.8501569719121749,1
0,-0.1850987583017198,-1.1855381310749633,0.3379269508950132,-0.648136338106892,-0.7893169949874489,0
1,1.4592751605096344,1.5527899384123096,0.7898245490869836,1.056660523347073,-0.2629551404105975,1
0,0.48877710816979036,1.477331247025477,-1.4064312553701206,0.8197733102918805,1.6669649937015982,1
0,1.0864269977510257,1.2186375763734176,-1.6592256446967404,1.3435303709772901,0.6233879506577723,1
0,0.8444990243689968,0.3439216684912037,-0.37970511241478616,-0.05924231922764349,0.9541114482092224,0
0,-0.08199233046548618,0.7898655660263884,-1.0199476454453398,-1.3182911357525373,-1.2211533649776003,0
0,-0.029708527039441966,0.784095770877765,0.18598745648786194,-1.107841787138426,-0.4320467873447546,0
0,0.028031546870522367,-0.07551120209345914,-1.3098766175398993,-0.2987111411101085,0.3338324674766607,0
0,0.0881996450775513,0.5548762820185841,1.1802321425900635,0.7606966886801599,-0.041474690526917504,0
0,-0.508408868608689,1.0731498112724143,-0.8220603584395897,-0.25467852225435184,-1.225351677420649,0
0,0.5619562793132633,-0.7582573458744787,1.5926742412994919,-0.3316815254917582,0.7597556256470832,0
1,1.723965476633672,1.745990526488958,0.5243018505118624,0.39693500964271855,1.0774284577236226,1
0,-0.026913713289188252,0.21688526885313109,-1.0552320500108352,0.027721465758650133,-0.28535039435368825,0
0,-0.7626872259354437,0.06189869098452669,2.094745015353822,-0.44058810842159596,0.795731593518227,0
1,1.6373717250943676,1.4087799833992283,0.26545231461751306,-1.0015129473660378,2.0290926207054176,0
0,-1.135927381932483,0.13900198351825718,0.16611940616875684,0.9469531002394159,1.52532659306344,0
0,-0.3489896064193392,0.18934331870969093,-0.06521205237308736,1.0478132263203508,-0.2405924800635836,0
1,1.262141376112481,2.0711691757179067,0.4665533219369462,-1.0576868679287315,-1.103523616832013,1
1,1.7721971158525713,1.6859087979363079,0.5254206114726324,-0.4026096786175421,0.23015809063575693,1
1,2.7279100149671773,1.2932740431941767,-0.8649739518651002,0.6669728023030699,2.346972220436445,1
0,0.3431444793992623,-0.5039528744946175,-0.21355145053028468,-1.1376621161026823,1.338052815272327,0
1,2.4690412435813682,1.1165344893037772,0.11570095775047733,0.3651774587645891,-0.006098421686550679,1
0,0.38712730386214605,0.15669966172741834,0.582740464653963,-0.3264919860735809,1.5622462414433258,0
1,2.275032093812569,0.9763575572706036,0.5996892770639745,-1.2167572567692486,1.1687100113951026,0
1,2.714276411765864,1.967526253228773,0.16454179417396342,1.7773422532100214,-1.8994348100353726,1
1,1.160897900618647,1.658033084403713,-0.5503229556224942,-0.3414343113156338,1.0616336862353692,1
0,-0.478262660478902,0.6861164520342061,-0.6015919104862371,0.5243073802516235,0.11876113389402647,0
0,0.4012865402863928,-0.38329153258021575,-1.191488403007921,-1.121171539818927,-0.8665823335233089,0
1,1.5977929275626526,0.9013594012110505,0.5926011643804352,1.5523397646387853,0.09125189845789873,1
0,0.13221229968417642,0.6816343357605991,-0.6159770941139734,1.9473863759960417,0.4142694228556399,1
0,-0.1492001352644164,0.07797237400053246,-0.19175449753392546,-1.5021790432104791,-0.7941170840594253,0
1,1.2422447697851697,1.2784897226588658,0.23774390697748374,-0.16456038598815462,-0.11989728804781978,1
0,0.972458801265015,0.4191962973914378,0.0039341682276913216,1.3278890796737721,-0.33079294261655445,1
0,-0.6599166682919486,0.3968695431874363,-0.005611316728771062,-0.4684321875177571,0.7952560177913863,0
0,0.4118353555449265,-0.7534582420399752,-0.9049619193122717,0.40929891646790395,-0.3013892075603708,0
0,0.3145369714382699,0.8307870738516535,0.2688625583870938,-1.6803455751302065,-1.6999260838446564,0
0,-0.9474079785421463,-0.24624416604922428,-0.3128286574279057,-0.7883024305697173,-0.4474997076538074,0
0,-0.4984681979961562,1.0200108286451428,-0.08640044745684328,0.3050437343451042,-0.9463455292595123,0
1,1.2023856634300796,0.5998708318618023,1.1579684910659946,-0.5894618684646402,-1.2940216574671963,0
1,1.938750467989955,1.5904393294881867,0.5053181939331423,-0.36053528216138137,1.180365836362744,1
0,-0.2202210635583306,-0.11137272056308567,-0.5708056054436963,-1.5155741888293852,0.803564421177623,0
0,-0.051353883966483195,-1.1851408058605102,-0.14891392558980251,0.6540663461124508,-0.9669379641443994,0
1,0.7254115858091635,1.7949247868309979,1.5994369045135057,-1.3395782618717547,-1.269379953932317,0
1,2.995547030029188,0.2456377839529964,-0.3073824519616067,1.540693362375532,-0.10264677428358616,1
1,1.6427173712436982,1.2249998834197844,0.03988124317666772,-0.6826917252204723,-1.3234719025898585,1
0,0.2994005383781663,0.6625652866297126,0.6641455686574609,0.800703114590455,-0.24209848170314016,0
1,1.2756247068608666,1.0819784136229766,0.2151914879034248,0.702204403315143,0.07051469272132889,1
0,-0.3915763962407107,-0.5422404909093117,-0.37281811864700987,-0.9850782835302282,0.3044863455947081,0
0,1.1476107929721189,0.480213882337206,-0.7434205622581251,-0.5757571684659698,0.34013566370329806,0
1,0.4499670357960226,1.2502891696823601,-0.010098941733217,-0.45743845764730084,-0.7807366535648331,0
0,0.16718824105846597,-0.2430358168138932,0.6580193443638774,-0.3896531409022785,0.07055998905015333,0
0,-0.726902334664736,0.7649954863015939,1.3209002066417865,-1.297668284136256,1.2805496781344745,0
0,-0.24300069263820293,-0.7003672410927463,-1.465354086995041,0.5338692393190223,-2.0971049262373813,1
0,-0.3828566806044125,-0.2757643532822532,1.7627843274965713,-0.688747756266279,0.3256963069406599,0
0,-0.5915866100515487,0.5198682066418625,-0.2884090527239492,-0.11417405246945937,-1.1783185164023167,0
1,1.6212650378237965,0.6608315866942893,0.9248266682556123,1.0063534944894632,1.4038937363327568,0
0,-1.5408174883836394,1.065208295841716,-0.7375352772088316,0.5717970974274376,0.8170090988888429,0
0,-0.18929308915121837,-0.1301084910400635,-1.610839424825448,-0.6213058534640502,0.7851472160836359,0
1,1.5458260147900151,1.924716428847419,-1.3129461700845408,1.0409322318928869,-0.8533823382690819,1
0,-0.8155659278436075,0.5234611068135252,-0.3309567497050653,0.6655397730570877,0.2638271569010364,0
1,2.5079312328696304,1.3086272456225434,0.5240931525711989,-0.7058447514671461,0.3751792876208105,1
0,-0.3566750248783889,-0.2874072671079354,0.031192456976916073,-0.5140478162299557,-2.371196109711587,0
0,-0.1424905454789022,-0.025778737172517673,-0.2502346306586392,1.000504123997074,0.14650982574659135,0
0,-0.35533149834882155,0.427610548494225,1.1180233185315536,0.778676155815426,0.6132690412606315,0
1,1.5510603277416486,0.8081450936234853,0.0019858210611569498,-1.5025652514641703,-1.4140540863079694,0
0,0.7848864561036296,-0.7219551532386621,0.27978467029390514,-1.0055926282643048,0.6019836105545124,0
1,3.083809482354085,2.290521633052174,3.1110273218372373,0.6953791603490053,0.09965091855134457,1
0,0.44738352222039507,-0.4409130422597379,-0.008038506666042658,-1.1743745510818715,1.3812682666914764,0
0,0.6527962601830627,0.2124503292170417,-0.6958451128662319,0.8049378377158511,-0.413100161464921,1
0,1.0298564888862491,-0.12132252533946185,0.4809597674335028,1.935787059812025,0.17764763383540713,0
0,0.14932264605987422,-0.09471936673404735,0.7340889498852443,0.37328960076907064,0.34126876553872704,0
0,0.9421505241671219,0.8582338328325869,0.30098345828089795,-0.9229883493783066,-2.8075501962556695,1
0,0.4754406794342419,-0.051101512654514264,0.1569124622693901,0.17650573046074605,-0.35457646797782033,0
0,0.08639241558694316,-0.21409567693072643,1.4822309626578862,1.0346130217275102,0.08629731343010029,0
0,0.21020462067088075,-0.1618293817649356,1.3572472122756287,0.09891042483573448,-2.3565021314531003,0
0,-1.0928501780206945,-0.3020750514465034,-0.11710115211197082,0.48383648805288965,0.6742153315497367,0
0,0.17527155626768987,-0.4020544155750264,-0.6434945618898616,-0.7994130038522403,0.0858694521053241,0
0,-0.9262485122677777,-0.299668117749528,0.4292028431462364,-0.7236701394797966,0.0802273135681592,0
0,-0.9751614909666645,0.9979260677331692,-0.6492333579817837,0.9060569663279536,0.7211898864112098,0
0,0.1157272134151349,0.42689329623625544,0.8851616681096938,-0.7120622337148926,-0.41083719496934124,0
0,-0.6684471571200326,-0.20711792931580342,0.4240562762269059,-2.5862031088558277,0.04331710146245141,0
0,-0.004268250782026623,0.5889933807712935,2.6700310384744697,-0.306332574273596,0.865086779178054,0
1,1.683060711609919,0.44768371916757776,1.4732968955542045,0.314196039027041,0.055475114926436864,0
0,0.10982976049028094,0.8254070110294021,-1.0787404979733752,1.0585106011813064,-1.8437833433207829,1
0,-0.5424728442252609,0.7770934618961535,-0.5187886816093837,1.6457756087496425,0.05156057628642173,0
1,2.1392094294887194,2.7418004084141847,-1.9139503344038267,0.0846999416792923,0.06393551152424698,1
0,-0.053541141879647376,0.606930863447194,-2.1377468066474012,0.6586171691017203,0.900575302401833,1
0,0.26464540810269715,0.2623407263191032,0.11382686731475589,0.12062635039185997,-0.3432344027887005,0
1,0.8821362316318021,2.174684230920889,-1.1923837062916716,0.3540701477437834,-0.9779653959362499,1
1,1.4930034659224078,1.0245143411758417,1.641185731629202,-0.18685950611579075,-0.9746925637112379,1
1,2.258376689962072,1.16275010497871,1.157915456352117,0.3864414756648573,1.4426144908756884,1
0,0.5821065790852208,-0.03854689107206341,-0.2714944335656375,-0.7299228277507441,0.28925525833354715,0
0,-0.47837560975463633,0.8213289185402356,-0.3283124403423828,1.98008550325918,1.3915352079865986,0
1,1.2726650856550927,0.8864729883306597,1.4853729567873464,-2.39122753255542,1.5362514411239305,0
1,1.0067879619617088,0.8227629814582045,1.7146072923216251,0.5708866345099449,-0.7435436934617929,0
0,-0.3938477509565291,0.1419228469242101,-0.9325979079605365,0.31954835075347143,-0.8199635619415935,0
0,-0.8394405244239174,0.43051829824551935,-1.0611831395036775,0.37128177495757586,-0.1276878688318405,0
0,-0.08290552344508441,-0.4218483455640457,-0.3010911470597567,-1.1828174122930073,0.6144024789327125,0
0,0.37988303890970637,0.40225077166315987,0.43119170537287405,-1.6781456213932957,-1.40156638434397,0
1,1.128968281719353,2.221039605230242,-0.5136716563359154,0.6057750727249509,0.4548988638779112,1
0,-0.05436376959670616,0.7202770160901149,0.45221416416198873,1.3410009851592604,0.4042478347555064,0
0,-0.13229904457881403,0.21197566111694502,1.950298638778356,0.22022916236361437,-1.1254080187300615,0
0,0.6330712389589315,-0.054358649333386556,-1.4060311971642363,0.8052697599389995,-1.0903383271868716,1
0,-0.36695510208265275,1.0413741813884485,-0.44567588006256387,-0.45814459082740105,0.4444978106129445,0
0,-0.3451296645905109,0.009242396694870578,-1.3869919154945942,0.33157372590498746,2.0730135632249516,0
0,-0.5076126769754168,0.5642127717691228,-0.8365848119285502,1.2256599081264363,-0.2948615182055131,0
0,-0.6825057120470926,1.1749688875113458,-0.29467649213245356,-0.3135474654787633,0.32974925561715257,0
1,1.917510994868182,1.9011608477779602,-0.7272111647608682,1.1857181018530027,-0.6050055787469973,1
0,-0.08106647779828717,-0.5982547397442076,0.5199775663480041,-1.6345722694022016,0.23648820933317197,0
0,0.03288591589398111,-0.7434136687849725,0.1509562831239266,-0.6130030194101572,-0.6253820729252082,0
0,0.764784693717238,-0.1785776520378603,0.29901908063176713,0.5459161249528968,-0.25893653264296185,0
0,0.7992484355567229,0.4256994740749351,-0.3066977796326571,1.9028106771572895,2.4491110436283896,0
0,-0.987740584700882,0.26687152010640797,-0.21460798720906252,0.014273915097697877,0.10707208935001541,0
0,0.38870080385734035,1.324249239278204,-0.350690547600098,-1.0339175479848346,-1.5641729440878775,1
0,0.1353881554267135,0.2610337726568442,-0.24865772995495525,1.8800788497290917,0.6428445045057071,1
0,-0.2769545994875619,-0.19646473005038043,0.4190093112070743,-0.12614167962270417,1.1293293636887303,0
1,1.7966102122167655,0.7199947381340658,-1.9234906855585665,0.6647788738568058,0.6755012209499964,1
0,-1.0358299411324714,0.7082624267384068,0.28794132653147847,-0.33442478931908887,-0.17677307488289618,0
0,0.8775854056658395,-0.003636737524950658,-0.8687305635806749,0.14227590122789083,-0.9173592908599693,1
0,0.30896645824314456,-0.903683860939639,-0.33885764009882186,-0.5621171364407703,-0.8927764183563419,0
0,-0.5191186468995954,0.013356361749161747,-1.561532898503499,2.257643556598506,-0.1897376983319331,1
0,-0.3512461330917143,-0.5974428666762042,-0.3586717047866023,1.1912317729374313,-0.3668184589389506,0
0,-1.021887885328464,-0.2553825062098893,0.27788403311837084,1.7681229263845535,-0.558219727681718,0
0,-0.18837434990175247,0.0037151858655999036,0.4570843569682594,-0.7884618274139973,1.215317187872206,0
0,-0.28963918634434976,-0.5431068290009944,-1.1863315175608131,-1.8250233901554873,0.921167315658853,0
1,0.8049337677257447,1.107425498626186,0.4088386179407861,-0.29295432263131255,1.2669938088996946,0
1,2.066021340225867,0.9535280995320086,1.1397761089635698,2.5164720057403103,-0.7883703611215526,1
1,2.3660783138166854,0.9696264822078586,-0.4936900395528034,-0.3218731121595244,-0.9207978910721706,1
0,-0.016416294026686658,-0.6048123102789361,0.0009131150564178419,1.0517880745090737,0.07738205426154977,0
0,-0.18338812970782079,-0.28965873876187354,-2.0685465661757,-1.0248440807732424,0.41497913664556285,0
0,0.2609907612790763,-0.5368190650643719,-0.8970340556405135,-0.8290069707889384,0.07151715228313985,0
0,-0.01178337749702584,0.35195046958550713,0.2705202171981383,-0.07979226826082884,0.3468457584191336,0
0,-0.6493075297387118,0.12048003211817439,0.9554674042059295,2.109694026292603,1.5850543041137222,0
0,-0.3916067919523567,0.7168291349944729,-0.5992777907759603,1.1002328390392544,-0.21838921570941316,0
0,-0.17786160404881848,1.1320220342625615,2.6693860717567706,-2.053187253257946,0.8071377115236237,0
0,0.14891195668601756,0.40639500835306147,0.3138896402015002,0.6667307879073114,0.5179652676032016,0
0,0.005602030725880915,0.26975221477998473,-1.2733568757541636,-1.1487348517386076,0.0953214537459885,0
1,1.7262216279922695,1.8442023633769362,1.2871827112440355,-0.6815615353619671,0.7610365108571379,0
0,-0.9148967899703531,0.27995329020129534,-1.252943130980742,0.5103904052615297,-0.7679546067653302,0
1,1.9991306464509575,1.4301196072559552,0.3284270253978692,1.3984357105243324,-0.9690737166068267,1
0,0.002049530405107375,-0.01759548380843917,-0.9292410626948826,1.3492656081934262,0.4328700838223463,0
0,1.5316254324900922,-0.613001978437219,-1.3574344493576964,0.33156663435735856,-1.638026949878346,1
0,-0.2325806221058478,0.5033517325829036,0.9621521895437266,0.3456174516639992,0.511541741497972,0
0,0.1940750970656234,-0.0187768859149981,-0.25977696344605955,1.3462120651714684,-1.1281671209102953,0
0,1.697531497325101,0.8697113845743853,1.7256720545602533,-1.5755440504513816,1.517929386486309,0
0,0.11645497770190728,0.5490815421511899,-1.017933588012447,1.827355162170418,-0.39626563961401096,1
0,-0.04057832356561004,-0.3755709733655865,-1.5596407016407507,-0.7359816687244047,1.4532311178860022,0
0,-0.5921531368503908,0.7480146281392529,-0.4796654842457585,0.2606136474595177,-0.21081858830538877,0
0,0.9169598203253909,-1.5364451739021459,2.89050879973298,-0.4962530338282818,-0.2535398377182145,0
1,0.9045390482940581,2.5581354469746875,0.8339156073670567,-1.156009298929351,0.8659173595249451,0
0,0.2562725501088731,-0.803067166649799,0.5538930137365675,0.4615904770373311,0.29296737588698474,0
0,-0.28413319278502885,0.2970673075025217,0.5869392101559114,0.2365356939214955,-0.06670103532127043,0
0,-0.11360175754681336,0.2564496996885168,-0.48484344166173715,-0.10539303923271377,-0.40410348225594306,0
0,-0.8543593611660348,0.6742301171050499,2.729350273698566,-0.15266556408363005,-0.3945437142738015,0
0,0.805876333040337,-0.1972180843826472,0.45808542391984697,1.5259470580225225,2.3575372331782996,0
0,-0.16667838355096595,-1.2873110831172334,0.36431628358529916,2.192803090152836,-1.6752948699852086,0
1,0.8709462046641799,1.2036272531716663,0.9848629495135043,1.252902571660937,-1.2025304393206329,1
0,0.7516143582240549,-0.13149738149979456,-1.2732432236470463,0.2774085575280851,1.1768849653326814,0
0,-0.3024820878223822,-1.229515209970382,-0.8793469191581964,-1.637266794738393,1.101865014437768,0
0,0.20076437503843272,0.027222965376442698,-0.24551389015927633,0.6271556970171868,-0.9225004079888747,0
1,2.10484982928062,0.7544891068012727,0.9913282184334611,0.6713903526211947,-1.7524232234071557,1
1,1.884420598344592,1.789451061856072,-1.298053012738161,0.7713329294051153,1.272327719937201,1
1,0.2820186697005789,1.2523521585040915,-0.06735441903682685,-1.1409809425323216,-1.046796309599883,0
1,2.0172140205866724,2.57665693131184,-0.20884952036609983,0.8500639658055714,-0.4911085371115406,1
1,1.5396317424009232,1.2462928058957108,-1.5743858076256896,1.5615861927429908,0.09612053502285896,1
0,-0.19741721808199958,0.25823475980471716,-0.5089316390068872,-0.9826222991161745,-1.072607395036718,0
1,1.5345550306148668,1.2721570961242978,0.5422521181730343,0.6846572976787832,0.9244335431756692,1
0,-0.9660196763646489,-0.973960913076245,-1.483269645691485,-0.8117766397843702,0.020931733750793175,0
0,0.1153025487970816,-0.12282780308249734,1.4113345937089603,-0.10426967492120225,-0.8820347091386229,0
0,-0.8186348242255862,0.4520480647028874,0.4680453854324771,-0.948691202361331,-0.7939236088916999,0
0,-0.17150382573397877,0.36119388339897734,0.34600665133140707,-0.3507123116517638,1.2969782785885404,0
0,0.09375865892292641,-0.1759606426967206,0.008188077950072935,-0.34295865827872946,-0.27875380978808095,0
0,0.6444222527925685,-0.8740536701495789,-1.0923219730735712,0.41227494573519735,0.6144714443268661,0
0,-0.4917678959158287,0.3866751526399717,-0.649696850375684,0.8903583309026862,-0.009983850139538682,0
1,2.4709524231075934,1.6516919512780932,0.36185471300712013,1.2161776145585785,-1.7545471747273096,1
0,0.5681119521090885,0.5060465123115595,-0.6516552044780795,-0.6519660322563389,0.7468440331865682,0
1,1.3423541545056785,1.2355326828592263,0.1887490734094527,0.3598685125907831,1.0738485817999803,0
0,-0.6652495598415616,-1.0106248756857346,-0.8988813192448499,-1.0981643987954721,1.8424313482035723,0
1,0.7337102906617474,1.7202561098460172,0.4514299130036546,-0.11068803719720217,-1.9005767649589598,1
0,0.16305231091988362,-0.005485659044090462,0.5260805979959042,0.04274085315753516,-3.1584532538625996,0
1,1.1576295102755116,2.2350102640400675,-1.627688655899668,-0.9225368566964205,0.6390833713716546,1
0,0.7196140831690292,0.017239819467850696,0.06730853650098516,0.5591057512716737,-0.5993230728350452,0
0,-0.40771429789696223,-0.027280133513700976,-1.5216679278903447,-0.15575461621944514,-1.4300076689507697,0
0,-0.5404025880311834,0.25035268311958836,-1.8610409770567033,0.15436920011455715,0.10753104845193656,0
0,0.1401758107465882,-0.35815864128067865,-0.5938922505123727,1.2245085264879219,-0.44930143550855184,0
0,-0.41162811429565394,-0.38708143267414163,2.7969175621793174,-0.4276766927947394,-1.2761902219281918,0
1,1.6051299960212821,1.3412628401972346,0.7753879530249121,0.8501982731703276,-0.08279384464175686,1
1,2.191593598035113,0.8477562150380166,1.392104043657002,1.4428781960628376,0.5665022414340495,1
1,1.6703375990012346,1.2625427207204207,0.6084165385236938,1.381603501781544,0.17492950563166096,1
0,0.07257867642163444,1.1637368144692197,0.20544338430282574,-0.18813519625445785,0.18250803642475422,0
0,0.12308802534505085,0.6255802360358201,0.895391616734342,-0.9726621784754295,0.4434256567284813,0
1,0.5841406058287641,1.58482276483979,-0.6395713686625158,-0.7099316580098062,-1.691383166459807,1
1,1.8351026499582943,2.331006356572951,0.4705146167307748,-1.5866825332607466,-0.05129699603115211,1
0,0.09595894603553766,-0.4949376588039874,1.1770978124248346,0.686018714448087,0.23995893229412504,0
1,2.1357383961900527,2.894263921927997,0.6994217220097766,0.7480857541010061,-0.37794015689596444,1
0,0.3634864806822714,-0.27630151053583635,1.2427799650366675,0.11739865068761052,-0.8294315002601637,0
1,1.4788308210366916,2.6022835373055075,0.1826001596286622,-1.3761358821506766,-0.7461794110242006,1
1,2.219435734906414,2.599641828667789,1.6920806518305336,-0.3652843158149106,-0.2933888769251947,1
1,1.4244215814323677,0.3480621159216768,-0.20823175381729211,1.3802591534950248,0.9143830150392527,1
0,0.14829426244662297,0.8802552858850886,2.11769243000882,0.6096639835968173,1.5272219604028427,0
0,-0.1866896582876137,-0.1703454842716059,0.5736074223941534,0.7830481965571856,1.3234507913466966,0
0,0.27705468295392693,-0.3407810743908421,-0.3839462558267528,3.3080593251881165,-1.5607406313086636,1
1,1.3741061304173428,1.7147828720989917,-1.1791301841294788,0.32807466649048816,-0.9393152206420486,1
0,0.9885309653649403,-0.6047491948528549,-0.8079910330705616,-2.158654085201477,0.6574630756005222,0
1,2.8104176423353833,1.7011982527497669,-0.9593616662565649,-1.1010999516961177,1.3007238269003376,1
1,2.124362952511603,0.83552331062146,-0.08871920638118194,0.30555565782970895,-0.9668116754465222,1
0,0.924777989648417,0.10624756755709121,-1.2739583357131983,0.018739095318541118,0.18327230087698196,0
0,-0.9235286885154282,0.8012175474540888,1.292758448693921,-0.17198769942222275,-1.131859530534086,0
0,-0.8528266459649967,0.23191076125947185,0.11072287440432846,-0.15443170800690736,0.27648887189696336,0
0,-0.1929363399787278,-0.21587495236868812,0.07014967885769471,-0.7844353720980158,-0.643449287704328,0
0,0.02473857915532646,0.32484666650275196,-1.1653868291639466,0.37381438820197854,0.1829222001068002,0
0,-0.11892445085979945,-0.8438881452029399,-0.7690377035905946,1.3943607600052987,-1.2118032445885316,0
0,-0.9852811497797721,-0.5033164705176205,-2.2203673450786794,1.7323386519275694,-1.6338766810374563,0
0,0.690955023794188,-0.25816203630420903,1.6178051404774607,1.7039834938059766,3.0982816618899514,0
0,1.292518940014162,0.47211014767087545,-1.4177166437598636,-0.9559666706795413,0.06934109108421309,1
0,0.7685926075035736,0.24347925229285733,-1.3419037430658496,-0.02017531169288903,2.1347110133306963,0
0,0.6513139612718829,0.3210998727008051,1.413173392072045,-0.3138400775539207,1.5090495839065752,0
0,0.13567176308736184,-0.01642952934626003,0.38756465881973906,0.5919731303509556,-1.6356063588107164,0
0,-0.5057984224362821,-0.47285978760153885,0.12073678746008046,-0.08269638676660652,0.3617845411597275,0
1,1.6435168315815807,2.292870161941601,0.3402684753920533,-0.22562748799298785,-1.294476989380131,1
0,1.2633528221049022,-0.41867607268059603,0.9539003732611667,1.4545792886223865,-0.2961984488222455,1
0,-0.2111928675042336,0.2514233698234921,0.09987531674364122,0.09837842336422456,-1.8848981540480951,0
1,1.327025651305635,1.33273720810775,-1.5435347440178262,0.12418362454759992,-1.5742262222802241,1
0,0.6643821954623482,0.3377959002207934,0.7331898723755534,0.4132381792818131,-0.8547900737825916,0
0,0.7042116304473575,-0.36329219113016187,0.4223438766432864,0.6761937693795765,-0.5457465087726028,0
0,-0.5087410834648821,0.6316062965322299,1.1715533474537865,0.6819558713617342,0.038827096591584315,0
0,-0.15689076794245352,0.8269667495015621,-1.2490988634754852,1.5521373422988027,-1.0361885945847642,1
0,-0.3011432975408607,0.5947938494978225,-0.729341897585672,-1.285616023496463,0.1493083750303321,0
1,1.6418136274366544,1.4945751955841888,0.3920888847141844,0.3244623565264023,1.1357650109718487,1
1,2.262212002570896,1.1389248523377895,-0.9445115665419324,-0.10237946353451963,0.2738899673193046,1
0,-0.4824165126768546,1.6932670703157353,-2.352842502905765,-0.3008787436676403,-0.0673227023101442,1
0,0.653798887342162,-0.5949747268571811,0.1973305787368691,0.7577806282931572,0.34162860319795346,0
0,0.0609907493527851,0.5287377310320798,0.8950076331002342,1.29654293729385,-1.4349819549008604,0
0,1.3957152817885667,0.19967093284597434,-0.12893182094156955,-0.591759355751036,0.9520070654864657,0
0,0.1912985306225241,-0.037522465307232855,0.5481351272544526,1.6869375044595738,-1.1976318618100672,0
1,1.541848858222441,1.5110977638404088,0.4033675143178838,-1.4316476500867232,1.5518629705850253,0
1,1.9448288362695956,1.0938708179832186,0.010495357596030005,0.5902614384933861,0.7707532075678443,1
0,-0.20228774273232605,0.2562333259471487,0.13596315669708497,-0.8906858046548616,0.5565620419411996,0
1,0.5228361259889047,1.5900946915760406,1.3491381119962318,-0.6417719539603909,0.600098024389404,0
0,-0.1443127045626588,1.606591933755104,-0.9642505763936298,0.060079502968917654,-0.0018917863431601658,0
0,-0.15377616544153502,0.6424933290502566,0.773044812290992,-0.39882292166447175,-0.7863853294413621,0
1,0.644609523670113,1.7095296632758443,-1.1808777586515176,-2.8632766476701437,-0.9417770360359662,0
0,-0.043821113876695655,0.34533535998577564,-0.7947802126652233,0.6114695614875086,1.751391931933888,0
1,0.3597338652343618,2.503722593297447,1.195917314726449,0.7797605847603627,0.10330395794648713,1
1,1.3913878989067126,0.8177440611558368,-1.2098313952475115,-0.16106341205807184,-1.1149289705417469,1
1,1.7461575952268036,1.2903603537429378,-0.24159124774404647,-0.23963855216129976,0.5167113419909131,1
0,0.05819770628293944,-1.1442832966072365,2.361347105527309,-0.37289009344832696,0.3428834086831522,0
0,-0.2466416837320909,0.335264305297141,1.0255506603109674,-1.7114652695867176,-0.3293393809502341,0
1,1.5486817588311572,1.90890425032658,-0.737171962937461,-1.8172882574197327,-0.8980228419826048,1
1,1.1295613375133016,0.8026399686590995,-0.5658252500269186,0.8036317114609134,0.7355593164008838,1
0,0.006489911653520866,0.861048010800422,-0.17011612818354802,1.064700702925701,0.9460472083323394,0
1,1.6348518439550626,0.9686720044251282,1.3119442310391418,0.596829514957481,0.32239668042689473,1
0,-0.5401499867409059,-0.2054808654099379,-1.0016471429923817,0.37925368085942046,0.07154352511667221,0
0,0.1606195203054586,0.0717395493720193,-1.062168941868303,0.7827195653313729,-0.7823902704383692,1
1,1.7568715930482723,2.356517817655889,0.7133530568794273,0.7161102323653554,0.47983984830673143,1
0,-0.09972594814864265,-0.514918690848539,-1.6811369672776995,-0.7851547652580402,-0.6346925444925121,0
0,1.452628221772091,0.17474827521940975,-0.9110771526510753,0.2224607417674181,-1.2724731732869454,1
1,1.515578567989415,1.8649026528754535,-0.08508898157561343,-0.2960727001281112,1.1255968620086343,1
1,1.4324594527761891,1.7410820982076913,-0.03382021197826835,-0.28286276454679254,-1.0299001697529868,1
1,1.3465641344753605,1.7632406198400221,-1.3646198968979242,1.1402046547118185,-1.8969361158849152,1
0,-0.5825635338458398,0.45690013330436463,0.35374039913398014,1.5746613997110308,1.3090153587208766,0
1,2.011538415906042,1.067166365236927,0.5537650279326458,-2.346342363936838,-1.7444394745408465,1
0,-0.4117481808116701,1.0126678720981948,-0.6624893260377074,-0.2550742570428718,-0.38973949724624707,0
0,-0.3407688881986517,-0.06668963890345612,1.6607573113664507,-0.3074367120594845,-1.0956145694616077,0
0,-0.32294493572315885,-0.14630892178944294,0.3396060683477311,1.1614716100216715,-0.7238000437207194,0
1,1.0090338904908935,2.2085753007882523,-1.0048589731708821,-1.450375509683919,2.224070554386433,0
1,0.5493500004731664,1.021659879873818,1.6207805462828389,-2.989578011424894,-0.10156433182068585,0
1,1.3222360797044839,1.5921669144194126,-0.5233243852670172,0.8209351007539684,0.3599050553430922,1
0,0.5240011876273747,-0.4337007743971422,0.17887346432260792,0.9629339358538905,0.7904879742030632,0
0,0.11818788327914635,1.51154148926701,-0.4867812231994301,-1.7840044939017135,-0.6468236656531827,0
0,0.9363451621128751,1.3851927100360728,0.6241530995377397,-0.12440171553885217,1.0751402097749785,0
0,0.45057378299351014,-0.06614458886192758,-0.48152828780396206,1.5301814051454,0.37600921783187463,0
0,0.31437888616442683,0.3119143041003195,-0.42085631454370215,-1.0780438798588288,0.7538034171837917,0
0,1.129589413591629,0.0031198830284284527,-0.15997764201790937,0.1010516043613916,-0.7247649587348195,0
1,1.5417126429980732,1.1908403069549607,-0.5019502550100186,0.507962283902583,0.4439903318992015,1
1,1.6378454041029715,1.4717788994635195,1.071814588451308,-1.4276315688509178,-0.008939506532328249,0
1,1.5931213470039174,1.3756391388665243,-1.2577932761239219,-0.563841847050409,1.129753014507578,0
0,0.9262720387101299,-0.9124004444591785,-0.03714767628825436,-1.690836367956179,-0.5403357035514069,0
0,0.001509189875454566,0.15781399293935414,0.08946506923102418,-0.16453174711419805,2.032215455456568,0
0,-0.38896642444626256,-0.02537572350758644,-0.1246342819272349,-0.7909933726510312,0.33872311211997824,0
0,0.35260532277771106,0.187320273980122,0.9682986234000286,0.2076857045862231,-0.12521786474010138,0
0,-0.4897558866342168,-0.046510666658689116,-1.5039479941699165,0.634825212667178,-0.2421922077233621,0
0,0.32008290756835506,-0.21620361808712743,0.567917243554962,1.3886288002115532,-0.006845082770147664,0
0,0.24830456048510094,0.5249460361654191,-1.2449522480086155,2.3322807627847513,-0.62866043063694,1
1,1.4863583993161025,1.719880642225044,-0.5087765195334119,0.207699850660601,0.6667154809318225,1
0,0.339486943252096,0.8376283799614131,-1.3476901458414752,-0.3165701535257132,-0.011915083392923383,1
0,-0.892673958185011,0.29683785868339846,-0.33209117526989923,-0.3746651453803178,1.9436112161162509,0
0,0.09777727279499156,-0.11856393108908028,-0.5782112759799829,-0.9648663187289667,-0.43332218855765287,0
0,-0.2776592308000392,0.3700611157106614,1.6382717974740262,0.4481546868619883,-0.12064626157031236,0
0,1.7173581463707126,-1.1883678955433827,0.24136640275113433,-0.4948742552984696,-0.4343107746092712,0
0,0.09349504178412467,1.2622079332384715,0.439786020145902,0.5180522441060428,1.869042404234462,0
0,-0.3578352298700623,0.16462808626654032,-1.1075035674330105,-0.933026523634666,-1.4457300915906366,0
0,-0.826981041631849,1.3106735364754523,0.7400771128429109,-0.46607672938288114,0.09364083749748107,0
1,2.3832437180765593,0.8783929641916206,1.638225980376139,0.4323534171511313,0.31298324764824137,1
0,-0.2100196317142667,-0.6705872295684385,0.8699091685662161,-0.12490527142728254,-1.128022757373287,0
0,-0.47481124024525156,0.21949997559858878,-1.3120125750186744,-1.9203214388640786,2.6431869129599233,0
0,0.20177952840543575,0.21752084565999544,-0.46414185279141373,-0.015192818557596516,-0.9305652410437348,0
0,0.3898312988433921,0.2029468646621665,0.10849011109484802,-0.8017737307882665,0.0335234585240295,0
0,0.38037175992571737,0.11149572195028838,-0.5771631758144851,1.1814295165146573,1.6840281852389616,0
1,1.611850253835617,1.0231297034441664,2.5329908532608028,0.9711111379015475,-0.37506568940763535,0
0,0.09551408213203197,-0.8912134764471128,-0.4822764307618817,-2.2829303943290142,0.14362814801165938,0
0,0.13922224540842165,0.16989033399041156,-0.043351350721190444,0.8014988955026504,-0.3447738582096475,0
0,0.201837759377324,-0.7695552001790286,-0.6002279875092618,0.3892995862588766,-0.053280755229414674,0
0,0.2549311175408894,-0.8262037786432361,0.23168371384510666,-1.4840428021795111,1.0814576295192986,0
0,0.6566716507833276,-0.22837907908094224,1.3823500160221647,0.8783234526312093,-0.42157317507090025,0
0,0.03384891721551017,0.25839539119702987,0.11485545277709149,-1.2798845949072164,-2.6544567025773675,0
0,-0.4900819594982171,1.1926555423537757,-0.21901325478235495,1.1453781147231823,-0.032953316694815174,1
1,1.5134249781375795,1.987555581952276,-1.0739104462458848,-0.6461883645293277,0.06291763741378001,1
1,2.0522684912409983,2.2599305522774484,1.2088363683673755,-1.5180472998136585,0.19543763671875286,0
1,0.5280832249690928,1.7921970125258428,-0.14369393808048683,2.1207479040656207,-0.1833048157504419,1
0,-1.0684513172231767,0.22011223136623911,-0.18669628467303534,-1.5463285009509224,-0.8625379025549804,0
1,2.1509656728353947,2.9034741889136555,-2.3389371806488324,-0.806024122088647,-0.24514406888207085,1
0,0.9120736901107966,-0.7937133683354355,-0.12721660087012307,-0.6099204076991136,1.7651919782071444,0
0,-0.7591200210116842,-0.2479381898365469,-0.40110497736566353,-0.4556683615262158,-0.0420444204480614,0
1,1.6602755624997372,1.1988921382505529,-1.8260044103730286,0.6987813754763945,0.6529085095852619,1
1,1.360272932249791,1.9361342128149928,0.9896114302111616,0.05791193552104871,-1.0337296995703271,1
1,1.4435019326550258,0.8127339453883473,-0.535242419226939,1.004302877532888,-0.2914210827858028,1
1,1.7833186052538494,1.8580577645459604,1.89556887770998,0.37191717711864786,-1.0006126028073279,1
0,-0.7757221374064494,0.3477898990616414,1.4144415396890595,-1.6729999500052222,1.2936728202673449,0
1,0.9356694997045594,1.888008460968078,-0.7199036107504369,0.5498572191028698,-1.555779449210514,1
0,-0.18075070375273508,0.47713382810705873,1.369313652270939,0.23380652246361455,0.37240165666252695,0
1,1.512774641263504,2.3229917819795576,1.6105421944792349,-0.6246286704939146,0.3407458125054074,1
1,0.9244269365894973,1.3704743222375746,-0.55903555552189,2.0737253325203056,0.2759381292141317,1
0,0.47378860487351054,0.31809474569493673,-1.032660109450773,0.6083481134868849,-2.344882163990301,1
0,-0.25053658386662,-0.4419295713377449,-2.1553546790284246,0.9417267430778059,-2.0229378060269094,1
0,-0.25309056364010724,-0.5788770061605405,0.38044159908973274,0.9765729625632564,0.11705612352350729,0
0,0.16959527413794045,1.0588972707621611,-0.9733258724932714,-0.4200535130946671,-0.923118241525605,0
0,-0.07734496564049957,-0.4872712724142452,0.4104929275231255,0.6333851431050228,-0.6428556071035935,0
1,2.102486087743488,1.784787246171733,-0.5678509846584185,0.31602690372693637,-0.4245399811888947,1
0,-0.5600535226803999,0.3186256797044895,-0.77973159105529,-0.5570254179622015,-1.0529680665351884,0
1,0.7615680417619158,2.104988536602363,-0.5614912376986894,-1.2215828997246443,-1.2253095871459267,1
0,-0.18587253827916453,-0.9949203891594469,-1.2998169194682276,0.024231597611008647,-5.5403874740192625e-05,0
0,0.036141703761007726,0.5347241955277093,-0.5619532803775938,0.586929348856534,-1.9060823582114879,1
0,-0.7444535664585122,-0.034819203849118005,-0.7366126689041331,0.016242933363579327,-0.5058015341110098,0
1,0.7673478629798446,1.0400545289225578,-0.014155638354808184,-0.1823113469648214,-0.6674144925273359,0
0,0.10937866940279126,-0.15049050705623448,0.10425808618534001,0.02735798989342643,-0.023686557768762943,0
0,-0.45466834038897713,0.6220624722246023,-1.0711750877388804,-0.2869792496103841,2.3871792151139966,0
0,-0.8715070302041518,0.4387443103950439,1.100805190609944,1.5493192818057706,-0.9819482951389191,0
1,2.1792047753884374,1.3232459251966995,-0.15956863379156172,0.27024082625921153,0.40636949669296524,1
0,-0.3790768037562554,-0.6834644784415679,1.502439349957333,-0.48646266165058716,0.22079381430380557,0
0,0.6898869623192146,-0.6411267581469838,0.24108230098607372,-1.8080261431884694,0.5598962350764443,0
1,1.6170824746656565,1.851818095954797,0.06910403885386154,-0.19720857101177683,-0.21329157655969164,1
1,1.776855317233182,0.6333545446073636,-0.49097810052633667,-0.5768239164238894,1.4414558407990639,0
0,-0.12689984765811174,-0.07089269294658503,0.6148393920709179,-0.613960947538262,0.6852976748718086,0
0,-1.593097346727418,1.6086432764279417,0.033566751161682014,0.9426112987040297,0.7012056380019355,0
0,-0.6820718946322225,0.2757365030220575,0.8584657091229847,0.07973566052425837,-1.4142489217651004,0
0,-0.07542567583123466,0.4453495223970027,1.6046623975584597,-1.6824452319268726,0.09633979780826148,0
1,1.8188374823756228,0.7633788368802028,-0.726852868180137,0.6188318467947811,-0.5098554341085055,1
0,-1.0738044134328724,-0.7363809937034665,0.6134635783379208,-1.5820366585769232,-0.8616359387691356,0
0,-0.03216102471627671,0.47749322222283064,0.5851161764154439,0.6933198202659886,-0.6264644907840264,0
0,-0.6733584523284188,-0.16941119333691473,0.4581119082588428,-0.47507524025116815,-0.05591901330954126,0
0,0.14077209905379248,0.7041728889382043,-0.43319917969450067,0.08690721189565556,0.45676445694410217,0
0,-0.011640471419895035,0.08587994257471121,-0.41296639541527236,-0.024906621602290034,0.9816034849422679,0
1,2.046100961457744,3.533817671330078,-0.5838821702990105,-0.1481268329796724,0.9346948084676737,1
0,0.6400937581125112,-0.283391889188009,-0.6037170610190663,0.20952395190084533,0.292694584731058,0
1,1.8753939395644175,1.6334789175136573,-0.8401244659524569,0.08188423091995292,0.05562353237531097,1
1,2.116236153382345,0.9235126024475182,-0.1044972857515644,1.8697293632216525,-0.3244871215332124,1
0,-0.2102054855543031,0.6792480063914579,-0.7578183539779042,0.2239484120144436,-0.2475942045062474,0
0,1.6938704467602872,0.3243074363245715,0.4356436938460455,0.24718643577001326,-0.7802932492545693,1
0,-0.7312914578969286,-0.5167139120485964,0.05695408949354456,-0.7095210638327243,-0.4284593019013444,0
0,-0.31665346674559275,-0.13037093646805661,0.1691225778872879,0.38089502373638096,0.3538266589692278,0
0,0.5408151496481357,0.8831008641003159,-0.27348912374257844,-1.0235910604713228,1.540353160991102,0
1,2.0516327829165957,2.211025463223473,0.06889829363373781,1.1501277296265526,-0.1497267855505653,1
0,0.2924334114854093,-0.7886373835593875,-0.24732247820085748,-1.4843484592555873,-0.8076821471417072,0
0,0.4051911947958647,-0.21958178623932348,0.7795430797679663,-0.8436586927634225,0.9692541316705993,0
0,-1.2501342927636243,1.1528380537781806,-0.44238927928209215,-1.629132816035183,-2.0024154608383804,0
0,0.9535792167227005,-0.040306680416833586,0.37552446873604833,0.4196437421739483,1.0431494741733378,0
1,1.4776654246800311,1.570053508729555,-1.3063709437498046,-0.42387349291067156,-1.4328380903803988,1
0,0.747536509362511,0.6761591499960462,0.7120748319385211,0.6859273082492615,0.6571596180354928,0
1,0.37988405261922664,0.6607029762209468,-0.5592608900002738,-0.9755907853757635,-0.47608921150039607,0
1,1.7539411020887148,0.8961815015423611,-0.912271397808984,0.5314754975299784,0.32090943446300857,1
0,-0.33810136748690917,-0.13421944992998447,-1.1387996335557053,0.5798366218536198,2.083149526709164,0
0,0.343272090948782,0.7827741719131499,-1.2179214465962858,0.21179778831928683,-0.837776621481778,1
0,0.1902422714813074,0.6718592089513784,-0.4814713321251872,0.03087349885571783,-1.0005508661875964,0
1,1.819628678499507,1.8918598203122585,1.498627694740107,0.13719918326664163,0.07821178837872858,1
0,-0.6353650129388949,-0.02349596920246148,-0.6433228568458644,-0.9106925114980597,1.5253279577314662,0
1,1.5658185275088334,2.137741842607816,-2.2091711824013527,-1.0752695362612872,0.1791650451684813,1
1,1.4918997712423954,1.3684128614970137,0.3654662865553487,0.543872601264414,0.04461571431865536,1
1,1.8971860250244597,1.8067808074234444,-1.1142565425626332,-0.36869101971730817,0.16907994071101037,1
0,0.5935781972600801,0.6072233852367631,0.8148075788976629,0.4533919623624512,-1.004671977919872,0
0,0.09028555320516875,1.0780920405063878,-0.4210767588270655,1.5509884600090031,0.1792276095354811,1
1,0.8342966269668409,1.4262052492509039,-0.2740080175939509,-0.45715754039035617,-0.3928306661762462,1
0,0.06454728574006083,-0.15756613256785043,1.197310853855259,-0.6000903652662792,1.3224617406276384,0
1,3.1666457370455574,2.2370452176730193,0.617729510768392,-0.3242832089219258,0.7979877925110801,1
0,0.9876031961926715,0.8831115472095075,-1.2463770503396547,0.03897112531001422,-1.3237350996983606,1
0,-1.7846397376546195,-0.26602469543418944,-1.099258588456099,0.6141388086050966,-0.2831332809081259,0
1,1.638005892216907,0.796979760881441,-1.7835299402656404,-0.028386905616412966,0.5279859386733571,1
0,0.5592717151532066,0.7914206796996673,2.6032209625213896,2.0785470041500362,-0.9815277211703353,0
0,-0.10939620754078763,-0.9250364241572246,-0.8627072851042499,0.42084951497111306,-1.0792727180775814,0
0,-0.2760545520863301,-0.9556808571249911,1.169812984727281,0.780824389474645,-0.4619802965288616,0
0,-0.160178529050093,-0.10097706888522594,-0.5322745656338058,-0.03686041845402258,0.3444410567032246,0
1,1.9313136912607913,1.4614638294374926,-1.0798555472417941,1.011831229528796,1.0371523607236335,1
0,-0.6890819846250053,-0.6359712997663196,0.02156077607666119,-0.20527294641358487,0.23207435607389562,0
0,0.7132131909656224,0.1331186030263078,-0.32666418864343505,-0.644223698729313,2.4623363147705684,0
0,-0.033595795018841475,0.1598820531818881,0.8018746827636657,0.9053448206937561,-0.676760461280472,0
1,1.0389854355330705,1.1117672635674323,0.8143839145812499,-0.057288546480717586,0.7403515780296338,0
0,0.6746100968392172,1.2200785075007141,-0.5901410189342783,0.24526469652535665,-1.1090972402305865,1
1,0.6729214569330153,1.6578567260043826,-1.4399544176719679,0.9818827308230823,1.6109768175621952,1
1,1.2668739417990498,2.077093421913071,-1.1971640501514447,0.13898349329664303,1.3594112538341865,1
0,-0.3430050391710986,-0.8737277932015935,-2.2824579632976505,-0.1492487497351865,0.7115077592350149,0
1,2.8863651629416784,0.5210949125296724,-0.27445964158701486,-0.5353963044999637,-1.736333519549086,1
1,1.1889875388163342,1.6760375663893556,-0.011800348490700519,1.0616808488483571,0.7022412442249508,1
0,-1.292979132300063,1.1129146136521637,-1.1428279183441141,-0.3417263960606138,-0.8191327339283975,0
0,-0.34908906916748483,-0.6059614673834289,-1.2636511076484989,-0.05110048145455046,0.4536220788318436,0
1,1.873330208442867,1.4860259879007691,-0.016083878395564875,0.2869076628730871,-1.4546470062993906,1
1,2.0704507279501625,0.6589422531822092,-0.6319546485263915,0.2827852021624104,0.2699822750845939,1
1,2.965923816065663,0.9688264404712081,-0.2129289553147211,1.0136995777295208,-0.3535538613079881,1
1,2.4441385425915287,1.5158667912849257,-0.36722484897914415,-0.06981912544241038,-0.7782342944542947,1
0,0.11275355634909129,-0.2955667280176571,0.24873024071635427,1.3763845846243552,0.5926018973760129,0
1,1.0651507194551337,0.6166856580981945,-0.5652790172306897,-0.24875676920769937,-0.05129960676639801,0
1,2.574416458808415,0.6032493856312486,-0.48874420296591464,0.3707616346399729,-0.20496078472568305,1
0,-0.22113813019573886,-1.1316048596785435,-1.881798783827629,-0.18377406582955785,0.7371926390614238,0
0,-0.39489434172876287,0.2859502819287541,-0.05033256405941083,2.0931399812771065,1.9039581205318044,0
0,-0.2502442812924419,0.35854861525868303,0.08869182239763329,-0.3506367306839494,0.2756736554804728,0
1,0.8486270566619144,1.7555320619284314,-0.17769944957752398,-0.2601985738484698,-1.8059734988520089,1
0,-0.27901205470258533,-0.5455054787191452,1.9118340405085088,0.11474098946722232,-1.5582798459103626,0
1,1.4601350020129509,2.0035707743445093,0.16277870235840294,-0.2667734323895389,0.06891469218046145,1
0,0.43839396348727083,0.424067200506515,-0.1564771012569853,0.31448813981473184,1.0264704617958136,0
0,-0.23285300106061121,0.004376643986998799,0.4991449688599044,1.2290882522949644,0.13470805341115524,0
0,-0.7604755451031092,-0.09409724595554937,2.112863537667727,0.14730440246850174,0.5115655782188262,0
0,-0.9622632931540199,-0.3894692814215818,0.2527230439425748,0.1842698004185029,-0.05881957297877975,0
1,1.7257418485138696,1.5152971003572344,-2.2234833507559775,-0.2291498805049794,0.9620956426448277,1
0,0.04357551208153483,0.9703486831907987,0.4320585519745339,-0.5050736438828476,0.616605824867281,0
1,1.2674123732720994,2.082713969369908,-0.8792354263799301,0.0965297673735561,-1.0195768202719462,1
0,-0.28047387629524245,-0.15372625417744668,-1.9224751858071523,0.007599239631291492,0.4478017433303931,0
1,1.833092159679502,1.7231728770646157,1.6975612470804886,1.1732617054722771,-1.5426332665851812,1
0,0.8343277522136084,-0.6608580297130547,1.4814465003283863,-0.9590779258828945,0.4480239548891137,0
0,-0.4680867504863927,0.4380403064431206,-0.9051775209101217,1.4545346954494796,-0.28250149758614906,1
0,0.05334170172925958,-0.4985142855992174,-0.8986311188991067,-0.146815103463088,0.16069397355192988,0
0,0.5749622424031942,0.41415333676660404,0.160167211913082,0.1485346852625671,0.32401562476803536,0
0,-0.4656685741183499,1.7814433142846413,-0.8851788417931582,-1.0648365124972743,0.2816371130630321,0
1,1.5906207312620169,1.0579925406037223,-0.13507364365569377,0.5619368357210239,1.417474613335854,0
0,-0.02279736185259973,1.7536819855428187,-0.713182022634037,-0.9604763823940732,0.03407973602553711,0
0,-0.7867771410261114,0.29438129266978696,-0.40040231411261007,0.373390296271696,0.18891728406514638,0
0,0.10109927685937363,-0.44977537995717015,-1.4043551953462545,0.2756994075799737,1.3298167061223296,0
0,0.018926807162658828,-0.47727370004064906,0.8268983274543508,-0.3256211097827334,1.896800822675069,0
1,1.9330505497576347,2.8189733647090343,1.2037890395998239,-2.065274297458198,-0.017709328488738817,0
0,-0.7121318847964274,0.29579321082185916,-0.10020398917343985,2.1606246856870017,-0.5120855233878288,0
1,1.6059822311567349,1.0603082863004967,-0.036242503874079485,-1.054191395860005,-0.46251409321759157,1
1,2.429040438193485,1.2779236333742576,0.6291570186347337,0.2727468402328118,0.4507220379869367,1
0,1.246499899147372,0.2584654666253716,0.0019011448389050713,-0.7298060520533185,-0.2033876251733115,0
0,0.7680775613829656,-0.005232405127819403,1.7295638488334062,1.0480033874839145,-1.749250649034065,0
0,-0.7062429033901454,0.2075394877645017,-1.316362856377127,-0.3794863353468965,1.1230487491267584,0
0,0.27063160922617585,1.0641665379925658,0.8609419596818413,-0.7519747735310397,0.8153888011228855,0
0,-0.2898879449766682,-0.6767823987376057,-0.1142023651018572,0.5951567206298836,1.1466431349519848,0
1,1.7703403558779527,1.7867781966583463,-1.1212124936776773,-1.2719571068735451,1.3441255080870116,1
0,-0.4633300234661542,-0.04373856280927862,2.247088742879062,-0.41327861179083103,0.19061262137108115,0
0,-1.02808406511138,-0.2994272076352293,2.3852003725157993,0.6902451506944685,0.26055293356667797,0
1,1.3932896567801005,2.0433045006739654,-0.20786993742779605,1.5068426113852955,1.006658312866426,1
0,0.4335616179660091,-0.8768553808108259,0.4447253480422559,-0.9624115536198082,-1.215045755588212,0
1,1.7727998532842868,-0.019860014888960054,-0.4711862625069426,-0.6115588608365392,-0.35247447401237775,0
0,0.2417687159486121,0.13471980885729018,-0.31029484256448153,0.35213767549439434,-0.05932390880801227,0
0,0.12981019378762673,-0.08290784392373773,-1.1324991864515221,-1.9974231005714738,0.9219372615970802,0
1,1.8427164849074265,0.5882916497120251,-1.2802621910464476,1.3576241436733134,-0.5386076575480674,1
1,1.9177070554520212,0.37366850228897963,1.8441499719227585,-0.9994971014708457,-0.7121492350613614,0
1,1.4351911426272292,2.5583800266012826,-0.03876788383628111,-0.43740992762641545,-0.43096745956620913,1
0,0.049734336851769874,0.27780890877580783,0.05058492689142478,0.26084438514129243,0.4696302650632093,0
1,2.6459550249218147,1.4117874338430678,-0.810518219355687,0.05123664844606407,-0.06827577482877176,1
0,0.0852186174006834,1.3171469453756641,0.18997020227305722,-0.9636160126179222,-1.450734848226353,0
0,0.025538097872350823,0.6132374958393402,-1.5037941718491359,1.7214588964326363,-1.25357687502424,1
0,0.061730704335839645,1.0615660623241234,-0.7737385624780454,-2.57513249077656,0.13660378819498062,0
0,-0.13074511098973182,-0.7079723568699129,-1.1997747119838766,-1.1220076235275476,0.1699025505631948,0
0,-0.2612135782324818,-0.7304355540748106,1.2928841187225222,-0.636774836623719,0.027584983403753212,0
0,0.12520711461925896,0.37024514106960976,-1.6518983637279965,-0.9497045760473027,-0.4707120196702613,0
1,1.2965708788245094,1.6486995308574732,-1.179215497221173,1.2195535595848135,0.7876474528095858,1
1,1.5126910423136708,2.1497972213959247,-2.047589271482304,-1.6583436943555845,0.36898058901468456,1
1,1.1256911760842279,0.421526674812404,-0.8900123319978817,1.5574630321225897,0.3349107771293693,1
0,0.06480708272059042,0.4221584495829867,-0.4595209809131707,-0.2781337032854542,0.3703971845765597,0
1,1.9505169665056166,1.9935611800521764,0.9777803770591094,-1.360942667199639,1.5974146767769875,0
0,-0.12714891594654915,0.5617032400868323,-0.22199783946975515,-2.1009038140192993,-1.0242722775340176,0
0,-1.2050270621335895,-0.24401662872451338,-0.41058690883196314,-0.2151305887756316,-0.42107043173736364,0
1,1.954222926433283,1.711169102957646,0.2999081236449808,-0.7019701071177953,-0.33634273031212036,1
0,0.07211030565585619,-0.4653942551792116,-0.44290312288041633,0.2364948242338164,1.2576658157144989,0
0,-0.5959388700080759,-0.17576764910827855,2.4099078626908845,-0.45057227763428864,-0.3737535325999031,0
0,0.46396214539396385,-0.6257618035787601,-0.5910034232619692,0.9558026707414893,-0.7924593610696258,0
0,-0.8390551204295084,-0.4551994376032512,0.4137117825697818,-0.14249119563855533,-0.10580876769768514,0
1,2.227244569194681,1.255422602972528,0.8264557833556458,-0.423908441726734,0.10457424112913312,1
0,-0.03441997178832773,-0.29456204858272317,-0.6197140042441402,0.9732542917672854,1.196382430153193,0
0,-1.3613190452263983,-0.45527486583338417,0.1653723326413549,0.22816951344008177,-0.3796864678430695,0
0,0.10699775235794248,-0.7797582313069324,-0.5008454517623555,0.7746316702402287,-0.6874509961175786,0
0,-0.2437154208545616,1.1766574730754065,0.2740208079466901,1.1486607170966345,-0.9098463051529566,0
1,1.2658904249061183,1.0996622340654443,0.10092419105538775,-0.2938004221206848,-0.34428526610554533,1
1,1.1573645431262691,1.5979793441187375,-0.1402829903588121,0.038247878334072456,2.563654632093054,0
1,1.5236705254840766,0.34461682625338885,-1.155563556469384,0.8438039431844434,0.38241701631694863,1
1,1.3088867912997153,2.21458947974565,1.863694797206862,-2.450656002766061,0.5982781429519027,0
0,-1.1140141459130313,0.10029639029210778,0.586399238175763,-0.10176735488983292,-0.0002907438921930404,0
1,2.363240732006323,1.1336752742449236,-1.5886373525413418,-0.2248673533542973,0.13738326606850987,1
0,-0.1466145935770831,-0.2610846423983689,-0.42036959000438867,0.3740524036441016,0.7865114536944525,0
0,-0.43916100952695786,0.5216459146596327,-1.5693960291064424,-0.8011098511882044,0.5626787463038723,0
1,0.9229457904728015,-0.3718572572468737,0.7620813660449303,1.0954473645869702,0.3491558425284065,0
0,0.4624392404717528,-0.49451600322544575,-0.02178270247418261,-0.7377630176965518,0.016119894514462135,0
1,0.8209408185420851,1.3285496974392845,0.0040777751627133875,-0.4590172842805163,-0.3523062810905157,1
1,1.68039238111478,1.3216333512612404,-0.8423672260951439,-0.6644099638900682,0.42434093098512715,1
1,1.2498105988758512,2.9031871782070486,-0.31556398626385346,1.2298818462402767,0.08355791613284787,1
0,-0.31525179633739936,-0.2025560822688791,0.787184100612951,-2.0855767600052513,2.1327658812692127,0
0,-0.6621357185855399,0.5941361952369925,1.0558321518477765,1.7868799801694446,1.0505950554424899,0
1,1.227808340487004,2.4869943119215705,0.8464211199447693,1.4733705421009686,-0.6742810302797223,1
0,0.005287434904114779,0.4023684514730578,-1.5521668645160998,-0.5648653374056279,-1.1695511446992293,1
0,0.1411873358093958,-0.4042896427688031,-0.18611602654468734,1.0269237750029143,-0.3982137674952369,0
1,1.128644511230213,0.6293074484078324,0.25331345727809473,0.1300898358255966,-1.0832316831775506,1
1,1.5454393585375517,1.8472521696285227,-0.7347755893512617,1.6529113448346369,-0.4583114151447541,1
1,2.133072658582253,2.3870151341938692,-1.6590157269093422,0.9506537075482573,-0.9695704544333826,1
0,-0.9975771341694435,0.3275778573174721,-1.2866305462520875,2.193144574626354,-0.3270300350134934,1
0,-0.00376138415511567,0.7400688923616904,1.499774768702435,-1.5621467099652533,-0.3151208985391788,0
0,-0.570470367241304,1.5551682286428519,-1.1914613813393433,0.19134535465019,0.14717234745741464,0
0,-0.6316105032699189,0.5024245706343714,0.047560698397600354,-1.724103493162283,-0.2068774583620683,0
0,0.15660690779886038,-0.6603797194763507,-0.15633499501059966,-0.5187136982770171,-0.9022957133482029,0
0,-0.3271508812005356,0.030636459302672878,-0.15378167773134244,2.249652799475133,1.2149006841857912,0
0,-0.73008187574106,0.8221291161126904,-0.3198614668176375,0.4682004512613662,0.40298830070393166,0
0,0.7945699152419925,-0.14926787456880775,0.7891370134510292,0.9845411699559252,-0.5444637976441629,0
0,0.5520537085990975,0.9034233568877751,0.03561291905198759,0.5139386269639443,-0.8861266660843973,1
0,-1.1593835738155014,-0.04016213879303487,-0.625654659955958,0.4504617431920696,-1.4672284171318395,0
0,-0.8846568768012407,0.20060845256810103,0.05134382423519605,-0.5223479251190953,-1.5404709211563694,0
1,1.956074242791209,1.1895553757936903,-1.2775441638102956,-0.7086424001234951,1.0474585648783448,1
0,-0.17092429982248175,0.0957218041926449,0.4759445972538914,-0.5491576679920709,0.941279487107286,0
1,2.5003447866129744,1.5274684566617243,-0.6809668503361826,-2.7303940536640914,-0.5842593325331473,1
0,0.3698018391246061,-0.9651251558500303,-0.6233711527696916,-0.08203857394471312,1.3661802239451433,0
0,0.17967931431239886,-0.26495597554864525,0.5130475370809681,0.23985002251716167,0.6167640039882629,0
0,-0.6131176150952623,-0.739924852112064,-0.40731591460675676,-0.6192200259510887,0.203253525376423,0
0,0.29486417691868294,-0.24426516443301532,-0.3510161545618694,-0.1306817693387231,0.861939654125602,0
0,-0.7654583728502801,-0.4770982617991197,1.1676302353146817,0.5250486664400338,0.6184608629724848,0
1,2.3831467200460414,2.0070927057413455,-0.9731877335722324,0.8848023691041429,0.15367743530723277,1
1,1.8532831534109453,2.0140399622513065,0.4983850017127485,-1.197809697272025,-0.24004304630541637,1
0,-0.4948983460545555,0.33617649260008625,0.949524027320979,-0.7947757412415984,-0.10719535224396208,0
0,0.4828064568793888,-0.7605895387289008,1.1668971989716457,0.7529594359712158,-1.607974777634121,0
1,2.944914933481801,1.3411191336718744,2.1765200188422615,0.5890072169265037,-0.8007295957705413,1
0,-0.13057025988567048,-0.8083153870680749,-0.642140238478162,1.3443987503738941,1.8001612056460148,0
0,0.33024791381477553,-0.08837603157065797,-0.8679358332951316,1.3029252972552734,-0.8274601466700271,1
1,1.340902408185399,1.7884527003375623,0.8172154514091747,2.4148731647140864,-1.8506567711475288,1
0,0.05121133057100714,0.5952625937490628,0.9402411138673578,-0.2927658675228466,0.903963510132572,0
1,0.6956592639811316,1.6837068679154261,-0.790734647757433,1.5785640038175794,0.24861418934644336,1
0,-0.0003177081035190633,0.7550829384084247,0.48480449122961533,-0.920014703952937,0.30487255117011836,0
0,0.026146397898366844,0.15585383216247514,2.7242068606991174,2.3940528474663028,-0.15752354466118967,0
0,1.0793986661068489,-0.14013616320617842,0.10466440630646483,0.4546968991951034,0.9107614153727792,0
1,0.5229981323779904,1.924196305819647,0.923498804914873,0.5420199627604748,1.5296748431453195,0
0,-0.1685300754646676,0.5438856601060045,1.5767373855999285,0.9899256207620253,-0.5214484927813428,0
1,2.372870330698621,1.0854969810057715,2.5037461496038547,-1.3553632963411402,0.6328816788073608,0
1,1.4549371025207463,1.6273893551420413,0.24569963129567643,-1.0747551176356496,1.1184963315179048,0
1,1.4971950802090015,1.2234119753980233,1.2530335458505526,0.11567361239353575,-0.5777639628387128,0
0,-0.4999554149293045,-1.205156881320243,-0.7884941162609094,0.34571957007825255,1.5095780115292639,0
0,-0.5595632281576546,0.26406389526799157,0.024880944473693396,2.0825539212369795,1.1151672077521968,0
0,-1.0955122594998912,-0.7767133090743094,-0.4464524748997815,-0.9491998952143296,-1.2420116771934966,0
0,-0.37752914858649256,0.1969345256002563,-1.8853406671493753,1.5401929848656268,1.5949779063643348,0
1,1.0063869669327261,0.47881621870327584,-1.6030337728222812,-0.2655892555111086,-1.1895790827574693,1
0,0.0708233001942441,-0.43180024621244456,0.43003257282928253,-0.2795240167915858,-0.6874444974455106,0
1,1.127399078545761,1.1398407189585902,0.44968892598291926,-0.1638428525080653,0.6836640026590949,0
0,-0.287754591029104,0.7210348621868075,-1.041628580059711,-0.30527713933086137,1.0414596909639755,0
0,-0.271323235834596,-0.3201090359915563,1.557385362131891,0.48653832598583224,0.09867828052336405,0
0,-0.02889910937422331,-0.6449825721652243,-1.1099815971120328,-0.3949430814157905,-0.6298682602392688,0
1,1.2828866461570956,1.6186070491961562,0.25726895950847095,-1.4104571969314856,-0.26011308170449615,0
0,-0.6370716539622793,-0.13018415324031282,-0.41523945734530465,-0.26780941623945564,-0.3784842718695835,0
0,0.05145986636870301,0.4743363363896034,0.10694802421762101,0.45663899565311594,0.8412216747377356,0
1,2.2404899297587666,0.7928720305012791,0.8985332666128548,-1.4023280038379202,-0.4058772239702589,0
0,0.07707971747446464,0.12651232928386705,0.7573420163106529,0.5818299961604526,-0.6518466512870651,0
0,-0.36589226294317323,1.4817400780363117,0.7078422637714546,1.18051964102,-1.477246231368077,1
0,-0.07388784305617499,-0.14356737542060596,0.5801556274167156,1.4799308198211276,-0.5942299633028407,0
0,-1.2303796622139231,0.11203824582037687,-1.2727444417427711,0.3376639936432341,-0.11836997808133315,0
0,-0.08364164972331885,-0.9966241548225727,1.134529631249673,-1.8046506452916087,-1.1303995614182019,0
0,-0.24021262145428374,-0.5117875727952921,-1.0602884937632253,0.6476200021253997,-1.7447243269123542,0
0,-0.5600762148039072,0.2758324212256619,-0.10603409184998419,0.9671713267863056,0.9799585530241646,0
0,-0.4512590113991808,-0.19793864550133156,-0.35132692133545923,-0.6965341718858925,-1.0004175798223753,0
0,-0.24614070092378806,0.3686597763604676,0.3501232926227364,-0.07268294838859898,-1.3093316289517254,0
0,0.5954749656038945,0.2549632114779557,-0.4847152463755395,0.48359945104486557,1.5695247697512553,0
0,0.6552362500680556,-0.7908176615266562,-0.15851061281516343,1.7872604528244793,0.848772990459016,0
0,-0.5568750969346864,0.6091837695748905,1.6188680383093703,-0.2558496872058859,1.0254856701562447,0
0,-0.3108464239460361,-0.74561096605344,-1.2952533731838674,0.8912558924449844,0.5052006724464336,0
0,-0.29555397437314684,-0.4589531434844562,-0.0024664317014791597,0.3162976237247731,1.3113734512171313,0
0,0.48572730933007463,0.13769094932052778,-1.1141271642675874,0.19942753035386462,0.8834032290013224,0
1,1.6873039315789702,2.3402138048039474,0.6743496395665937,1.3304694776464394,-0.34444024511895044,1
1,1.6556739175846251,0.7976741887235058,-0.7267288124769339,-0.831422286969875,-1.0650482865077593,1
0,0.32175756805271377,0.0886106720517313,0.03853644025176734,0.23040640029562715,-1.2831457729944393,0
0,-0.3578480450465589,0.09361228129820454,-1.3246649339361583,0.02718527830870339,-0.13969765083975635,0
0,0.8183319446124344,0.3944159866634629,1.2915398311948387,-1.5069199576042707,-1.0999936133922683,0
1,1.5989532055478792,2.110418329807453,0.07278991692233024,1.232583335459925,-0.7976824557673364,1
0,-0.5135474677151479,-0.24244515840116396,0.13776551439784068,0.8290171765016697,-0.1522930279438267,0
0,-0.13778414627870397,0.6071095447577698,0.8290616210133757,0.0338794045681714,1.3978802787868179,0
0,0.7391569945247232,0.7981930312958276,-1.2514085262635708,-0.26137899435549206,-1.5105775444861214,1
0,-0.25508528159026334,1.070375507322944,-0.6150223087465371,0.0002219095423826803,0.029725442778269787,0
0,0.5697346794268989,0.30115397983297226,0.1700541615798145,0.7073715755009473,-1.2514331062923163,0
1,1.2247925243370872,1.4944621462115801,-1.761988343208218,0.05289513086779794,-0.5563431820560117,1
1,1.1406017819336163,1.1152493158310783,-1.65462668519261,-0.6675003431336348,0.929851543699871,1
0,0.39575844635657514,-0.8753920392897645,-0.8212623254558374,-0.5170795735981162,-0.8483346931168532,0
0,-0.5243835363874445,-0.16677211959509877,-1.1409976430152842,-0.012124372256320298,-0.26337054247040886,0
0,0.4935241500970173,0.06740264173590492,-0.34386334692050263,-0.9325931528828654,0.14102218041149614,0
0,0.21097559941400965,-0.06569538145974409,0.5224321416055442,0.333323732102234,0.7011778979844726,0
0,-0.5241563606805552,0.35863079568889683,0.7498803270862308,-0.7930162656870993,-0.5478924477647706,0
0,-0.042865646396600426,-0.872503964643916,1.8094106484353307,-0.9543380894621898,1.2607800057452014,0
1,1.2707354256642778,1.2908154378261167,-0.022624443956381943,3.1931320378016963,-0.4451316457066319,1
1,1.8093859340014358,2.5968617054781857,0.1543587983684132,1.9398514095724797,0.4843531302506465,1
1,2.7326789469732518,1.997359255701334,-0.024880562135931938,0.1439450410199166,-0.18991455339806115,1
1,1.3775772382675466,1.7697140775276325,0.32026826467315983,0.8510162673097027,0.7409054536231927,1
0,0.3202657643151042,0.23440942501349404,0.39836740832480727,1.0209480375208757,2.0275075834719543,0
0,0.014664385000509572,-0.21925911443919996,0.9221177594810547,-0.07544381118681319,-0.27759987372705824,0
0,0.014434621837908137,-1.0524421510540278,0.9182082516043633,0.2827557530232623,-0.016015539412068857,0
0,-0.09912307243891429,0.2742771542471994,0.519363272845947,-0.2621704370825809,-0.43202751975694875,0
0,-0.5144504678109324,-1.469056989773801,1.5101728216538113,1.2556704097349487,-0.5859475131295573,0
1,1.8010839695694731,1.204666482432334,0.026757059638855735,1.269433027079119,-0.6992968065202926,1
0,-0.17324504995163312,-0.0021955137013986315,-0.6115676992975794,1.561918878692175,-0.018646833044840626,0
0,-0.5428800502432356,-0.2683142612442083,-0.44804505208782563,0.2659985697587513,-0.7769783340232094,0
0,0.6085039573489791,1.3028298360811383,-0.1058348469422402,2.1678049680878106,-0.7466344240718452,1
1,1.6594057736214058,2.494605671060037,-1.083635081032912,-0.0763511097576736,-3.1655011241290953,1
0,-0.13685937440594356,0.6196870402060584,-0.6133675611531239,2.046930483094217,1.384951237305076,0
0,0.8040339688477788,-0.5551960596434263,-1.139837628401826,-0.46329971269721026,1.6438022213324772,0
0,-1.1016489213197986,1.1528491961792726,0.3439602616349679,-1.2974403105691439,0.6487578235105764,0
1,2.363692482237453,1.7713814832942205,0.3538210991281481,2.0278080270210506,-0.8738820419469028,1
1,1.0718872305182696,0.8348122041481932,-1.7689150267923641,0.6603771224893696,-1.2634875122344718,1
0,0.12691952364931186,0.01963014677774539,-0.6540821432422896,0.5191225035881584,-1.564502108011372,1
1,1.2471617475275734,1.9751449121228795,1.825188845920261,-0.36048459594113313,0.6391596875240458,0
0,-0.5538006242714543,-0.35932730438538507,0.6297800078095046,-0.8451490874996497,1.2652975197891354,0
0,0.7883319155810607,0.08431953280367498,0.4543365030451948,-0.750251674611615,0.1660871269704157,0
0,1.1137299404371708,0.18988582630809547,-0.6642532572330104,0.1385472842460188,0.857827898479031,0
0,-0.13273539039064713,-0.6605125209239996,0.2872825540392328,-0.1502006644493977,0.4448467655319443,0
1,1.801284821316577,1.237944291345259,-0.014509918388057284,-1.9405799778619113,-0.7708814294253392,1
0,0.034194750997499995,-0.6152775450259133,-0.7967463579644916,1.6937592132657262,1.0094673584351268,0
0,1.038304102411713,0.5212008094240314,-0.49378948507339293,-0.4197114697563236,0.9455710840914576,0
1,0.33210973152787937,0.8551667446536709,-0.47125341873854854,1.2384094868990556,-0.9904838749284082,1
1,1.826274064762132,1.575082222478834,-1.4886732610060593,-0.7056480655056492,0.8071056449040965,1
0,-0.43627578848636006,-0.8340934910361587,-1.3235672657968491,0.15484251022920514,-0.14760614583195714,0
0,-1.4135784128827071,-0.680062129884786,-0.19946878307365554,0.9723113095655427,-0.2608890623322934,0
1,1.3836819415424555,0.690871274497591,-0.8479980913830839,0.8343459227134823,0.3906084427719339,1
0,1.108829274546332,-0.1737450923280482,-0.30091813646272475,-0.2679606557685939,0.3597129956405105,0
1,1.20637048575976,1.5082289719822766,-1.6056528416231894,0.5092939120448577,0.8886855476847241,1
0,0.4744593039387665,0.21885317711497862,0.8013260070775649,0.6759466689945814,-0.8493039146909165,0
1,2.31920331823802,0.33665892097382333,2.0804794415203647,-0.14792954257265056,0.5655990720744482,0
0,-0.0076180815717134765,-0.10118363041780018,1.0273955995010517,-1.1137182923384024,-1.1599715195217306,0
0,0.07227337104677511,-0.4503432658260612,1.1305346951603303,-0.6245669594479263,-0.17875375918513567,0
0,-1.029778743924667,0.3205070956621548,0.626122498000675,-0.37922892403964115,-0.11207791055785787,0
0,-0.4296983179035879,-0.16058179864755714,0.26558584114610917,0.026058779255487816,0.9700462513723244,0
1,2.144204574597998,1.351501396628908,0.08652290066030453,1.5923804481079151,0.009263171663872458,1
1,1.6364074582222408,0.953030636898164,-0.9145266129488729,0.9074824349232624,-0.26184065961873837,1
0,0.22040486486620928,1.0347886257542998,0.6900557610275667,-0.8160637573026742,1.4259293541885307,0
0,0.07989454780983056,-0.7701476539399211,0.6307084491469476,1.8365222950801159,-0.42899662922987974,0
0,1.3152023665778587,-0.23984039423333725,-0.4630095862817586,-0.07882967515242752,-0.4711523214217301,0
0,-0.2583118987131606,0.06455907196378101,0.5260040829109638,0.6722856626668532,-1.876495431481445,0
0,0.9632460257917859,-0.1508162773291382,-0.6939453002836168,-0.9389868447082806,-0.21686595370200168,0
1,1.6801019333240395,0.9416384103758766,-0.6302553686284555,-0.45223666929114203,-0.9396836147826981,1
1,2.6165193847484787,0.3129898781531557,0.7751053490849977,1.0379384506813507,-0.2507293368256809,1
0,-0.7349868535548901,-0.4149053705350549,0.43052743355188544,-0.8788723959196283,0.23995827320090626,0
0,0.11079132457851644,-0.5756309049007183,-0.23194433673663892,0.055171288978492675,-1.0851029410396134,0
0,-0.23621207035408193,1.0075347556278211,-0.3476661547958962,0.4709107479718175,-0.8229801105303226,0
0,0.08368340151002358,1.3588175571588317,0.17477274930612724,-1.022936800336293,-1.5994590260327033,0
0,0.7334257575996769,-0.030475006797361776,-1.835400548731546,-1.7775315230298434,-0.5098128267242056,0
0,0.22728576321476726,-0.8428539241794737,-0.7577694178475648,0.9073844497801132,-0.9444840807320685,0
0,0.7322296140161627,0.4428264634274234,-1.2651091130158285,2.863382576322228,2.1441917244614097,1
0,-0.40213265596436715,-0.5886458947907389,0.011853067660183687,0.4588661790404207,1.5040384468159567,0
1,1.1062993254857705,1.0704973678432002,1.088618460662226,0.650747038277568,1.341841308039084,0
0,0.009663043882359708,-0.37730973670997364,0.4771587194779645,-0.8840722072800374,-1.2947850544466946,0
0,-0.02319130703465118,-0.30030339612237533,-0.5114979681066519,1.4696747224948015,-0.1773652657925801,1
0,-0.11151562129451563,-0.21283215089445037,-0.7065968437816478,-0.3767660854872189,-1.2031901674644352,0
1,1.024820964597589,0.611898830402441,-0.7538663981784076,1.1637173215203156,1.8428221724785878,0
0,0.719190953911133,-0.4212081969958561,1.9996171235548674,0.6072976612097366,0.8310830561194733,0
0,-0.2177023203800926,0.611966548718061,0.06806229650933039,0.6316969289806574,-1.0525857880338352,0
0,0.8556468733276091,-0.020134164224493135,0.19975094028884885,0.5933061756032936,0.36947368940079106,0
0,0.007646019122434913,0.0751883048932624,-2.11112962590805,0.5614351287916532,-1.482562376736322,1
0,0.38905735848842676,-1.3393488782107779,-1.1809385843936873,0.28339022800644065,-0.13648334875726692,0
1,1.9346257857782097,1.9686701951143055,-0.04417688187012046,0.9692630623722158,-0.17556291996167142,1
0,-0.4945648442105114,-0.4113119340978711,-0.49816206956786846,-0.7260487634329718,0.7396475200458082,0
0,0.22032175293149334,0.6743811326206168,0.13305808021966187,-0.23882037049138166,0.9878397100670036,0
0,1.1569997666802636,0.09256488251861797,0.11987887101521665,1.4680883968622018,0.020323977252007353,1
1,1.750967351860214,1.0627679425728047,0.6004522470203683,0.17290635338975055,-0.22400063447842206,1
1,2.140766043735805,0.39332624266929184,-1.8691616414728263,-0.3259398223755232,-3.235261451511516,1
1,2.015963106755311,2.704907574456845,-1.105228583235357,1.0348693780033964,1.562123879234761,1
0,0.18422979501899223,0.48194836382843037,-0.09961232794462768,0.8374312855356256,-0.6575909852468277,0
1,1.711887230634848,1.9178446398134024,-0.647403208316686,-1.299819371680694,0.1021467065991498,1
1,1.9283893354727804,2.491296623271575,-0.3102775858105869,0.7299315307952567,2.2590923898328836,1
0,0.4579695278853677,0.13445220733731672,0.10902742134336145,0.13733768301037183,-1.1940551926571663,0
0,-0.8112984342306437,0.8114400308290517,-0.7449330371514816,0.711901547932619,0.02127139798331545,0
1,1.748381733457873,1.1128548453519027,0.19227012259332638,0.010704826194995028,0.49685844822225234,1
0,-0.11044672844839029,0.4425471196999242,0.5439845313447714,0.46430089705121336,1.0924616043686621,0
1,1.365083893808975,1.0219419755451762,0.06507906809798011,-1.8309991921565574,0.0012200239343002877,0
0,0.777578627417144,-0.302315277290588,0.720727779316181,-0.8949351599129518,1.1755823380845147,0
0,-0.43988774883831205,0.058200345272565665,-2.172941383679116,0.7401011656508809,-0.4156408270839836,0
0,-0.8368614361860011,-0.7604393459758342,-0.5860349527101134,2.6214363477134826,0.5435175087950274,0
1,2.0774297352315125,1.5976545334248082,0.8923309089036059,0.3672752994984995,0.41395670344775476,1
1,0.7477636860676666,1.2128250740754385,-0.8643530729705211,-0.6928046976549085,-0.09110887193133779,1
0,-1.156765846775138,-1.1925363796726083,-1.0000590596448673,0.13541022475122927,0.3235001160021541,0
0,0.5449606139939792,-0.2745971314553539,-0.12626818990532832,-0.893424285860777,-0.8745653935760398,0
0,0.09523335033749292,-0.20703282189203562,-0.017319030776585302,1.2498233976328597,-0.29864970533660584,0
0,0.2836317764212655,0.5117018789029454,-0.5346969295724221,0.048079804822832486,-1.2868804214429002,1
1,1.3345434551322268,1.5711187714962662,1.8435738344886565,1.05320803426037,-0.44155993934299936,1
0,-0.8306436789654116,0.8684834202138884,0.28649075380289185,-0.15345497244086595,1.138182095830896,0
0,-0.7114723281706005,0.31206575737489595,-0.902882881115051,1.1419605432591813,0.42041418383242096,0
0,-0.16331333965877026,-0.33237664214057167,-1.4395074379327757,-1.623595401441984,0.30793076416892945,0
1,0.8365582852491751,1.364984383714082,0.40557654200246823,0.024477968595076054,-1.5988801152111627,1
0,0.18423174422739194,-0.2088288221469254,-0.9265787424755649,0.5395886263906956,0.3200515883094365,0
1,1.3225252371793488,1.6927837136679014,2.152619302412611,-0.26835087597899937,-0.0627754097210402,0
0,0.1110216284191833,0.03589328847793646,0.4279428042383947,0.3595100452258407,0.5374157520147107,0
0,0.09308887693585849,-0.37713578037535317,0.5599719713724903,0.3425440231720274,1.3832165815059625,0
1,1.8320797326547162,1.4051602826375087,0.24868716853881256,1.0488333600689879,-0.40892013182717996,1
0,0.2996895163733992,0.27670839933285507,1.1215694359067985,0.6215263867946322,-0.3156058190503992,0
1,1.393659645532453,0.7961470770189326,-2.395348694439995,0.392928122284092,0.9181313325933613,1
0,0.11038155998029824,0.19020525698682278,-1.2032700339818299,0.8794636484206944,-0.6034195874288579,0
1,1.7416048770521049,0.45279014230890513,1.0341380070154667,-1.3530517757399212,0.08739208083818005,0
1,0.14266581454398097,2.0633428058849645,1.5005799118379979,-0.7524099181998664,-1.996588488380708,0
1,1.9879154475156942,1.7163084864631841,-1.2352820261781197,-1.3852590632590096,-0.3080555928321137,1
0,0.08996531773215073,0.9775698213730791,-1.818631166042216,0.548601883351622,1.305021113662758,0
1,1.9384293191461426,0.7300421361347444,0.16752178701697598,0.413813917496319,0.33543653942631846,1
1,0.8278938427316426,2.0800710372898754,0.48541241875264324,1.3852950703630618,0.8994174358743605,1
0,-0.189463905097436,0.5614680381408781,0.1473823771780872,0.35166598561047696,0.9563148683183703,0
0,-0.6549176739393482,-0.10933922832473388,-0.05962907594450082,-0.6317014554827616,1.3492585393214627,0
1,2.046760825727725,1.174013988167056,-1.8518550486073069,0.13400081178914525,-0.3471676910997111,1
0,-0.8430699252410965,-0.6510876338940218,-0.3750101390841253,-1.8754213984352608,0.9422807185820499,0
1,1.0428071308466076,0.5925141813665041,-0.22590103098916242,-0.4082262755587498,2.247618787532236,0
1,1.9205884769631887,0.9492594083161823,-0.5482402015131969,-2.3471027650545535,-0.02631254047921138,0
0,-0.37762471936634867,-0.7534653854417738,-1.9187384268936865,0.3285206391397007,-1.3196631486312185,0
0,-0.5570343940734351,0.9574334901543708,0.5847365333247866,-0.2792984429318849,-0.5949545143434671,0
0,0.5440316577241097,-0.9012311539613649,0.8657624815880115,-0.13227567242221916,0.4683367726260925,0
0,0.5686270539551208,0.08933728686365673,-0.7946445606944802,-0.9315841956019763,-1.6617086674688986,0
1,2.033242715524599,1.661423076131063,-0.18597160813029445,-0.66885653941027,-0.762084643040196,1
0,0.509225804364176,0.21449953916877132,-0.4969115415060088,0.6926163908889328,-0.3297828482290589,0
0,-0.13894756736283384,0.2671731662393878,-0.48719226644026625,-1.43606992285352,0.1098580416089374,0
1,1.477244215218031,1.967840190469805,0.49316588560677127,0.5056876897599631,1.7965100148361144,1
0,-0.3888487671201616,-0.26755329746200224,0.5173189519571325,-0.8112220269536266,0.6878138083631787,0
1,1.7006375006295864,1.452530387414127,1.074771237937543,-1.6810025786683576,-1.1138628608603487,1
0,-0.31673899639550884,-0.17613690777943813,1.0539290200227642,1.226343884115748,3.8676072956687935,0
0,-0.25983972355618623,0.7815153547501088,-0.17180609322150653,1.3291807563447846,-0.016520293206193956,0
0,0.35994026038974,1.2599195540849253,2.842104436112793,-0.5394679015988211,-1.6804221950774916,0
1,2.310723547308628,0.6836397439031747,1.5499519578287684,-0.5492748955343216,-1.038381099684388,0
1,1.838956152562057,0.18133949443740538,-0.658139936508738,-0.2508746320255665,-1.0324614125991085,1
1,2.6765895191455407,1.7414789414114127,0.1265987865922102,-0.8100653015267859,-1.3479812077180584,1
1,1.1766906567803512,2.042223730541425,-1.985813329247044,-0.6338473531372394,0.5129626909759913,1
1,0.497215216474445,2.574186387949073,0.027257632826938362,0.4500609550258328,-2.6669182700785528,1
1,2.0287767337537326,1.8427342107299933,1.6736947625658618,2.0738937864068006,0.9822509472936023,1
0,-0.4631001315880388,0.837468575212324,2.781304470368258,-0.35470979854213036,0.8144082331948462,0
1,1.435784654934782,2.396036439725786,-0.12127853236459919,1.023104191827511,-0.45647917159943285,1
0,-1.0618779060726742,0.8788666629785201,0.334882385033006,0.35289190016815775,0.9157127942582857,0
1,1.0604738515925043,1.9286963060978892,0.6053120288993791,-1.6722352416148993,-1.0927426307735986,0
0,-0.9013364499475417,-0.7693257377661132,1.9797035715234061,-0.0244360796822767,-0.842323115200418,0
0,-0.26058195805218215,-0.005017113503014069,-0.9829743379975451,-0.15005212306100058,0.5495495642105976,0
1,1.36326910367023,1.5800231714355006,2.6555130487193583,1.4645379897484432,-0.2095412424948533,0
0,0.053976246928925366,-0.059885779916172326,-0.31707188676775244,1.5051533841796465,-0.6251067526678348,1
0,0.7438337786131052,-0.02286357470928693,-1.1701539389205355,0.3767996927467253,-0.1135343485463044,0
1,2.0061437589386912,2.3403368382127425,-0.3152612039224809,1.214259187442175,1.3187644262685925,1
0,-0.9733017817262886,-0.45409901021301813,-0.8096050056963733,-0.14636006668241858,1.2799953238790494,0
0,0.3648092613677139,0.47943141771999165,0.4192556916251278,1.1193560419486799,0.42612635563690004,0
0,0.06705281846487583,0.18986497492753854,-1.65239413763393,0.10033746576937062,-0.35543129527149175,0
0,-0.05869585922165883,-0.5145194335429975,0.14164003806090744,1.097674626123744,0.5214128249721252,0
0,-0.013619717962335461,-0.6459608989521473,0.6639689393531096,1.1994103543953505,-0.862447351226117,0
1,1.722731456851753,0.37921095591190124,1.4828339925095613,0.7164507808288902,1.1689482943459881,0
1,1.184867925391861,1.6913462179692635,0.6806060876196242,-0.7415878656132543,0.9504248775596544,0
1,1.4905894854852155,1.3620531119593766,1.4212744789983416,-0.420543922502407,1.9315899052976466,0
1,2.3103634743351007,0.9045335420139351,-0.6056676727082282,0.7522553123968237,-0.8021768383278799,1
0,-0.42234347065532013,-1.1256630746616334,0.3941902562441439,0.8934604037246472,-0.9262975512196983,0
1,0.9820672142949428,1.6596265411093345,-2.2292269944610985,0.15839014047222033,0.5513241724143861,1
0,-0.03702440872431052,-0.10423637616018966,-0.11398795885256933,-0.3122911290400434,-0.2737623041496001,0
0,-0.6783398740538086,-0.42821608311040793,0.3867512824095934,0.19138878012921687,0.9993191625619224,0
1,0.566330127127397,0.8215760452095031,0.4772325426010965,-0.27847566987518413,1.3177100354341316,0
1,1.3933196937551102,1.2568549019460404,-1.5740771714323234,-0.2729114773333333,1.7028047064176226,1
0,0.8691731307383541,0.28199789144355547,-0.39016591090067043,1.960033466275064,0.05839829768979338,1
1,1.5768375424738643,1.2020102093471903,-0.2507605008574842,-0.47548701263058757,0.8803846179107356,0
0,0.10714625666892806,-0.7131157963778854,-0.42907509632434643,0.5077884732255902,-0.5169595010609581,0
0,-1.2780890148906752,-0.03487497302129276,0.7250058466395507,0.15292426776732435,0.21721500112720143,0
0,0.2628752954645682,0.6273284803515702,-0.21682743459836076,-1.2265471585873207,-0.05343699759306369,0
0,0.056019516785875155,0.024160554746526532,0.09932696059857436,-1.2610182483132544,-0.10677346056005173,0
0,-0.3989488968236126,0.041054125376573006,-0.489619599268823,-0.08111742599045293,1.8239167001842576,0
0,0.10803028284142437,-0.19540137406690464,1.0648244418400847,-1.9526947715240315,-1.3420799205997331,0
0,0.10207297029477602,-0.5337982863387626,1.1392341863148012,1.8304057767536248,-0.004978229461497356,0
0,-0.6356927570147612,-0.5537384498122294,-0.30834174443895124,-0.3616147103562734,0.05377051810676373,0
1,1.799112236067946,0.40288755994885084,2.850589233202246,-0.4431915709531915,0.6433007928308939,0
0,0.7182812535162928,0.7087355018322908,-0.7664777977330396,1.2230637226477963,-1.09717231343076,1
1,1.4632351147158902,1.6774725056287094,1.007196913880258,-0.14071943786560923,-0.2989851423729172,1
0,-0.5205565214622647,0.04949210355173812,-0.9510006745873693,0.6510431736390553,-0.5957667308481909,0
0,-0.10654804188103702,0.17734966006643363,0.7730242482628913,-0.5725846135568161,-2.2519117869763456,0
1,2.1127679170386573,1.6037176377349345,0.6950039934664294,0.04543343723071521,1.162478041161096,1
0,-0.7357913035783633,-0.4407277741529534,-1.0117381173518114,0.9684781571298529,-1.46993232918996,0
0,0.3471349552705086,-0.19515739757598183,-0.13060296450556305,-0.8618132713014662,-1.6032188045380968,0
0,-0.40680867511228846,-0.28452520642956974,1.8677394463645325,0.5277350996377672,0.9476280230417515,0
0,0.14523784882784244,1.5068544101250025,-0.8143015702481182,-2.416511538746703,-0.3348550898150629,0
0,-0.33859876502733804,0.6121212248736511,0.4018659871179711,1.2655047723801816,-0.30028406185203177,0
0,-0.3402101730489365,0.10072937089523525,0.3354838862849767,-0.5564164004642931,-0.28121990099717387,0
0,0.9138569497410285,0.8195905650778108,-0.04228295456847738,-0.08565748195305366,1.0743706822549033,0
0,-0.845451954320095,0.7438129467050499,-1.731130387540856,-0.0979536094752339,-0.5518210777199489,0
0,0.29121970652732654,-0.8283145845390021,0.8286250343133083,-0.9748568025394921,0.5950656842569177,0
0,1.038794646552772,-0.13371196864497475,0.011616281868419641,-1.0516303357620664,-1.1411760869936285,0
1,2.011313155883694,1.3902053619148484,1.1038456727027126,0.5213445129702937,0.3300451117682029,1
0,-0.7986582114235091,0.3669167693892399,0.23175810520281678,0.5683354833506628,0.9026916535492175,0
0,-0.7689483053492433,-0.1343956471754599,0.06446923159692655,-0.8852734745864504,1.405096393532557,0
0,-0.4509752259878408,-0.05911866905272557,0.37254103263737026,0.5410637307255133,-1.549129436879659,0
0,0.09474474691192482,-0.27680929637480384,-0.9875308144435018,0.5578941750728678,-0.2966968784198514,0
0,0.1355656164534313,0.629361097551065,1.5581062272686785,-0.3782190971564044,1.598363454882741,0
0,-0.7630179325798156,-0.8660042656368331,-0.37541434278450503,-1.2934954358513528,0.9218689086158512,0
0,-0.52365447506818,-0.2564128629404031,-0.3625615342725832,-0.0375433134677038,-0.19901197938007845,0
1,1.1131105078119878,0.29379440336233853,1.2922963172519384,0.3650818881566264,0.003809076469200718,0
1,1.4915519151310643,0.782216334111047,0.24734219550672992,-0.0588650409816173,0.2970187217732157,1
0,1.1908172743746448,0.1903064798231416,-0.23645003179603927,-0.5924940637370354,-0.3729816787801572,0
0,-0.5599122393740685,0.20169257397638826,0.4138200935533031,0.4669693987202058,0.547150312247813,0
0,-0.5861746998814729,-0.18791501522439322,0.6259840786266159,1.265324501481836,0.490508831530273,0
1,0.9201158229136935,2.0743910876826663,-0.11833962674372245,-0.7702968644036874,-1.1147808289105983,1
1,1.9813267427453392,2.2124257323795735,0.9223300850147598,-0.2980075276990606,-0.4897720050034769,1
0,-0.024804957813061197,-0.04153640116798391,-1.2705543696607806,2.743142601279412,-0.4540869840431356,1
0,-0.5377359289019751,0.15025971383652628,0.2618097890549199,0.2908676630835595,-0.2555226310193627,0
0,-0.21767735026699925,-0.2715266653340397,0.800269684156359,-1.2668069170871836,0.26987637007340726,0
1,1.1250938194253792,1.7761326328709155,0.621795104950817,-0.4775825775205952,0.18047409332261682,1
1,1.7775347687135472,0.6835637119852117,-2.2410494576741877,-0.7569207908605199,-0.7197557913994853,1
0,1.6106259640778013,1.0775008856275645,-0.12659255553717957,0.3803932187949782,1.3402747251391214,0
0,0.33051864341534193,0.6839911576369352,-1.2140369125253818,0.30772717438234215,0.005056167822381164,0
0,-0.055793109064418214,-0.7193558123646618,1.285771704336988,-0.6364871852010423,1.4636190632790531,0
1,1.2010147075072286,0.9265889146995906,-0.390673901996621,1.8563109904124113,1.4401866904152671,1
1,0.7939599508690903,1.6527492584268957,1.1747038525397995,0.08513332568255527,-1.0592031654319987,1
0,0.4402138388418213,-0.20295066221017266,-1.2170438417526102,-0.4557300361667431,-0.4903386588841139,0
0,0.407612507019792,0.3267597292329895,0.39064278406520636,-1.221121778169956,-0.4172653448675715,0
0,-0.2796605980144837,-0.2156378082096638,0.00794060205469651,-0.8947654196178271,0.31331054000196074,0
0,0.728000389765571,0.9148870548720349,2.764069260055646,-1.2460238198773965,0.726409002036936,0
1,1.612664163331051,1.404984195620782,1.1779276876281528,-0.19056805512156186,0.14692634338930005,0
0,0.46485644123708114,1.4523330786052477,1.1138842699707976,-0.8849636760680823,-0.5509048691074369,0
1,1.777718201219807,1.7616051782676978,2.0278077419724765,0.7839839966457599,1.6516036847883133,0
0,-0.10628152792658298,-0.8096426029488801,0.2837675912658137,-0.5844321380740177,-0.43842656455205775,0
0,-0.5729307667844922,1.2518979500839484,-0.09950626104837888,0.840200991637328,0.7418285366552634,0
0,-0.08732195541760278,0.6592073729223096,-0.21352387973576128,0.49146732774963325,-0.037162603164359265,0
0,0.5052304013369082,0.22808857504858787,0.32781665767115503,0.645507549344076,-0.06516687975365287,0
0,-0.3048810671396562,0.3879800737190567,-2.770122618190775,0.8967490550762951,0.6737523345703188,1
1,1.8638448373619072,0.6865719412296872,0.0023262077083820213,1.993323445564248,1.5430026439718199,1
0,-0.649641529214402,-1.0826256662017584,0.22679153713494227,-0.8489973868375891,0.30499150102821604,0
0,0.4680350016782149,-0.025049824500813663,-0.15585047738786076,0.8459992767356775,-0.48883369433113694,0
0,0.187764801893977,0.8272622034895009,-1.5309075246194201,0.3981189930887543,1.4800725194769957,0
0,-0.7212664553019006,0.23742530596116362,-0.14983658594678062,1.0632804671809162,0.49384453180932336,0
1,1.4655912858870328,2.4255028984454867,-1.5336992092614223,0.11079752604802592,0.170362731927323,1
1,2.1588645455910216,2.1927324699153137,1.7737577394967203,1.1760113035358766,1.0276746228515479,1
0,-0.7554195243919345,0.012365224071271707,-0.2573501994680813,-1.291603133880825,0.3222187463548631,0
1,0.9574298568250396,2.110254152796335,-2.062704053186245,-1.0043085707552755,2.4569525209116976,1
1,1.5583018271281042,2.3135572315128377,-0.20651095157000204,-0.5692102412204537,0.0018571723702865452,1
1,2.8799984382593165,1.3518908173502737,0.8953983864872654,-0.07474971166100915,1.1496531249973858,1
0,-0.4035468504236988,-0.12826533632689327,0.17607807401479325,0.04635596695330499,0.4419881847431335,0
0,0.2971643997512973,0.08427029239994521,-0.9138560748347798,-0.7400272658414223,0.4386846548098586,0
0,0.15608124456081066,-1.4471446966351893,-0.6782481848419268,-0.9908724872828961,-0.36207691288457866,0
1,1.2462880598406738,1.5682591409455058,-0.28684724474036566,-0.6552901381615949,-0.35711434202027803,1
1,1.696680011070925,1.832262789850888,-0.43966342800249425,-1.7093067251324054,0.49663171239877835,1
0,-0.2687007972569731,0.08670665484930085,-1.2595661414528563,-0.2881349319462584,-0.8682613071196349,0
0,-0.214682874069907,0.2068046522168243,-0.06759774765030195,-0.058406392761551684,-0.5755487931375887,0
1,0.6032368583361202,1.3739141746402979,-1.333734234532631,0.44103644969915334,0.015298305406713413,1
1,1.585338259080207,0.20178686602741602,0.9490448458823602,0.16687171841462367,1.240372766036578,0
0,0.5394561039735304,0.9975568565420188,1.0711058488996108,1.7933981510781472,0.0805321217177188,0
1,1.6344554648678113,1.1793026915589688,-1.00318743673336,0.8123733436012434,0.0646913210609794,1
0,0.6543046564934579,-0.37066207651810384,-0.7166439130884359,0.7373133529430761,-1.0586153318767775,0
0,0.3481964675670103,0.8147896670710966,-0.4230001351337505,0.3647018004904597,1.6956873437527622,0
0,-0.03572478379813197,0.5872202810767286,-0.03151779431405949,0.5357251745204445,1.107115972110021,0
1,1.223244668195909,1.5638395135854664,0.25684774343211086,-0.2207396997130866,1.2197048432845823,1
1,1.3082417707831577,1.8616218338597568,0.46305271584138724,0.09962157868567988,-1.4526539336188191,1
0,-0.8823062843622728,-0.6929930014142894,0.4397218614675479,1.9215570746170842,0.3515529194539847,0
0,-0.16024733405899563,-0.048536624411728894,1.5538655528373382,-0.07005456946833895,-0.9382546479402882,0
0,0.08759925513849215,0.7768704656743496,0.06036406565152272,-1.3318650576054856,0.771629420451259,0
0,1.0292526586795399,-0.4062850914781017,-1.302481514404029,0.6968079580579023,0.32169218397500715,0
0,0.316992193967326,-0.5989999829962508,-1.6091814348397324,0.8752086578241063,0.5188303248051931,0
0,-0.5189123880827862,0.047162371702014046,1.6357868749820632,0.1545234308673437,-0.7166106703647126,0
0,-0.8636209653112835,0.0612342066586765,0.5096558684500159,-1.8783454512050353,-1.03984445652777,0
0,-0.12393125232274355,0.38854325990401095,0.20645233146429737,1.2866063929077398,-0.6407279644993117,0
0,0.4870586680966495,-0.8268914623437865,0.4490114461762098,0.22990672636600173,0.30780042334221036,0
1,1.4676301979833672,-0.12962606224037843,0.16026892488205022,-0.310258460637008,-0.24222931189363453,0
0,0.3251905050033573,0.5527391564633217,0.43318890311761304,1.1880591356033177,0.25316002850992125,0
0,-0.10867526955131303,-0.6497891839228495,-0.37258841855712194,-2.0246384584135004,-1.0239712946644883,0
1,2.0302002608293597,1.0340057832912868,1.0551965896374536,0.1118612278830547,-0.006536028011698127,1
0,-0.9583548136233967,-1.3099412891723736,-0.5248652445893731,-0.5407933236109528,1.3951030728856466,0
0,0.9625092720876602,0.6137476092153346,-0.903287118324418,1.4921462334364501,0.33233593524958854,1
0,-0.6674900689342264,0.21020293444351865,-1.6908446398733965,0.24288289959455395,0.3949075302657225,0
0,0.47623939783786634,0.18611672643056895,-0.23772470898608855,-0.8646547115272375,0.4029101741081661,0
0,-0.16331039680137305,0.18207305051372177,1.2675025614026643,1.138234719102886,-0.511929694323445,0
0,-0.06949674022014038,-1.236097292418891,-0.45735014248844685,-2.4590321135731767,1.6317400339761639,0
0,-0.14466114358208895,-0.5910995930447432,-1.3785478749837818,0.5079017093737574,0.35702402846438597,0
0,0.15336275103089592,-0.2710362662677173,0.2848280889699085,-1.2632915819417612,0.1772009262958689,0
0,0.274514725968537,-0.4492456626818007,-0.6510677962739593,-0.4624376426560503,0.6869733823712654,0
0,0.635016907093841,-0.16290692978772311,1.548267096227133,-0.24067732794371172,0.9406938665804834,0
0,0.844769329558427,0.14771982160727704,1.0745977654132517,0.9101123986138872,-1.245604095885049,0
0,0.19909292806602144,0.6038629897531146,-1.2708947948745322,2.203411345394438,0.0563631132696799,1
1,2.6282045435009826,0.5118775837755797,-0.17389473521889334,-1.7795529463962139,2.2351813662950955,0
0,0.055783525693486755,-0.005301232079086259,-0.7552713435668612,0.4463042336647928,1.6553134353593248,0
0,0.6464642173517544,0.42692620735426634,-1.1605045860811183,2.202456126998669,-0.10640248716674786,1
0,0.25723180374368837,-0.5544499019830917,-0.05593449180980837,-0.5729296867092878,0.7279992633311617,0
0,-0.32952277885521947,-0.1156996642607273,0.8182327638123443,-0.6349990317224975,-0.3266085150238686,0
1,1.7087404926279062,1.6799312692924095,-0.08170728783595751,0.23594624544430137,0.35366431782228963,1
0,0.301903126505475,0.006725315687709357,-0.5161512516470967,0.8288350125761271,-0.45831568947401125,0
0,-0.019318878841564375,0.404518656339638,-2.206236516191091,0.65759804058411,-0.47528190053180935,1
1,1.8477139107985339,1.4568188882297577,-0.6658153197258457,-0.35870210099753347,-0.591854610873321,1
1,2.119217775596137,1.212882476201453,0.5518047614474653,-0.802536962838005,1.6823213073153642,0
1,1.5859761148024645,0.6963741470816751,-1.3419409316385686,1.3161299445374746,-0.4804487200808555,1
0,-1.7663326012094887,0.1483011338481981,1.2825621179225057,-0.7745707596394721,1.141770842107961,0
0,1.0069620908960224,0.05998366649542215,-0.583634861846742,-1.916185055728417,-0.4316627532810899,0
0,-0.17855485813219718,-0.5956992166833599,0.19371981997959664,-1.4533955196225623,-0.5461397618766966,0
0,-0.49396813249937865,0.3492334949071582,-0.3991391554780734,-0.5761398246545762,0.3894054196184067,0
0,-0.6744661773916906,0.760754103804012,-1.1763167404216885,1.492505528412098,-1.2987329653685944,1
1,1.3981324585998132,1.0039441592215939,0.4402960547483123,-1.1883620474459569,0.6646664651793641,0
0,-0.3376486987901892,-0.43657928656677536,-0.59801270325181,1.5219181659143337,-0.13612980597177984,0
0,-0.44220567833081464,-0.458489134152791,-0.8330311640382132,1.3068188994639613,-0.5507593970748966,0
0,-0.40927576190674386,-1.0071969313123557,-2.3761492726841023,0.22523115507715424,-0.7654841944195627,0
0,0.3178456944358934,1.2026890121250569,1.3026867733031924,-2.5490942482228025,1.9713361631595312,0
0,1.2182180646018608,-0.2693312283094615,0.006148748308978456,-1.1840593121671354,-0.03431033790596504,0
1,2.092342958808941,0.8849274935514573,1.1065693875550762,-0.6335362533847688,-0.07647843414308403,0
0,0.6735589108527421,-0.6760650281936055,0.6201924069959888,1.7307017424004953,0.8729514883210914,0
0,-0.22644601886804336,-0.23278047983638853,1.1064324181752578,-0.5691678488744291,-0.8416457320428458,0
0,0.06279921933034674,-0.4171256199979899,-0.5641448153028094,-0.7729321700556635,1.1342975908830257,0
0,0.25588944253817214,0.8628439120563324,-1.3724556119010523,0.18830195210001646,-0.03574197529866045,0
0,-0.395734736185662,-0.7492426896382831,0.7626928754138702,-1.4095256597993822,-1.3837698046453137,0
1,1.3445619576705299,0.47687946122699754,0.13019874366571751,-0.0246214955486157,-0.530493421422362,0
0,0.512731174999846,0.331070449372447,-0.46636638292043014,-0.7985573422971792,-1.0951575758557142,0
0,0.6541756530600653,-0.0643238977855852,0.7427134077419892,2.687749780293086,0.08115363863614018,0
1,1.6404461617091548,1.2662330982325305,0.3081305950577901,-0.9176238932997199,-0.7935910926001799,1
0,-0.7170943084672358,0.3357817477826784,0.6389384741346508,1.929934665532375,-0.9037011194235258,0
1,1.4226448100694054,1.4820269823767198,-1.0223944308042814,-1.1401670112686242,0.2922013981678683,1
0,-0.864798680703523,-0.028090552116171303,0.9776164619962204,0.26277541715639147,0.043934094333516444,0
0,0.045121445900836145,-0.8433876611541842,-0.004630675998198973,0.5003139998725182,1.2091568285716734,0
1,1.7532418667628513,0.3991429101969024,1.0848701715208642,0.14176457768971087,1.1648503315200027,0
0,-0.16242625262266586,-0.4202570287743286,0.9682533204657595,0.08040078763871984,0.06136703885504285,0
0,0.14502673342992276,-0.6506189645393579,0.6862979925548902,0.8614565341045335,0.49964823330591634,0
0,0.25014074345030346,0.16152347911391218,-0.11112621114219404,0.4173679507543039,-1.4075277207226142,0
1,1.7541172257442743,0.32077105357414215,0.7095692231213884,-0.17290236586128377,0.6960409444945558,0
0,-0.7209181753781578,-0.2682960557611402,1.1107855536288451,-0.6744332340548242,0.4107015013474049,0
0,-0.15195859530761674,-0.10384491499906551,0.6067328653834715,-0.16574267824610864,0.954079611318294,0
1,1.8459057869597608,1.3762068322810281,0.20259734575706534,-0.17808798918860488,-0.30622705489645563,1
0,0.9472270627835998,0.23937855762572435,0.7118488443128335,-0.19776489396226968,-0.2975140384861895,0
0,-0.16315545014321844,-0.1959241160945746,-0.5257044954204685,0.07619952259538343,-0.2912688384742331,0
0,0.33050412026886583,-0.400495202376263,1.5139895498360523,-1.4093221141759749,1.4345842099163042,0
0,0.5268911471542941,0.7466880902698748,-1.681827384402176,-1.02757871528769,0.28292288816264344,0
0,-0.11797661902353575,-0.1920196131275006,0.034402720811446956,0.8317737632977102,-1.4959605018540094,0
0,0.6890446484924041,0.8514782205325802,-0.4059579185913146,-2.2504178922653395,0.6443813219562056,0
0,0.7213042988585379,-0.1950763496666091,-0.6408916933271862,1.1970320106998384,-0.4632981697241686,1
0,0.8282308404367144,-0.00976179796187851,0.30519600016495774,-0.5589206957395619,1.0845807853849543,0
0,0.2750593013913191,-0.08324840850103694,-1.1254756057844835,1.669471795628966,0.5387509894980554,0
1,3.0160823497945213,1.538731165179395,2.1519321985173097,1.2262155455555348,1.240444249018422,1
0,-0.3691698676586047,-0.25190891693757117,-1.3521054383210958,-0.3273999357041254,1.0388593330121156,0
1,2.874446551707364,1.4576809842474494,-0.9512680232520959,-0.22371639508236107,0.9373669599664841,1
1,2.0609796931950597,2.3184884159573764,-1.0456836376298675,1.5932608457846005,1.134474425243082,1
0,0.804232399816031,0.6293110738347368,0.1984981164263349,1.2732342584339045,0.8150592161787742,0
1,1.4079773472749735,2.03344300617172,1.0145441060648281,0.9727401918429672,-0.6938423460293401,1
1,2.1066848217782574,0.5948416569034999,0.5260069054411805,1.1441912463552542,-1.1435849353672236,1
0,0.8561844981986176,-0.7080719650206676,1.4723442921739869,-1.0875219060502794,-0.8302534336702149,0
1,0.9475848137656767,1.5306505536541937,-0.8272680454252387,0.2052973001820609,0.7306948423228609,1
0,-0.09799576908925156,0.4624427552735615,0.6587214625269537,-0.7703767016350556,-2.223396924050133,0
1,0.31524838706128744,1.0885186685351296,-0.30353663580881896,-1.1132295333063609,-0.015399373275116078,0
0,-0.106999786109494,-0.41855091825372204,0.2280741210065723,0.16388774868496186,-0.2658639286977009,0
0,-0.4896049160760517,0.8363058016037785,1.108681092912723,-0.4138425845838699,1.2238445165895462,0
0,-0.130660612780041,0.41152600005218415,-1.6922703182653593,-0.16624963520631128,-0.11721231537416661,0
1,3.3541860145627957,2.034792008437704,1.9910085635023296,-0.5000350781343038,-0.3685174261955096,1
0,1.0306821040783192,-0.264870035059935,-0.14524399811826655,-1.2544771139834048,1.3160151007927565,0
0,-0.8636685220203792,-0.31201235238950636,-1.6066275072025784,1.6967930932968103,-0.09190795058388009,0
0,0.333442980959643,0.5693343627978947,-0.6928475149144372,0.155826527421216,-0.25343329830485406,1
0,0.47935865223554297,-0.15763551615353918,0.10230523206605811,-1.442193576035006,-0.4892260028803849,0
1,1.3972617479772462,1.0334857823647774,-0.6930760474476451,0.18197091342833357,0.2856406749261784,1
1,1.7069845618951298,0.8520821381688709,-2.0478929505075207,1.5213897973307664,-0.33148243568842606,1
0,0.1655893244489989,-0.30677708378374896,0.09679906180272144,0.9587274813350937,-0.3278695434169926,0
0,-0.8079668237171161,0.5250501308752058,-0.7217495635314832,-0.5187224261064428,1.4502326526756446,0
0,-0.6187976124516888,-0.9057989140367716,0.6511399521851853,-0.4947074911803534,0.04889234419155908,0
0,0.1033780310645942,0.37743148100635576,-1.068387360533352,-0.9570755631547909,-0.44821695512545773,0
1,1.6596415167890604,0.9750687447523108,2.261529551521538,-0.7422538374638797,-0.9951048898889594,0
1,1.1748623707496386,1.2738197631278336,0.5136290787323333,-0.6608861109317863,0.19851321316546816,0
0,-0.47662568391230675,-0.0877473483704136,0.19679444342773547,-1.4682717504673002,-0.5597486597360878,0
0,-0.053867549802723624,-0.1324469229823869,0.6231234165297684,-0.4439801092238646,-0.3683328059886172,0
0,0.5316905717899637,-0.17227657794928122,-1.8215123358138556,0.3439785764752082,-0.8515292587063267,1
0,-0.045891462568122085,-0.26661356030471833,-0.4969581064887017,-0.4139969842517069,0.1968993161588959,0
0,0.9736384983813895,-0.3428551043648418,1.783020770715583,0.2173533938733192,-1.3033255804097232,0
1,1.1825076714024636,2.1918641281792834,-0.32013269064529787,1.6219332271200901,0.41146635605529036,1
0,0.11586588087289557,0.015029589641956567,-0.06282581732530196,1.8356653208586067,-0.5464723733522265,0
1,1.3874227425375965,1.3244310240650312,-0.46649948217885445,-0.06792712477807855,0.7166382120920611,1
0,0.3527765678478661,-0.3867916334112517,1.4645080626293492,0.8801821684275919,0.48526305754052584,0
0,-0.4689527293351177,-0.24476629267840946,-0.2446342998992029,-0.16664639433632997,0.10400664303620273,0
0,1.1564386523962533,-0.3847027250168206,-1.2518353012375592,-0.48787394775796245,0.8461428986389118,0
0,-1.0143674418456037,0.4592065031487005,2.5788151225514846,-1.1168254005786553,1.556949853158528,0
0,1.0292881438081476,-0.45215945188255596,-1.3750234399997618,0.0866123725631,1.2684946365143766,0
0,0.053993081465299665,-1.3477475229889284,-0.09738022946249458,1.0843822821233247,-1.3108645701444437,0
1,1.931454749048148,1.4349848224789317,-0.841794303264919,-1.2744199089880062,-0.6053658461439095,1
0,0.8007149418551746,-0.1676344965421255,-0.7016010806000792,-0.2870936395541087,-0.4829430510789116,0
1,2.114596897099642,1.0485270699156188,-1.0598324466166464,-0.3353415808113197,0.6386100374241254,1
1,1.1619838673241634,1.9469336719686177,-0.5399921609190732,0.2468788805499315,-0.5222290831364508,1
0,0.3600537331575611,-1.6401117618288696,0.9840332521341691,0.26276569422190993,-0.5614839059473993,0
0,1.1204843835807698,0.9457464389819341,-1.9019862222338537,0.5372355784255417,-0.7341759171532195,1
0,-0.5323750272964934,0.6328066562684949,1.2608075825544423,1.8969822360346478,0.2988890469000807,0
0,1.2710571067163865,-0.3768319579168908,1.088398066702977,-0.8704958051834639,0.6346764098821438,0
1,1.8314214915811384,1.129529436990199,0.5090592430081544,-0.9254524679108664,-1.2116070479665717,1
1,1.3400633368478458,1.7026321708776133,0.12617047757028158,0.2473655471056102,-0.514240644665414,1
0,-0.5359736307649525,0.3187295939045986,0.27663919182353564,1.452723539502085,-1.8950292306571148,1
0,-0.13397224464496482,-0.3803291145429364,1.423412430276806,-1.46237797554516,-2.391686608408217,0
1,0.42683300135770286,0.4299339476814439,-1.7457847344793462,0.3313723609370958,0.48466582136573194,0
1,1.3508533185647276,2.6682156327212025,0.727289689835213,-0.20133858777335667,0.31542633394110836,1
0,-0.15775634631336702,0.5736744299613307,-0.7461719532761537,0.8542881698918481,0.17240526749872434,0
1,0.9553518105325484,1.4941118169766099,0.8257475221560421,0.6281901115403958,1.5869779552430845,0
0,0.4487071169426159,0.10546514954402672,-0.6136003450397964,0.04851681181523809,-1.6757357825915475,1
0,-0.13125977267363234,0.37279021709791277,0.7068699616452613,0.48752264313920374,-2.080104500318174,0
0,-0.3814767267686566,0.4446379716270058,-1.5484853350609986,-0.6582780536303676,-1.1233431900596562,0
0,-0.19520036104112612,-1.2518200064927807,-1.6925734214592536,0.8002242939145273,-2.11964001280558,0
1,1.8130644839895083,1.1894768123808037,-0.11306284040357688,1.3865235312807536,-0.6133559209737545,1
0,0.04393272628019653,-0.2728979737225952,1.435530026257875,0.10016050907470601,0.5828594310891771,0
0,-0.4205850528525466,-0.09686079510118924,0.5362844211702531,-0.40795271179954445,0.29656149825854133,0
0,0.07539208442426644,0.46247636588508745,0.5291144627215842,-0.14515207427447147,1.0275163076341811,0
0,-0.030405574539754437,-1.0740481184743869,0.8601938135090225,0.7897066358754802,0.37076740983340717,0
0,-0.6836785338892876,-0.8094854313380262,-0.3969764156074587,-0.04186596292185646,-0.40404034228164076,0
0,-0.17310281610435632,-0.409047021921376,0.6107488606359448,-1.1996434870661867,-0.5259615773535943,0
1,1.9476029622525328,1.4926070758799366,-0.5796729734329175,0.9521047829023668,0.43745520992236947,1
0,0.3432829559379049,0.4992753680042243,-0.31401492095391714,-0.982835591885607,-1.5301623376898121,0
1,1.4620214005579637,2.378794051736694,-0.18984950649379906,0.42449403693020965,-3.177687939887211,1
0,0.40606367687158595,-0.17181251993060945,-0.5455277095673737,-1.8663618845659335,0.39022325952859055,0
1,1.0120267018092273,1.8982885457749907,-0.06605054506465012,0.10815078796415663,0.23429148989869894,0
1,1.0306072970840046,1.82609748695945,-0.25455809923105915,-0.06829605254346013,1.5692988402779398,1
0,-0.15075297797620837,0.32500149064207806,-0.7076649815087286,-1.9670674892776667,0.696435469074831,0
0,0.8985396816522813,-0.014568563902920243,-0.1406017096673737,0.332814506924558,0.30917840493641563,0
1,1.6979509759229234,1.1602808369356976,0.15526608789532545,-1.1013603566408838,-0.31213040142545806,1
0,-0.16521948579946324,-0.6392395983615676,-1.0998642895433344,0.08475192905217316,-0.8111286218918758,0
0,0.926482800723988,-0.6789557196730336,0.41745641041314674,-0.4117343005133051,-0.28025321588702345,0
0,-0.17216306112212307,0.20824909409880318,-0.4936801189936769,-1.4805564277819594,0.9551339514407828,0
0,1.3408399423715964,-0.032653506169148354,0.19820377452415003,-1.0457260450529462,0.4636636686530296,0
0,-0.3067698741724474,-0.24930442670411151,-0.6652972400016628,-0.9656936365684827,0.93423077869993,0
1,0.9929627624492194,1.7988851757780853,1.0504954033353462,0.9824128235630344,0.1067135091027629,1
0,-0.09981718491112533,-0.1202935002532647,0.9561157105190544,0.8358155446092013,-0.8995423842824851,0
1,1.45054944349779,0.8520925077288628,-1.049388772283755,2.1945014263522276,1.160579349601491,1
1,1.1153680141904303,1.2401011585818897,0.5249991699014556,-0.5118763410017176,1.0700856781174586,0
0,1.561184446895062,0.492377908324796,1.4462715575458174,-0.5440659384063772,0.18552357046779222,0
0,0.1911759406831499,-0.6141079513055511,-0.9481787121413934,0.13487292916062318,0.5559666141985902,0
0,0.27854974420295014,0.12556609052252604,-0.8689543593580927,-0.3552666307927185,0.5009516750749606,0
0,-0.27712756028215274,-0.0332554466363305,0.7350594517943068,-0.5825630399927341,-0.4683974696865133,0
0,-0.3466016308470779,-0.45648593482167243,-1.3071784753589308,0.054424848992284273,-0.26008852066167637,0
0,0.6153350134306202,-0.17601131222369476,-0.7775129424921157,0.703608617837259,-0.9096731706187129,0
0,-1.0055050635538565,-0.9430098052671929,-1.0146652346545333,-2.1121410194069674,-0.2638103531275692,0
1,0.914281316325779,1.4657841164943997,0.7474842947908106,-0.572200817144293,1.0308414900785583,0
0,-0.14838510336453276,-0.8188397900384158,-0.6924297587822523,-1.4027929737343607,0.8410548903435475,0
0,0.8106283833805871,0.6434623303336738,-0.2846034048267439,-0.15383109476167509,0.5584625565026707,0
0,-0.22471018378168425,-0.0551834538205131,-0.7483242387199245,0.43263000264519086,0.9591781183509123,0
0,0.24969093436451786,-0.3430881939415645,1.1485135007088663,1.1169418272806644,-0.365314231117365,0
1,1.616637207632855,2.096335596833872,-0.8593869585340628,-0.4337456078850981,-1.1733183042023958,1
0,0.777755047762085,-0.6191093065348607,-1.4076000556493073,0.10627256018903411,-0.15687644190400146,0
0,-0.9508338109277528,-0.4486097435012029,-1.4467923606825075,-1.6821247406975852,-0.07768797385311839,0
0,0.4415779222336662,-1.0975479972189874,0.693659634584833,-0.8604658467770981,0.6757373978082483,0
0,-0.11933935784555834,0.7857037825996662,0.7658651264971831,0.20714196944506144,0.5114467895119068,0
0,0.5549305163516447,1.123719417955918,1.2485545574516033,-1.3590144344526245,1.010580466636368,0
0,-0.4915692636601892,-1.0041563869152352,-1.2609733166122568,1.2370120662809045,-2.0149076894416065,0
1,1.6146358419177032,0.9105365356300003,-0.23121214409119942,0.523516407838869,-0.7980318853486111,1
1,1.5384959734523898,1.441888148904831,2.4272994076394863,-0.9045815738774516,-0.0913595893618214,0
0,-0.6014612827922475,-0.30941648220519163,-0.3023166149889869,-1.4821638624169777,0.47935378280490015,0
1,0.8317521922318218,1.3812109963142611,-0.5634086329372383,-0.7192972826975448,2.094386364465041,0
0,-0.34824681711788547,-0.07055876502618466,-0.021009720477067388,-0.8993200314129962,-0.9773082171717686,0
1,1.6779586773969997,1.6445311161069827,0.5299507735489212,-1.2169977027143706,-0.7098340100124056,1
0,-0.4541473345826956,-0.5765792963723682,0.5132332210027108,-1.4068103072171907,-0.4233268807430764,0
0,-0.19804413781669075,0.11559579014654625,-0.6144312223718779,-0.2304001022099178,-0.745569318039499,0
0,-1.1314784126901425,-0.6696764537455185,-0.5850352893508552,0.7322607900288675,-0.8882364553569972,0
0,-0.22238995229023803,-0.247114749618944,-0.29646005816804816,-0.7110822327098397,0.04591740365217696,0
1,2.2141519879750042,0.3579492034939873,-0.7300866437708272,0.4448835278185975,0.9836446932797659,1
0,0.4231081955820498,-0.24272891487094128,-1.2347630763250406,-0.3277426673451403,0.11935077052060751,0
0,-0.05215316221628613,-0.3436425497447848,1.8079515186334765,0.6123166915810221,-0.8597142681959352,0
0,0.14619163500849794,0.566147614043197,-0.406924614225695,-0.7864775896991474,-0.19621971804187818,0
1,1.1030437626435057,1.3644439566082391,-0.3502431728766559,0.28099146749076054,-1.038590733021105,1
1,2.5746632099748403,1.4735019398622902,-0.31908660378262194,0.12013130834639067,0.9830279994086044,1
0,1.240657503908343,-0.013471217098309176,-0.08051000034262533,1.3623194389740725,1.4711529125957725,0
0,0.09889417842358426,-1.2774653066435293,0.43475976952728074,0.558743188933528,-1.5951375686572813,0
0,1.5544115016368956,-1.1981677561030009,-0.46519180365839824,0.256007137756969,0.2290263711128414,0
1,1.1918905770787949,1.2087934199715171,1.139353529381504,-1.469888281330458,-0.7782053568287376,0
1,0.8493524559586283,1.5671359929042832,0.5978158792398196,-0.5252483343192758,0.06287701142184002,1
0,-0.4257742524564708,-0.14091911563206735,-0.1908986106242179,-0.8003980879259819,-0.08555551138213391,0
1,1.4683058409550056,0.8815646150399298,-0.6662346234964301,-0.8222051706549629,-1.3410608768279835,1
0,1.387239930721778,-0.14418787161942176,1.084926535993883,0.01550670308530951,1.2088166673378538,0
1,1.4313045235564243,1.2037486795733632,-0.1620421877413563,0.2408210785527905,-0.15170947197407295,1
0,-0.5157934876824127,0.4674019493294239,-1.24275125035401,0.27994113082726185,-0.47001075578150975,0
0,-0.5390753157464621,0.4338119891194832,1.0210645232945812,1.261443886073777,0.11630852192834011,0
0,0.6840132672259681,-0.3320487165861822,-0.7263284484132133,0.4835492639650347,-0.8705974237963099,0
0,0.5983810489854217,-0.029954552309526133,0.8685007758332745,-1.2278508697982187,-0.18365685398392037,0
1,1.308713088187834,1.5657195717154453,-2.514267670212917,0.20254088373507328,-1.8373196984372713,1
0,-1.1254704696462932,0.25478663726440837,-0.3686625112407663,0.5843774344236005,-2.3571152657387664,0
1,0.9228438731744293,2.3915588544742654,1.159968600736047,1.2621890224289114,-0.9700766555669582,1
1,2.6327463024997257,1.3831114211950302,0.0051307300962505084,-0.15419161035506557,-0.5323849446352581,1
1,2.0132847307296826,2.101246882523911,0.5981352876401154,-0.1444675195023722,-1.7570036703720013,1
1,1.6392768253349832,0.7039501534138383,-0.901930736717271,1.0788965598876248,-0.4974791133398189,1
0,1.1212999038906348,-0.38260429473042623,0.34770522681251737,0.17858335606544445,-0.5337194881932669,0
0,1.1749957636869097,-1.281494650206817,0.0037522669906070805,-1.5984083214456843,-0.06156331357849922,0
0,-0.021563761176779165,0.09078392400584129,0.24333406506867974,-1.8128716831795848,0.614153392743769,0
0,-0.010543056319000049,0.3885143729152998,2.0392799041566856,1.840776936130149,1.7120937393128732,0
1,1.250771990732754,-0.13323106584785926,1.3045896367559764,-1.7137276892686975,0.4282499289611503,0
0,-0.17076197249108105,0.11297182055450428,0.7919933451302751,-0.167211890719294,-0.9841135329119359,0
0,-0.8917949854800726,0.3625262083391069,0.8046191409050012,0.8831169744224983,0.6664912596229335,0
0,-0.8942318257104359,0.32834255780306376,-0.9091558619701235,-1.7646071116849862,1.4006043841328457,0
0,-1.033595321343541,-0.7175166720207883,-0.47122908639120165,-1.0815606171165282,-1.1202713831875968,0
1,2.250602204151667,1.8638719838553486,-1.5325817383086626,-1.2467405301663381,-1.064623434246846,1
0,-0.9368413337475379,0.005582698431239246,-1.2695853623811382,1.8011263022861765,-1.421060086772464,1
1,2.7699773792236932,1.7546225713499093,-0.8865338246578354,2.0181540788756562,-0.5644969173130086,1
0,-0.43822673471964313,-0.0755147345082168,-0.02912458259985813,-0.7341717273338481,0.3732156205470712,0
1,2.642409944069522,1.6286224202332769,-1.2250086973127972,0.5794982569971204,1.4832037634086173,1
0,-0.21903260571928473,0.6655414800244667,-0.03917018658701813,0.30806242305858345,0.8916736081618498,0
0,-0.9397120625522862,-0.12241323246144928,-0.15402950812642802,-0.2807933030136654,0.38552658028386666,0
0,0.7702673388392817,0.17046288533802537,-1.134228787131098,-1.6267764926212422,0.04575775401529668,0
0,0.8411193765799351,0.7498612171540745,1.5255868645304431,2.3074640161842224,0.3915172437713404,1
1,1.0563693998397936,1.320061901114145,-1.3245257016421466,-1.8160137756217858,0.4504445536555183,0
0,-0.19899135995847034,-0.6752376992507091,1.1173248137655518,0.2121050711442457,1.303196196029565,0
0,-0.5434775619365875,0.4056258744935966,-2.2542762218789,-0.647597706911164,-0.02088105878231181,0
1,1.5276839833253686,2.260926566365624,-0.14223321357340624,1.0080613207294218,0.26174751100699806,1
0,0.06469748846451286,0.7732701076905365,-1.1976248330409551,0.8459466761719828,-0.40849778399159786,1
0,-0.21082983546925715,0.4289926597973241,-0.6544547175949919,-0.9788134180296996,0.11340073836875046,0
1,0.5086651627654883,-0.006494550455050874,1.810154455536575,-0.7901268641358454,-0.25630430691756323,0
0,-0.3485275890540133,-0.3814996361977869,-0.346967612063353,-1.550151395515884,-1.189571725167272,0
1,2.0221112581324254,1.0492397074047182,-1.104548797068591,0.19480122099381073,0.8732767748137619,1
0,-0.12533972555754963,0.026921035096871496,0.4876358673632559,0.7108772807530618,1.4882542081656949,0
1,1.4035356234629766,2.4129589006644023,-0.3557469160338299,-0.4416641014902345,-0.03742732354011371,1
1,1.0415340729815412,0.7516750198656823,0.15071316752482067,-0.24480421634595914,0.33205338811139445,0
1,1.2339691784814302,2.745321253157858,-0.9144545563384058,1.9078467140058948,0.8616446299299296,1
0,0.8453688639491761,-0.22939677796454527,-0.8652164320627195,0.9362376401596408,-0.14332611092398279,1
1,0.9161336459187354,0.9398592119159329,-0.7876808018130168,1.347764725239012,0.1895945675163879,1
0,0.43249385801113777,0.5071228273870729,0.7984331424617431,-2.2420446647815004,-0.21698464109661625,0
1,1.6282331325421147,1.9545825600944753,-0.22682975236570238,0.5471920406249445,-0.5495029823184064,1
0,0.14688639787284122,0.38996814661424056,-1.048260243557517,0.25137243730089476,0.521585305739024,0
0,-0.4394137686087707,-0.46167328008360287,0.1618194686026173,-1.2519853254848416,0.5125220534997934,0
1,1.38893358037125,1.7012168766434435,0.0794795206686903,-1.0438978550374658,0.9225427073474566,0
0,-0.0034321081031744726,-0.6201346463403946,0.5736027980413265,-0.2184358044286197,-0.0033975743155099563,0
0,-0.31240017876551773,-0.47834751838812484,-0.4818012331266243,-1.341995532252021,-1.1998248100782034,0
1,1.7988592624219297,1.3430779015374454,-0.07757151084009072,-0.7987002363749919,1.107662263501639,1
0,0.2744634096738426,-0.4919781599406612,0.4216786341233615,-0.4615930517369341,-0.7345376232335833,0
0,1.3036239741719524,0.6316489487271795,-1.0093530248256164,0.573519246039084,-0.7518016140743918,1
0,0.1669140176174228,-0.3469005191457586,0.8862228620608652,-0.7068059855717972,-0.5319563949974796,0
0,-1.1473455933113024,-0.1322737309686595,0.01644362820523452,-0.44723739660245165,-1.743592544361123,0
0,0.697811448503208,-0.5281189690044099,-1.101012813095848,1.0243353009241472,-0.21762261799617094,0
0,-0.12232238498171545,0.6225658868529994,-1.1084223058384672,-1.7642589329784073,0.6193403793262321,0
0,1.2071552177621123,-0.3996761846098157,-0.09939856593778695,0.22728640055451244,-0.43363224209867046,0
0,0.8825546715031848,0.6852066616468521,-0.5502258104040577,0.3894037132661064,1.3381967381261122,0
0,-0.30316043022693984,0.641126151169351,0.7546066219590807,0.41682871588221865,1.2762034115793246,0
0,0.4331416703227052,-0.26756457056714933,-0.2867519125138717,-0.501354765598401,0.8892888065207929,0
0,-0.3563730886487326,0.017800684956608956,0.3030465638821109,-1.0648629339842688,-1.9349553300988214,0
0,0.0016144958488163055,-0.2842253859407709,-0.8486211164145038,1.5195147828760271,1.433712110323066,0
0,0.40559088861237236,0.3274331971541863,-0.02299597610505746,-0.8564954287863287,-0.23717694385294624,0
1,2.267800123627906,1.2833172132026596,1.3155359455935842,-1.1170296108229059,1.6784112787070573,0
0,0.537123497331744,-0.25048839826365893,-0.14812829208209022,0.02020123213090838,-0.6040683827091838,0
0,0.04499377914769672,0.027707497944027985,-0.5529641639281685,-0.739122392040015,-0.1398083672755852,0
0,1.4900543400487298,-0.9493294581155263,-0.8638049500185812,1.0508039117638954,0.08962867100859359,0
0,-0.2190122439162536,-0.04550894688304697,-0.018770529882187432,-0.2651748382130801,-0.9323516810244193,0
1,0.6356796209804215,1.789767182083628,1.4093147681412,1.1804735401659667,-1.6204652356037939,1
1,0.7511804228744053,1.4828326281567015,-1.3635944295890177,0.44877466915805325,-2.3976290699307565,1
1,2.4844046380734057,1.9709939394349192,-0.04991768630404784,-0.38821051962716546,2.9528157065832477,1
0,-0.04599175190808271,-0.2263788527164654,-1.7138719055978027,1.1140167386416397,-1.668611585743728,1
0,0.09543449883245524,-0.2755744273957524,-0.41042221034142284,-0.650837034534919,-1.6548333689920167,0
0,-0.32551432795460206,-0.6703914023856995,0.26276936396272355,-0.32014313640280584,0.5719941965727477,0
0,-0.27162148757951393,-0.2434469421292355,-1.580375080092949,0.529159113915139,-1.423833781101331,0
0,-0.4722575165695769,1.1795355749786218,-0.4448095467994355,0.22662482980354054,-1.6095984376248815,1
0,0.28269048799805324,0.16532601911187148,0.2905194599334413,-0.6736865634932798,-2.874367415606521,0
0,-0.05842795052226035,-0.35132172947893225,0.13113809134143364,-1.5363501953617678,0.2927181094589429,0
1,1.8610032266820409,0.7963148371597603,0.3389582672210746,-0.018643503469567085,-1.0700585178105553,1
0,0.20366303119048992,-0.9591184354595533,-0.9745966366664115,-0.7271182245934816,0.6433888341635341,0
0,-0.25552724017973777,-0.498236141644391,0.2901077037682979,0.029645756952625533,-0.07580524211410299,0
1,0.7247616248183276,1.8555161051231845,-0.6000082265405076,-0.4209737552583279,0.08551951609124196,1
1,0.6725202424003855,1.1437809360548221,0.7140293486548338,-0.717567831748084,-0.45342676085240824,0
0,1.8159909550170394,-0.5749030488855429,-2.310651339674044,-0.26815617433840516,-0.2757905176228979,1
0,0.8869040666539859,-0.5089102704205445,-0.289609378392128,-0.07342444075421387,-0.8948091393670762,0
0,0.8041095401347285,0.3896884799639593,0.09887709483246057,0.6950095918921888,-0.8000772494363054,1
0,-0.4047640841921371,-0.04875784522897671,1.3494320505632633,0.4231889359114825,-1.0949947502664925,0
0,0.005705840257872125,-0.37632264852606573,0.08679703872625545,2.0944231272463436,1.513981242390067,0
0,-0.48921767542990247,-0.18503302173274297,0.188285751680048,0.14143595882415852,-0.39612532254031646,0
0,-0.7872492570995344,1.3235298753284566,0.3754902284828666,-0.6729310091862251,-2.264818087539684,0
0,-0.3532641122254205,0.7317738445233863,1.253087200548664,-0.1662951391585652,0.25876050688651914,0
1,2.3957109780577475,2.2811751978019084,-0.38189441217612985,0.5683232653602605,-0.8037405940606065,1
1,2.104447220154382,0.34873763262217117,-1.4031009943776707,1.0034256521562928,-0.04448062921681442,1
0,-0.5820288009732129,-0.09066136670216461,-1.594547276124473,1.3414700604011194,-0.26954808630625554,0
0,-0.1888896300944852,-0.3868734594905299,0.6641952602101026,-1.0170042940312893,1.4901758101779834,0
0,0.4494739031619486,0.3263041175003076,0.2232069942456298,1.2806739674692367,-0.3836260526651731,1
1,1.2574171628875976,2.03588412707132,-0.2563424691069613,-0.0460206842739602,0.8160735247558536,1
1,1.6477517468996383,1.5958557277520238,-0.586094461581652,-0.9269509125878089,0.7105001050180987,1
1,1.8411084682388872,0.8765179744043246,0.1808327050376177,-0.2037779418750524,-1.366556612928946,1
0,0.23455833110647858,-0.3966080027983413,0.209723226734405,1.2107551739581237,0.1877460534307165,0
0,0.1524872566141715,0.37234251967971277,0.47982980805014097,0.45727555517357354,-0.7583266840014001,0
0,-0.39221830426950605,0.4320439039256561,-1.1086669304350254,-1.2120434811115397,-1.2086579563357975,0
0,-0.3305847525112892,0.08457142346244241,-1.7643055663760319,-1.2045434085617903,-1.2047201964452714,0
1,0.919810089087625,1.4778745516337424,-0.9135268787075458,-1.232295360068209,0.821312035684668,1
0,-0.9368019561013633,0.030073521461130168,-1.3511288593291515,-0.7315381591305761,2.643027343910602,0
0,-0.06884924501413738,0.1614579346483382,-1.4029259345055816,0.0774496503875742,-0.8053077183296894,0
0,0.4897557687523149,0.4295765851030874,1.5697363493845953,-1.126181157948831,0.21574125438265174,0
0,-0.8281694364923681,0.37809942434191773,-2.2670019734591467,-0.4283262790773538,0.3104258597783192,0
0,0.1637839464745543,0.01415126033005012,0.46970470980513906,1.4020359370016018,-0.5299883319452396,0
0,0.47077872803003695,-0.029429650396401687,0.9069982145016658,1.61780819374063,1.4076032783410262,0
1,0.4979597387071928,1.3476210145581458,0.9874646340897538,1.5504732935887657,2.196945303242756,0
1,1.4376513399182689,0.9318016134801416,0.27723201730867947,-1.794903768795505,-0.5977035739282527,0
1,2.587726120275024,0.9241831104009508,1.3199096957537233,1.673722200093276,1.7343934082763675,1
0,0.3311646106544239,0.3263737648818664,1.7833997309211826,0.09169732402721498,-0.5467120699845012,0
0,-1.1222742894373727,-0.4277213318367382,-0.30223104909258514,0.07796969221562229,-0.9702537781697499,0
0,0.3950036774469664,0.48836032074781427,0.44747170028134353,1.0289031814831897,-0.13933354347050206,0
0,-0.4486420765369973,-0.030805626621376175,1.2757940823546503,0.703459132903896,0.8690169963660982,0
0,0.4147841580556556,0.49175715506109763,-0.8619592869284723,-1.8686780403216106,-0.10422170071931648,0
0,-0.4140490599604643,0.38217528213288415,-0.24490790671092247,-0.6124661995934806,0.7377937130447197,0
0,-0.03181946664717903,0.5057579548632466,-0.6258215727793017,-0.3660685221748789,0.22657569039266115,0
0,-0.3225256611377696,-0.285819453901123,0.46097797628754855,-1.3302664569737388,1.3528442512441832,0
1,1.6018946336431035,1.6453396702874252,-1.8980992533346577,0.9971568707997205,0.5306508724728171,1
0,-0.340368104346607,0.4427327937290186,1.4366269794641944,1.438929607874197,1.5305505589077981,0
0,-0.1341229449326867,-0.9307960196396592,0.5337965643506812,-0.010562032308778668,-0.8575923418088987,0
0,-0.7053630049864065,1.0210160685293161,0.5899411715000056,0.2985928023518617,-0.20345600418670398,0
0,0.29439575724839484,1.3595718276684443,-2.3633141511128586,-0.011282485280819612,-0.0015346010165543076,1
1,1.705171125186355,1.9683729766986877,-1.040139093699366,0.09915337871927259,-0.8538804153440019,1
0,-0.9699193044624906,0.4835284572779949,1.4904691702023807,1.1176819712417643,-1.0071019033238426,0
1,2.1957499961211564,1.753255158475711,-0.17740587041788758,-1.765498552713785,0.3821095022456858,1
1,1.4942272242073023,1.2059399949879646,-1.7240639127678392,0.48610328362657146,0.6652488073173689,1
0,0.09705743774154592,-0.06610212676111085,0.22162215787768266,0.011853696039062446,0.11263574071475126,0
0,0.45873700321751143,0.5786429372163173,0.6791581038868931,-0.7134717201765752,1.05902182790589,0
0,0.19694534541599032,-0.5839303169198535,0.5314923801057907,-0.5033525449847177,-1.103316655701717,0
0,0.6991218950765397,-0.6364301478774751,-0.15040521460614562,1.8323704847435731,-0.39106084914404815,0
0,-0.1759773133232466,-0.2383975132454989,1.1355635935633808,-1.3275007945657864,-1.179855892566417,0
1,2.220657631736224,1.793751904937305,-0.7020119858700076,-0.16855724063751104,0.13938596549186907,1
0,0.07375477068439253,-0.51956169496452,0.5400890323288279,1.6294867807455016,0.4878675265372809,0
1,1.9045800547040148,1.2647503598495853,0.1350176434660388,-1.27012974232107,1.3418414855501566,0
0,0.24217750367874252,-0.06400536243120585,-0.13308634544967549,-0.4561653103304621,-1.177256989447733,0
1,2.344438195185716,0.7928784568193258,-0.3789967448415764,0.042309384437453156,0.3724220206159799,1
0,0.43284742413557614,-1.4638607500714318,-0.34359239337499764,0.4126602895768867,1.4361126788264456,0
0,-0.2657672881859077,-0.6159075236512827,0.03225341623343201,-0.08031233851399389,-1.001689139231201,0
0,-0.38476022639990864,0.1565319103900155,-0.292720798356383,-0.8953635391737998,-1.2362469996636778,0
0,-0.029852488556899624,0.2916860809664841,0.7330699118773136,0.4474025036888926,-1.4744669446804597,0
1,1.143939135352452,1.696617790316843,-0.5359853162439544,-0.10060279032217537,0.6244773977463031,1
0,-0.6313153207958083,0.3657434369058829,1.5682909973398018,0.6277560570553942,-0.7254774802954079,0
0,-1.2768314815788249,-0.37583694032246756,-0.5806685184947495,0.923694072189042,0.47805350032833765,0
0,-0.9295576546972262,-0.5043654749923123,0.9200807810436091,-1.4862395459357383,-0.2161545253659079,0
0,1.1912438166669146,0.2250348029105138,0.9632168660961967,1.0331298014423311,1.800902963716907,0
0,-0.3939001497778663,-0.12705004214216453,0.16586216533927917,-0.25462918892448727,0.7878612468416977,0
0,1.1420761798926868,0.5442471735276614,0.07675998023628072,0.8252108039220228,-0.8038093462989419,1
0,0.24189276069334786,0.22882413860252945,-0.7289670157091893,0.4938724649915877,-0.30209113907804747,0
0,-0.02985481298166297,0.7702923376997323,-0.5170714496429423,1.8540822598415427,0.7878683562922869,1
0,-0.9003630700927402,-0.27932178259535734,0.21978359612959653,0.006254074605306513,-1.0686386337017408,0
1,1.6028013373456294,2.0405205500647075,-0.04513559866774261,-0.40331554781072704,1.182166081648411,1
0,1.1353102601809377,1.220805538282991,1.183084175990723,-0.5129661563748973,-0.2502199706277591,0
0,0.9345820464100432,0.03224553696457607,-0.4545897937486551,-1.037094036738736,0.8089098879908031,0
0,0.16454319161854733,0.29958400616446096,-0.39406446095013603,0.8081019661735034,-0.1961164683875157,0
0,-0.6892010195430095,-0.5583169732190925,-1.6647306071638892,-1.1014194661738395,-0.5238431080857044,0
0,-0.5742992071494913,0.536433915529403,0.6435278637156595,0.7993282067303403,-0.6874850435153266,0
0,-0.5115551060354762,0.6774349017145803,0.5532188219439343,-0.22349733496054844,1.7323761795847838,0
0,0.7668929564176202,-0.2966719104399665,0.9770818959932174,-1.7632252815297518,-0.2951180048547737,0
0,0.9790322616652555,0.3516957426449028,1.033436269602704,1.488271550034755,3.08060622602116,0
0,0.1175357009805513,0.16828364330676296,0.7889465394517485,-3.3758193429136205,0.15183414321708286,0
1,1.418151738686108,1.6344711741655107,0.831115949968102,-0.08175878958966287,-0.8507895834453275,1
0,0.9292262979965902,0.4872118444591639,0.610068762860433,0.23395870262347823,-1.5852673812038132,0
0,-0.5871441245189729,0.31133970539968914,0.7640933160181423,-2.3060480075654164,1.2327831575239123,0
0,0.03109399656021955,-0.08339269570370558,-1.8419617121438558,0.44125375383736876,-0.19373069872469903,0
0,0.2777795997276783,0.4999778132580824,-1.0997907117568984,-0.6697879270153456,0.8226838500910331,0
1,1.0823196356941605,2.067113653714768,-1.2631940246292188,-0.24851873168748714,2.3222760298235205,1
0,-0.3815485328347844,-0.3325166604119984,1.270173010952802,1.3430106148465735,0.6688359478228663,0
0,-0.4282425475125618,-0.0010794762279453308,-0.7829595573922167,0.14272012148117136,0.33729895731058107,0
0,0.8500361135928514,-1.0612156831325406,-0.6228621813423025,-0.35056328139207876,1.226305707225175,0
0,1.1486203662342527,0.35015882851872787,0.006657266589861463,-0.17045959074508565,0.8041155127892974,0
1,1.6688755181419366,2.1338705457585623,-1.2436794471208619,1.7761034608078474,-1.262742719290198,1
0,-0.16093115222567242,-0.15437713649355675,0.38054477934070446,0.4046132212159071,1.33265141230663,0
1,1.2400953550040223,1.4800616947008163,-2.1303902027093113,-0.8837627502825991,-0.045957008678568154,1
0,0.0010477880701974564,-0.132117440966364,-1.1774896769240053,-0.48831721916712606,1.541356250226996,0
1,1.2698669491379264,1.1696622656744817,0.19881618802038667,-1.1900714839878255,0.5070462034494077,0
0,-0.05821814541313244,0.1393027721079575,-1.2416362327671189,-0.4517101386046697,1.1915505755579119,0
0,0.24793969380235395,-0.4705455234166702,1.2991131036370316,1.6078935495965618,-0.22461332099567297,0
1,1.3568122343257791,1.2588338381339406,0.04627943863364253,-0.1663337024083078,-1.5173064960919058,1
0,-0.1137528375684585,-0.5427305568635282,1.1320701325616331,-1.3370128681696551,0.5637129112669319,0
0,-0.11127269104338286,0.35344595150980596,0.35791665085309543,0.4309274331252177,0.976851909592442,0
1,1.4094619391643168,1.5435428721606212,-0.011929769942344924,-0.3925780378720899,-0.5569321207971152,1
0,-0.2648687262097266,-0.2587427504309545,-0.9965621549543237,0.5614100519489477,-0.20330529814770315,0
1,2.0573179617620836,1.4222472473734373,0.9291462482991913,-0.24239876772124458,-2.2143516094274727,1
0,-1.0624416173858655,-0.13243515346580917,0.4412546590052925,1.4452703258219342,-0.15529721720423034,0
1,2.544567915400758,2.0863371023435806,2.0846479025555773,-0.9106460013957081,-1.2504522227858887,1
1,1.6813176779217984,1.1353926107939425,0.8284003679211955,-1.165162229392321,0.5172234147524414,0
0,0.3660105455919089,0.38102697925913026,-0.3974029762855181,0.9376003913213484,0.33492270182627776,0
0,0.43504666988932533,-0.42312437118497587,0.289421572851065,-2.0035557733816094,0.015200352545447098,0
0,-0.42483549601834275,0.48854304022794,0.4221379773576923,-0.17193289353624114,1.3226493628125346,0
0,-0.548615133707545,0.6223833600021648,1.1629582962344989,0.8006142072743517,0.24096477361221078,0
1,0.9806384292077038,2.050703775556725,1.3218699603595085,-2.194396320375672,0.19345413925148494,0
0,-0.14824081789715307,0.8826101346832186,-0.16197529826041573,0.06464307645135021,0.32162190932568446,0
0,0.41952281493061727,0.1754670000474152,-1.2155210784742203,-1.4959485573838136,-0.5828106238817407,0
0,-0.35025721513249447,0.742768020997945,-1.8538386190781861,-1.8448443232735796,0.9913836745869041,0
0,0.3647589841069829,0.9745079713922546,-1.1395494597190248,-1.06594112737268,-0.9163632725881143,1
1,0.1792472686832809,0.7267685816692976,-0.5917764457722258,-0.1833924801489032,0.422754011512557,0
0,-0.23134032118514977,-0.3619428850579214,1.504335369490408,-0.7058755405108723,1.2186822112029905,0
0,0.7002824205669375,-0.8974204257102726,1.5195054888578603,1.1070667483878684,-1.0264740131142511,0
1,1.4974172265802388,2.0366864748348625,0.9601600541549278,0.08238634037331312,-1.3423861568437976,1
1,1.1025138183003,0.49488063956699424,1.2303988738119769,-0.48895610231686865,-1.044128122492561,0
0,-0.3941059332825582,-1.0679054042884182,-0.7073927356328455,-1.3099038823623144,1.8170558056713721,0
1,-0.21681353784092816,0.7415643914629034,-1.5153157720515884,0.22410908917343952,-0.6093070862855956,1
0,-0.6070811822471525,-1.0429872063146584,-1.0065285463614138,2.0588989334384515,-1.2004582058124893,0
1,2.2343448235075494,1.563294817895259,-2.0348185675937995,-0.7029164973989354,0.3663554550504458,1
0,-0.3495616601377389,-0.650725587231581,-1.113955251735491,-0.5855517944236049,-2.7238107960305515,0
0,-0.27872661720073527,-1.0141697472022717,-0.5059469763754163,-1.0607146054929013,-0.954590548522551,0
0,-1.3990873122218448,-0.025123992063102906,0.16670368274229586,1.1841793597024541,1.4140749396036996,0
0,-0.9785026758675373,0.010267217068228113,0.13545725098508216,0.927005566703081,-0.9553677694235039,0
0,0.7140295071598516,-1.1218698584916595,-0.6896366275086989,-0.44627104227218634,-0.2607909649169423,0
0,0.37037644839693656,-0.4282207040823142,0.5689479384174226,-0.599044183916615,0.2941184548541022,0
0,-0.7784634188636588,-0.04478325118379925,-0.6704396844045182,-0.9438531223449588,0.2946727027502616,0
0,-0.37834343494393213,-0.21409396408193235,0.010044700640571811,-0.2893116461188475,-0.5325207815894811,0
0,-0.017503405799269893,-0.19768993623164258,-1.10998224211312,1.0198790281123857,0.5463835632096429,0
0,-0.7176766392940536,0.707572187241667,1.0886673120443824,0.04152504594956233,1.4462242133495393,0
1,0.39751366989183956,2.687926875394144,0.02083462543585792,1.2876473031527012,-1.0616459448652327,1
1,1.5044737675363387,1.2120209084109186,0.6788250159673933,-0.7201611027075951,-0.4844370614942753,0
0,0.3435651373039445,-0.7931289195478525,-1.2161933871197623,-2.312717074801868,-0.10514971085381072,0
0,0.3551143918379724,-0.14074985916828894,0.17442417121508366,2.6053354334160836,0.6998570797642827,0
0,0.5251424313252877,0.11657586205171346,0.5723337246888593,0.21458318057730644,0.03311467655814432,0
0,-0.9321343570678942,-0.03196712686190575,-2.043867312168692,0.7785261224578961,-0.12716553762262642,0
1,1.6347411458961634,1.7664146709346364,1.1680970016033507,-0.78751531190293,-1.5493695001348895,1
0,-0.161070818537473,1.3271455501177285,-1.2494245841112377,-1.3625431390884803,-1.1330570702416285,0
0,-0.052332411298315486,-1.0278725142481921,0.21090021545683055,0.15474839038620564,0.1926771083960996,0
0,-0.12706898018048238,-0.30424780022028247,1.7877029180799462,-1.9916903346432715,-0.5138394069705864,0
0,-0.39626890836450945,0.9246859064169037,0.9549030123356813,-0.2670612611923911,-0.34209567738449453,0
1,-0.21067427252936266,1.0867726638404989,-1.4899379195042595,1.0223114571791216,-0.06187359703200748,1
0,0.6970974123424042,0.4736961033446539,-0.17803510258060412,0.4484707094933593,2.341682567877063,0
0,0.19799409928505332,0.3785404184085953,1.233429756732715,0.2549020079280944,-0.49748099913254035,0
0,-0.8905738725219045,0.7421279140882816,-0.8167750158266772,1.7437393792760607,1.3869518794276203,0
1,1.883878991795653,2.5480038464957175,-0.35987974211178314,0.3753418905871756,1.3138334491305905,1
0,-0.26838288420088197,0.199843624260314,-0.38788238637446554,-1.9044260185298925,0.8037602517972026,0
1,1.348616610149362,0.3525021287480574,0.5700389257224535,-0.1490700626648539,-0.8474427239265175,0
1,1.1389512391065804,0.9797556942415284,-1.5369914283307409,1.9253179539879923,0.13718080644313924,1
0,0.3221582835913588,1.3116317199561685,0.626110217557537,-0.3094368054735733,-0.39049044234756203,0
1,1.1201058570902807,0.5514813143690156,-0.6227991789061939,1.864096026699627,2.0144161085065133,0
0,-0.6581008116543601,0.29808394151434386,-0.011337004714896822,1.023644090450503,0.4106533062263964,0
1,2.2790468863635973,-0.10870553444091247,-0.2248712870908689,-0.40847582221513734,-0.2131814200196446,0
0,-0.10732884586003501,-0.8107363091337055,0.5997668408069873,-1.0804963268821994,1.7849202231969976,0
0,-0.08849183399532473,0.5321623688399477,-0.02104015415869843,0.33989373692152247,-0.3525037187627485,0
0,0.41547847216599915,0.021576552197853437,1.440434442289613,1.2705000213309554,0.5516087693166868,0
0,-0.4005520205077058,-0.2258650952329673,0.9894290622144151,-1.578638469662753,0.7024127310887629,0
0,-0.28089190358813126,-0.48861361461294756,-0.7953226974445985,0.12038748679173089,0.34737921334293204,0
0,0.1834291618337013,-1.1979255237810553,1.3652977661621113,-2.041388162332138,-0.10640638164242402,0
0,-0.9248265614782594,0.4160435317359826,0.3194062551291095,-0.33959099383399427,0.8375214633299789,0
0,0.13265942806092873,-0.1698884217945428,0.16988334632839508,-1.6547328120757085,-0.6299479333229298,0
0,-0.4534268755088203,-0.9131191047081924,0.8482090520772465,0.5622358084801367,1.1136957296039944,0
1,2.1132835554730893,1.4181134837061702,-1.0411486150546716,-0.688997976423969,-0.28141421574656517,1
1,1.9279979961099454,1.7487488092460768,-1.3794382720051797,1.1580362723251274,1.3377951709907052,1
0,0.248729014185018,-0.12040421407522389,0.024941466846518455,-0.5404917236468846,1.0462851313790715,0
0,-0.9641751891327341,0.0695956099874528,-0.6063018370462037,-0.6315722424167979,0.5493170817096793,0
0,-0.062037237104291876,0.02287608929246502,2.07371857157332,-1.6151655188735192,-0.09020027439248578,0
1,0.8936400637514337,0.9759231148230942,-0.764322814214814,0.3910500067843521,1.102673814287784,0
0,-0.022118341786215735,0.032555767979899314,0.04024734789643347,0.49210095140153687,0.5710945443096523,0
1,0.21083219386615681,1.8411301587943654,0.1919644729574794,0.9397443593992006,-3.2165316205272596,1
0,-0.9244993610251455,0.6207862039953496,1.231274159613204,0.6552013290501952,-0.8177124038141745,0
0,0.7134201653041126,0.474437603153606,-0.994561022044537,0.4012697329644958,0.16873918389820683,0
1,1.8214319056039363,0.9949411812584521,-1.6120653989685307,0.5958511598026877,0.27972659205625455,1
0,-0.21228950848780023,0.3817275309418702,1.3944348071696824,0.6968311999357579,0.7071575360416339,0
1,1.0547540063882666,1.679279856401927,0.08051888414133908,0.907656823563879,1.5488465989529705,1
0,-0.6505523505522558,-0.4258252754671171,0.8097425226335472,-1.5275722022810794,0.5866542083469632,0
0,0.12009345305311545,-0.278587642523662,0.8566972370046712,-0.4618180632401623,-2.084344333499291,0
0,-0.2061793857554076,0.40781586158852406,1.0300085757656792,-1.623057364233422,0.19764582716405177,0
0,0.9279883099903659,0.8261448916838654,-0.37786346834502943,0.33213374141191754,1.2158036089969082,0
0,-0.11085823200620998,-1.0870031387882992,-0.6489351563696003,1.6299595003231206,0.1115879062423045,0
0,0.03523229534672012,0.9840367430215768,-1.9962570359473717,0.8963413634818175,0.2034485724318823,1
0,-0.8331020808332227,0.6984958055449028,-0.9949014358070649,-0.6070525352580859,-0.4942498883415855,0
1,1.3835804648937162,1.5194711000996197,0.062151091768366494,0.5054135116099668,0.9492226037636811,1
0,0.10619484304079163,-0.14442997401479896,-0.7013962436992836,0.3489401777556228,-0.3531765860551838,0
0,-0.22367142672791204,0.23426006953148587,-1.1409008621810646,0.23312965616261272,0.5928564510876803,0
1,1.3086228798554607,1.0156607836046179,0.05042155955382021,-1.3033458253216392,0.42854432995014735,0
0,0.19614577536919384,-0.10661701196800198,1.342942043361723,1.3151355930152804,0.05422025492147677,0
1,2.5088939689365937,0.5149838291366123,-0.05601583916568041,-1.1780903155044335,0.4840937127367185,0
0,0.08698162218469642,-1.0449137742410164,-1.1328195908580831,-0.36674353143220395,0.20167249380345045,0
0,0.6865117700838826,1.3993839808235302,1.2724247139137654,0.9591417712981956,1.2773106469123943,0
1,1.9729614265112694,1.4378451310449727,-0.7741174488604207,-0.3734162264623718,0.6767194587601326,1
0,0.6506120248007103,0.12221341260142007,1.4793717228981438,0.07930155967907426,1.0397225065746185,0
0,-0.36583195400798263,-0.018439675866524393,-0.2631335972034264,0.11960607714667976,-0.7639150763724052,0
1,1.475843503009359,0.9033355883114653,0.10313010758056632,0.06591340285710855,-0.8266190468246136,1
0,-0.12166414245879881,-0.18423726585796024,1.5608930755988106,0.11505527180975968,0.06271269316790436,0
1,1.9277663419383857,1.4547132163810104,-1.3514974149575207,0.2139187045533394,0.749457067369075,1
1,2.0754476933271184,1.2820170334688208,-1.0501052717712211,0.07470262122404354,0.5314702830802835,1
1,1.6750337146671348,0.9486783633833124,-0.32654796159653143,-0.895487989493239,-0.751267572198185,1
0,0.5260239464255184,0.28769327593442684,-0.1399679033452213,-1.5500422006571912,0.7805621769290081,0
0,-0.33799888618882373,0.11301881512088602,2.642069780450904,0.9981289361887136,-0.6278401663854344,0
1,2.131226531739475,1.635744663046216,-0.8880613219953928,1.0437787508512641,0.6738507920650214,1
0,0.6094856653115206,0.42302688721190146,-1.3042474946557012,0.3374734823900785,0.28655348817544757,0
0,0.4064978075547981,-0.10231434737896068,-0.9358348991349641,0.32912284199178027,-0.22512116783260813,0
0,0.08050187008872779,-0.10133276416888683,0.23213304601401197,-0.9151881944971414,-0.535977651358982,0
0,0.4279939994429799,0.889471537351233,0.4920357635327086,-2.4385853486139144,0.1331805558279239,0
0,-0.5364026791430938,-0.5664091253454718,-0.7070870913780989,-0.24868847581316716,0.08304741733095497,0
0,0.11901735861612511,-1.12417904893462,0.021036143480130474,-1.8973521856451494,-1.0465641967879682,0
0,0.18030628609507346,0.33332322123448815,1.9452023390492441,0.1843996962861569,0.6020734809600115,0
0,-0.797709397890891,-0.3776100569245617,0.035168481860796116,1.3042391777173399,1.156684062507529,0
1,1.8847505517637124,0.7535894256239308,0.32099002325267023,-0.6161385625977845,0.8605769984714233,0
0,-0.7492912354090892,0.531142810255452,1.8889882136236167,-0.5586953998452515,0.31503508015453024,0
0,-0.2567509787456586,-0.08686103025549483,-0.6980257148488417,-1.0058276191328872,-0.44993643537786865,0
0,0.023856575565779067,-0.7581384345791055,-0.7634087185772561,0.04425204060768515,0.12894217691814558,0
0,-0.4384418307796839,1.1609676714057326,-0.469682100347495,-0.033230323705809514,-0.1314616488805003,0
1,1.649532423172191,0.4335882413615604,-0.5279105176080685,-1.0191305569995923,0.12430118946769347,0
1,1.639934194261732,1.3479929645983402,-1.8210131123449247,0.9125745349174196,0.9364432133632975,1
0,-0.49210898361530453,-1.1335660649083137,0.1379941429960421,2.702369806214907,-0.1080196993241187,0
0,0.3407846752945985,0.16239494031133628,0.21694130225125904,1.1898588516049462,-1.8373304147630014,0
0,-0.458493901983739,-0.38466522012625276,-0.18585854983196132,-0.11060422167457792,0.7995471570295457,0
0,1.3727846248408166,0.49156488919762176,0.24747084283400278,-0.12254253649731198,0.39720669683273424,1
0,-0.06568729399836283,-0.010431831784025286,0.25810884004994933,-0.5135592130460486,0.14991416467253862,0
0,-0.7027764869940195,0.8103646674040976,-1.3161519694282937,-0.5341729327699072,-1.1743760364567328,0
0,-0.5906050597282632,-0.25782835044235475,0.2886399471167301,0.9581566426281728,-0.8323173561540238,0
0,0.6885482788189807,-0.9627266136875505,0.5585120787317357,1.001706950018826,-0.7153872592077832,0
0,-0.2454909898310724,0.1425096318161195,-1.5971014647005801,-1.1695295102809187,-0.5837023794170776,0
0,-0.818258284697981,-0.1515344882755176,1.4631160223687936,0.36631541242409676,-0.4901150160722409,0
0,0.51222764827666,-1.0915559288264731,-1.235796302904856,1.1111254109002338,-1.1817175118527372,1
0,-0.24934433266684963,-0.6332281656514261,-1.1382381180889076,-0.35018201989467346,2.151652718484764,0
0,0.39205170667161066,-0.44227946728589357,0.20195531186049384,-0.211533814566132,1.5020925773534393,0
0,0.5613396153936762,0.9332300342404399,0.5346987907833008,0.6959826766476425,0.27716439426405265,0
0,0.16467812328512677,0.42446747974198734,0.7776713045957315,0.7244179168570122,-0.033657387381527966,0
0,1.4375444374111999,-0.20864109767564082,0.560992335208481,0.429058329592094,1.826530954960528,0
1,0.5651545042400659,1.682521837923343,-0.5197030143569934,0.25422875520711785,1.623765008088808,0
1,1.109229954836915,0.1763240720839725,0.10856129348601495,0.3885875938362797,-0.7399174041342415,1
0,-0.15357000276237437,-0.3389436666888008,-0.31667037334641124,-0.2777172908513844,0.2476764454673839,0
0,1.3567041171648728,0.24059722740501754,0.17425903692465192,-1.1177160152869676,-0.18240453662145573,0
1,2.6788014820613273,1.4992257838372807,0.06845665960602013,-1.556614475074809,-0.2693523390660644,1
0,0.7732145204363496,-0.32361368754216485,-0.5049086095761036,0.5955614300088796,-0.16547121302762696,0
0,-0.4764743644475461,-0.02298487927860004,-0.3472179161629584,0.10819708525850322,-0.08566773905098414,0
0,-0.40650884386225783,0.20286510282721085,-1.8522043253028535,0.45551958402510356,0.21073638487774882,0
0,-0.49713602108427246,-0.005613996101092565,0.83013001966058,-0.8288792915485487,0.21640080779380502,0
0,-0.47005613282445763,0.5166023741540836,0.2975575069885842,0.1025859437517769,1.4381805281733735,0
0,0.8956227643655846,0.19122126593258548,-2.3066801493826263,0.07864002606821696,-0.8068896485884687,1
0,-0.14626027403750624,0.3067442822578075,0.7931602687342943,1.2790073187279298,0.9669195512185872,0
0,-0.06689889878636543,1.02813287293805,-0.05302780855647695,0.8517549313757087,-1.0750115149495556,0
0,0.46463207215405883,0.4965037997790395,-0.9368221163613831,-0.739960474991417,0.2368451085694073,0
0,-0.9981167844203847,1.0445750678285834,-1.0254251793653046,0.5045529426796213,1.0433498169769735,0
1,1.6315874927614835,0.996851380267892,-0.6882221687476503,-0.746891465807848,0.5690295342194372,1
0,-0.6581230372037524,-0.9554483237073291,-0.9315253339782039,-2.612979871554942,-0.31637202921191626,0
0,-0.1766489523349911,-0.08416847442654414,-0.7971880004372696,1.7259510620377336,0.284795945855519,0
0,-0.35185241637552755,-0.13535781700642915,1.7006342163564554,-0.37492975342302265,1.6522891245716202,0
1,1.217211552381246,2.2756484914336133,0.37112599438269284,1.039463117655455,-0.5917001451174875,1
0,0.13534908402381887,-0.6780266595941035,2.0360103178734716,-0.6613430524268527,0.5665531543135816,0
0,0.13272804143550682,-0.047327376275965116,0.2257386156202008,-0.8073484326159717,0.9650870840630651,0
0,-0.13189235354039103,0.24310761962573202,0.579265720083831,-0.5465928659843894,-0.38802460574636016,0
1,1.8224106057946938,1.460061502390615,-0.8807051930677161,0.2526493245174021,1.7353708598643856,1
1,1.0788312754878706,1.2970822116567822,-0.16802838244570406,0.17614656734255268,2.0732259579447945,0
1,2.0089515214236564,1.615141071923807,-0.0816801711382661,0.49769669532079897,1.0940302816240295,1
0,-0.12371941329456349,0.6474585785471857,0.6200924453597493,-0.4963689264227215,1.0961539717819044,0
0,-0.29019813728273824,0.9214472827335971,-0.04948358075218695,0.040427072378806,-1.728702369947083,0
0,-0.4768552870217888,0.019684324473650632,0.3513274917321119,-0.8431711564833136,-1.3209238073658072,0
0,-0.14483847628000904,-0.48950745215673863,0.3155278770590623,1.469297892515984,-0.08444435062855737,0
1,2.7223835541075534,2.3207204564560184,-0.30285767252022616,-1.3140006406959845,-0.6577532919948523,1
0,-0.03798826206155379,-0.6465800680412941,-0.4056910644244185,-0.821970633497684,0.6258778948906836,0
0,-0.6866421216860634,1.0743473058690798,-0.6689931346949402,-0.4234242191202661,-2.8473227436050625,1
1,2.1512914400710277,2.2064812189512377,1.0823036890287159,2.388931859469875,0.6194070964141885,1
0,-0.2831570614750525,0.893639274857322,-0.30243161131841206,0.7668313472496889,-0.17574099977096144,0
0,0.1702554026114823,0.4112345135838513,0.32889750446067384,-0.8535794116265557,-0.5417973207317984,0
0,-0.3633963302559468,-1.267494024082689,-0.1565551346553375,0.8221910981043282,1.9065949524071402,0
1,2.368463989685902,0.7765275013546733,1.0626173928773215,0.5158299147304337,-0.30806667522155257,1
1,1.2455441460124217,1.584132932415835,-1.9880876600223187,0.27374448299441895,-1.61676317220858,1
0,0.8387147871465217,-0.40538819913055985,0.3029698455967558,0.6958140693847209,0.4569610692425669,0
1,0.9704436492827283,1.2108320729972677,-1.2549104997078515,0.058071522162224457,0.3821723158822253,1
1,1.4242561685707122,1.767684908495555,0.3907014994680098,0.1707977272405843,-0.1739374823142481,1
1,2.4399974715440687,1.2980154289828176,-0.1465465513542071,-1.5529274460415,2.351292184825707,0
1,1.7009045348688034,0.668587637405396,-1.4783611084744996,1.443098933195181,0.2100990623222962,1
0,1.3628795650833796,0.531395227883139,0.3376397868166987,-0.4475050862843393,1.0147910690051867,0
1,1.4385157304571898,1.7089416650922358,0.22418181965839756,-1.237225759877272,0.32306777298873857,1
0,0.15422571177640423,-0.14939756578773825,-0.23122115741675406,-0.5043236244292237,1.2705665083404847,0
1,2.7430895632292907,1.826759710462804,-0.10456557749798145,-0.4640543596795687,-0.3308770269360865,1
0,-0.9083539300453609,0.05702823785855299,0.1615110824981361,-0.8012353980548942,-1.063418252865059,0
1,0.6173499800910774,2.1988167154491474,1.1782202031906055,0.7776498999572563,0.7657390892848334,1
1,1.1226950936743552,1.4907247313345056,-0.31432686853273617,0.9741931203327394,0.2992707974802469,1
0,0.48802361368399544,0.7943565999484078,1.0130319563965289,-1.9591994274552968,0.7952223388395204,0
1,0.6340892900008368,0.27580833117487247,-0.03745027058518372,-0.514775909869017,-0.6167110988895597,0
0,0.35822943393721185,0.27553141392709735,1.2957346245180623,-0.4431047026873243,0.4801894891820647,0
0,0.316024016693336,-0.23871707800850356,-0.23514166846046433,-0.17214535956931853,-1.5942748534788682,0
0,1.2086341399211742,-0.5154305930061023,-0.6663242164752824,1.7063170105824161,-0.47978575643239824,1
1,2.2272909553074234,2.095100347643075,-1.097676504579131,-0.8135786510885235,-0.7046569583094938,1
0,0.21843014249866552,0.5334524591257919,-0.0338154875490854,1.5624121386871146,0.4959602736244043,0
0,0.8154797610917761,-1.203886013455483,-0.7931730739628388,-0.14620960696297775,-0.48421701603084305,0
0,0.32334236466892,0.42929738118987926,1.4044883410529638,1.571727700859878,-1.372827151425056,0
0,-0.2760420327763213,0.3564888278435608,-0.8712125417599786,-0.31095695364425274,-0.5682422365555034,0
0,-0.6867634662293169,-0.43384290399459535,-0.6900233694681914,-0.4280817013801334,0.5984886112055843,0
1,1.2583806377841515,0.8988176318221008,0.5810831090237156,-0.022637334543495907,0.13108330373674576,0
1,1.5759556752717294,0.4456548652409553,1.1857919520087632,1.2922507162902683,-0.7450831634649757,1
1,1.7050110432097625,1.1974808616578212,0.7310453731591017,0.15831634411456713,0.8392138487137459,0
0,-1.2811173588520552,-0.10649252298393971,1.0586846764470546,0.20925248729144832,1.5654069914671258,0
1,1.4682637990456036,1.8781980682151074,-0.0802160999371592,0.6366976914329526,0.908827958134612,1
0,0.01714906172966687,0.16162821870033478,-0.06612513846366957,-0.879723296959459,-2.3074946994233048,0
0,0.32852246692790427,-0.6359448691825994,2.011757867258598,0.3366881084969893,0.23715496667549427,0
0,0.9760805295038102,0.14332459496690697,1.690268713874371,-0.6281480705706942,-0.14183430258608132,0
0,0.11139212126716184,-0.152427251642348,0.714202361439293,1.471265343745661,-2.0357425155202935,0
0,-0.5457377257486309,-0.5608957281986672,1.1066065376736536,0.41866208025071716,-1.2904146953296227,0
1,0.5091523698391169,0.44629565373657354,0.858532654342998,0.692726479152593,0.7990657997523087,0
0,0.41220657486742907,0.37488200101530444,-1.2059744561305938,-2.0393269385877586,0.18567029493297751,0
0,-0.521452415686448,0.2678382896876804,-0.039652109962020246,0.7067319254706388,0.08063537160770459,0
0,0.5201021862968083,0.33406141696854424,1.4967742890147124,-0.1775407334507545,-0.650092901581294,0
1,2.4384520912975414,0.9630533399049419,0.7203391783286083,-1.4371580895433045,1.0822848310392468,0
0,-0.9264448595875043,0.10264791726105855,-0.06358966056762974,0.0949793426629558,-1.2298024279823558,0
0,0.33233553525537757,-0.8252184882403487,1.5087578002308168,-1.5182878104006092,-0.8879275195076168,0
0,0.7755734462036065,-0.5919496871111282,0.369301907928723,0.6110285802972044,-0.317756840615986,0
0,0.6114235951681691,0.02023931984900087,0.7555796382906447,1.4339710375230708,-1.5257359392135692,0
0,-1.2578276621462734,0.15741181819330702,0.3745314457720204,-1.7905691471185847,-0.8816604923413468,0
0,-0.5121912268762226,-0.9772907375636173,0.5411622648785044,-0.029981678753850546,1.0615707513753085,0
0,-0.7681083034502539,-0.6345268285815829,0.6126691669014626,-0.1648907316998893,-0.8442870835476691,0
0,0.3140836530882305,-0.21923570164994163,1.2996740769331196,-1.9895709691457495,0.780876199193482,0
0,0.24799597409129842,0.5751112397461756,1.429956522045134,0.9165040056973114,0.6349509421106827,0
0,-1.6187351267643753,-0.48786165171973167,-0.4510911190156343,0.6257104349034788,-0.1684358783415177,0
1,1.419501027203295,1.4843451696770467,0.355511085948428,2.0260884498025313,-1.4189341159582123,1
0,0.4804318982046641,0.14723558438044843,1.2710089185473643,0.49616742208142733,0.06341420939716089,0
0,0.08878559473447331,-0.149815095434084,-0.13155940201285796,-0.878999742382847,-2.11081077108807,0
0,0.08776015169991677,0.16081202289566082,-1.3088961662116188,0.5143359391356752,-0.5289020927396815,0
0,-0.2189962120312264,-0.8069500827382482,-0.9086481927980795,1.2848070991848848,0.24325627691410295,0
1,0.964635435355193,1.0065276808628298,-0.8395790388192566,-0.4648698582670759,0.8695418968828181,0
0,-0.010233494334290353,0.8606159144813369,-0.45817900368179626,0.8524140035400841,-0.15174902814923122,0
0,0.031256070741074636,0.9028589411985654,-0.7462283089811764,-2.354909187959118,-0.6079678493105416,0
0,0.36915271219977336,0.5057524471661419,1.0291060832220358,1.4750670083246924,-0.6880199660648317,0
0,0.4178999545772771,0.6602353139721886,-0.2768240836403828,0.800387995849513,-0.46830038418394193,0
1,1.6515168514979448,0.30445348637614233,1.2611017126514312,-2.544369466027831,0.6241330950475407,0
0,0.6569450187508988,-0.5692175311761422,-1.1302933485729698,0.3826560494606292,0.3500915407790555,0
0,-0.22495480088146255,-0.18666094180686715,-0.35332277758845404,-1.986503349512893,-0.022017837571609387,0
1,0.7335852580721601,2.849385155848424,0.10427735387154044,-0.6110850062701285,0.6300358893916127,0
1,1.8862322016509234,1.2121496152961335,0.8106616002955944,0.6788680627485494,0.0005339300668537822,1
0,0.07582773263355284,0.4469425797739042,1.143626765206113,-0.13602609585506148,-1.3348426761725147,0
0,0.29815890940791806,0.22702321695290809,-0.5383172919112993,1.256612797568279,-1.110324210625331,1
0,-0.7586708089697567,0.21367407643872524,0.9934185084086091,0.06373461607699277,0.6016784156104551,0
1,2.674477653166627,1.3858816258776736,-1.6818928239965436,-0.037449682763966076,-1.3739839910852722,1
1,2.026301448198185,0.6799803018643265,0.8713311840109494,1.0984947829776752,-0.38097503570976804,1
1,1.4272018654005245,-0.22069834809130895,-1.3410650324708306,-0.3375966073678144,-0.11415407445483623,1
1,1.0387281124212129,2.1691054892214354,0.44664394051276113,-0.025166301160068582,-1.0333593390143014,1
0,0.6462920462593493,-0.3698986717545233,1.1291865282456237,0.106669025703189,-1.667740934889721,0
0,-0.6610618692383138,-1.1202679169826344,0.8872303394087334,-0.06750132489936538,-1.1747696374533678,0
0,1.3568188948752418,0.2627766126017575,-1.6391779105491462,1.1602179499742074,-1.8097295670320273,1
1,1.2320770360604016,1.6512736454414216,-0.4472324120161307,-0.6668017754593244,0.6116314125249954,1
0,1.0323031287633666,0.4607353868888198,0.7169331212360757,-0.8303063330776225,0.3974734588299288,0
0,-0.1106842710436296,0.6694294210790231,0.6882949141323649,-1.0616803858235562,-0.759627598146315,0
0,0.9484480252921847,-0.5513918215677707,0.2759311920785483,-2.1418320715818457,-1.3673531624497226,0
1,1.1590788959040905,0.8750109759989947,-2.2016072522358923,1.4837420784005404,1.166293375444604,1
1,1.61130182712802,1.2087780389615164,1.1980488610539375,-0.9007866586936327,0.4403462020278323,0
1,2.08284959810234,1.8929841104330971,1.376260389828088,-0.2385952590279089,-0.6210376402724879,1
0,0.3972462820174935,-1.2615833962874314,0.1637398507943339,1.5579860977104667,1.1871221148684867,0
1,2.26045710019473,1.4769238016547541,0.228577936751324,-0.14188703574889336,0.13760457087401207,1
1,1.3075167311190614,1.9592730946884016,0.5030603803192918,0.514404423008002,0.3180144292505019,1
1,1.6508850237098867,1.9345138682108836,1.4604428034247465,-1.4205925855750932,-1.0419737101132707,0
1,2.3490331455988427,1.8251369509023998,0.2505541836365928,1.3983544765726839,-1.5162383952328657,1
1,1.1768466989686293,2.0378003121473247,-0.19117464531234538,-0.12159804493983806,-1.57006892996908,1
1,1.9435246366710413,-0.2483096239094189,0.3815201134828798,-1.0182943500515698,2.083033309033371,0
0,-0.13149614386665018,0.9680812137433643,-0.011109877976911833,-1.0190239866515836,-0.8275731109409495,0
0,0.12352446394956319,0.19824297214402484,0.0002494756959870948,1.6899758694702103,0.06517347585507265,0
0,0.05073012984866901,0.8007907630068026,-1.765859371083207,-0.5861770729695606,0.4596129600825531,0
1,1.1270301095290216,0.6952193138519752,0.5228315960154524,-0.9965944762906541,-0.020823138763675843,0
0,-0.1564159152734686,-1.0522961067531897,1.1714550487726032,-0.4330694608558538,-0.15425051786603566,0
0,0.08695935124602355,1.0718266110033838,1.0203727637693671,0.045372400841382624,-0.17654894718866898,0
0,-0.06163439922727731,-0.5559131007717091,0.9509914692988104,0.1518194413179802,0.47994614867760194,0
1,2.5436415698765433,1.213490657220146,-0.05300231123152458,0.44435759876910186,-1.0398030384544474,1
1,2.205973334089817,1.7164727842774932,0.14567619317600256,0.23476103930614245,-0.44053709910159067,1
1,1.773988299096098,1.8637319961731094,1.1914026971815728,0.6471387151307634,-2.303737069097206,1
0,-0.45788770963170133,0.6470497769185712,0.8673542931617787,-0.27274654643622326,-1.8630467622467342,0
1,1.105586144861228,1.5340317004344812,1.4863562532722312,2.0721794930005473,-1.2980491863755352,1
1,2.7842866211682464,0.7674144661645773,-0.672716445581102,-0.4884401478855429,0.853746810342928,1
0,-0.6059312616433166,0.4239795795025326,-0.6789559607511448,1.3523937716415633,-0.27270244504476393,0
0,0.06831577089031435,0.4335336338400804,-0.3325683248711846,-0.5990123736143501,0.6974074437715432,0
1,1.8165692286092077,0.31097906528826846,-0.9430326551397364,-1.427767294515647,0.38488547352497676,0
0,-0.1867941908899836,0.8512109049920115,-1.3214551080512802,-1.667088650245755,0.26009602752576605,0
0,-0.6013222587464156,-1.4922453675361724,0.46863722606098573,0.30395074989999893,-0.9440872421803694,0
1,1.1290620165961078,2.020649381956309,0.4005503944605798,1.1619589916409847,0.07493742547536494,1
1,1.272096998617583,1.0195340191653053,0.24622589223478455,-1.151021405206181,0.2544801091875754,1
0,-0.42569572145866746,0.42330568877012326,0.3537452429838336,-0.8774944675492429,2.200679074662774,0
1,2.3966322359085583,1.7061165231795214,-1.4637116954458396,0.38612821092473276,-0.3460120662977004,1
0,-0.005475596083577249,-0.022273529343440457,-0.4800524851715377,-0.0025419950034390125,0.7322194645606395,0
1,1.2857193393114328,1.6706519836281912,-0.29346844388653476,-0.5856472873596437,-0.12387935461542071,1
0,0.06417482632032331,-0.051869193248413374,0.048506043004424834,-1.2792623012520323,-0.7022509026280527,0
1,2.000773543176949,1.8283704959420735,-1.4597630179369998,0.30907560400431633,0.8695348644717775,1
1,1.3932281763654522,2.711163057269228,-0.9277911843240666,0.6529314519989845,1.8915843377022323,1
0,0.5411887771055491,-0.8047433943809251,-0.43647845208593533,0.49174946339000136,0.26200503009743503,0
0,-0.7626880646139352,-1.9128877967629072,1.0582854017674181,0.026513592003826244,-0.683033878135991,0
1,2.3027821792698484,1.1505954398324512,0.2618702884906011,-1.0557048438814094,0.4674912110979626,1
0,-0.005371403863332439,-0.29041553994841707,1.0215661959764897,0.314554621041382,0.27942518744660433,0
0,-0.028807411051037044,-0.22654090523878448,-0.1224311368557277,0.23982815423037165,2.2165042088781663,0
0,-0.4158085946789117,-0.5558633723565672,0.0009888933750404464,-1.3132151496700228,0.7421695308962054,0
1,0.863289921691952,1.9234605015209545,0.49907591745713104,-0.30234154562783055,-0.933585839952444,1
0,-1.0000031614892346,-0.8287976735290125,-0.17721081701174998,0.3664303389917282,1.2746933495928718,0
0,-0.4576660013698717,0.27046506343299526,-0.6247254835993948,-0.07824036409966627,0.7753600056948563,0
1,1.9526039323614115,1.7830793707142258,-1.4897854233163332,-1.9605342856222916,0.935396238275661,1
0,-0.5767670533827971,0.18987954422436717,-0.597917174637081,-0.6403538151118243,0.4448920495700583,0
0,-0.9290689114345854,0.2922859654955543,0.8361872566323788,-0.7068766024905784,1.0083003967703632,0
0,-0.5454391865026719,0.569560353436478,1.2606741426952055,0.5592938556361591,0.44062337575453286,0
0,-0.23089999050258908,0.03213916935413898,-0.7731569015573314,2.5983834058342383,-0.25437742886274434,0
0,-0.2073007335974117,-0.2078979682353916,-1.7337374833983017,0.1339652032721336,0.13421867361392348,0
1,1.5226642550543414,1.6918222631749185,0.9266108734594749,-1.1979673843184642,-0.11595136831851192,0
0,0.6195638076311271,0.36021974256719463,0.06929866764888518,-0.1605060258253584,0.3413862177803942,0
1,2.3495526628548937,1.9338086127312515,-1.3470468214554783,0.010634657451018149,0.07944238843690056,1
0,1.2032775032335932,-1.0274356559342872,-3.1107894164246903,0.7565953974048656,-0.3145817572843182,1
0,-0.974944390019141,-0.11011891241073453,-0.9634106410442388,1.2421219219641804,-0.18160746574888123,0
0,-0.5135303522018008,-0.6392209724544143,-0.4629458670240394,1.391017836284979,-0.0035992361331876354,0
0,0.41909109423585245,0.3365788959672149,-1.1516509188701516,0.5372292034595338,-1.7810793971951042,1
1,1.327581270684985,1.8360255028026573,0.6919063664251097,-0.0007926249457399514,1.0244312339573964,1
0,0.5164718819095393,-0.1646476086942493,-0.8125678257952536,1.4834020056591668,0.34792910563172175,0
0,0.1242680580688962,-0.43756078917505997,0.012401944818845387,-0.3475021992162255,-0.6114889085945608,0
0,0.9475225260220793,0.35817812095565704,2.373489288752978,0.05447956658846062,0.5911945352272724,0
1,2.2256296683596117,1.3200546098042245,0.11746129945236675,-0.24343710456419648,-0.5081096952438866,1
0,0.6366099759353889,0.8558799972739818,-0.11551838054098588,-2.131291678632996,-0.5081403103422154,0
1,1.3528770347837826,2.463771832489693,-0.0929277199134704,1.2717571934846976,0.3746366225684826,1
0,-0.058476507580963094,0.6004266291809336,0.6690144728379844,0.6755192083461314,1.4306234816675052,0
0,-0.18315207454041363,0.13959444362886209,0.5450850422541684,-2.370009570230428,0.2798750153559545,0
1,0.696464713810056,2.495344931709587,-1.0035544778671417,1.0017540832268579,-0.7758762611738077,1
0,0.8830615532973197,0.14443217434788014,-0.41115292673516884,-0.30343730469451474,-0.3518131671247829,0
0,0.4472323853059273,-0.2875163342493635,-0.6673289452930362,0.9885460357458825,0.8490472948691347,0
1,1.3929837255514375,0.9947957381383576,-0.28264313952563963,0.07579007975343713,0.40427982959951275,1
0,0.7827555044759839,-0.42210093747067057,1.8266210014033735,-1.3573392481727724,0.9594718142301646,0
0,-0.3782205880482933,-0.0038218484010352043,0.6174475211959153,0.02635351760441556,0.39345707323810863,0
0,-1.1028806810731653,0.27785208969736114,-0.07976260817838131,-0.8984524255275947,0.7708319313822046,0
0,0.6044218517361687,-0.8490941636915508,1.244532180664468,-1.2228850241462492,2.01299590464056,0
1,0.8328638601304017,1.1306444434594014,0.18847127141780046,0.8670290008288998,-1.3523200650147682,1
0,-0.11746527937439004,0.12771060836843776,-1.6380503640255895,0.39154559978802006,2.407143648468038,0
1,1.7236738244702563,1.786175761496529,1.6639646981109701,1.4975687773497086,0.9364909815054608,0
0,0.23127920684325712,-0.015553651247892833,-0.15639893959995188,-0.3943849860996477,2.6249721390741407,0
1,2.1090406337222776,1.5467048802970043,-2.2560267439506596,-0.9629033968443258,-0.9832519126348052,1
1,1.9485108557605073,0.6568865558056721,-1.5996262123375495,0.6388044166926403,0.38245149971316467,1
1,1.9299355159372162,0.8529279573934847,1.1276854212491345,-0.8336819636626183,0.15937655376097784,1
0,-0.4744510692338948,-0.03651710237044395,-1.5833995579240925,-0.31019485440109607,0.8835401362954562,0
0,0.17654613436059435,0.30633066911399676,1.3492245472853643,0.5250954351258919,0.4697546713114864,0
0,-0.9033299820300635,0.1387819753091164,0.08104758886070158,-0.12594563430016648,0.3577354043265255,0
1,2.5372826190716977,0.8907053680627692,0.7138941549981384,-0.4887309781259798,0.7789220031737092,1
0,-0.8415388942909342,-0.14193719612891667,-0.2568064156075858,-1.4026621297346962,-0.10680961378344249,0
1,1.3921360967461933,2.3071030057260846,0.5233648559222962,0.9368914057122862,-0.5158295233287535,1
0,-0.7913245434160702,0.326554939557937,0.3165672027766134,-0.3684268594705336,0.4532494564497276,0
1,1.1619002284806088,1.3024801739861565,-0.03853014380070047,0.6180929533429864,-0.51781090771564,1
0,0.008057049259230608,-0.6155020570317881,-1.065438732231649,0.4859925801616994,-0.1255317477273072,0
1,1.282745140890399,0.9719773297159535,0.35852837570957735,1.091287046262346,-1.4411094153885549,1
0,0.686547754887373,0.003954217340443792,-1.8170240975486935,-0.23556834746204697,0.05592591014395345,0
0,0.13614060957767782,0.16556825916000392,0.9315013216956831,-0.34771876910242205,-0.9286443176960811,0
1,1.3222541624628443,1.7393380670609353,0.19699503804657761,-1.1082684821595137,-0.032977254905838,1
1,1.5198508420155723,1.6327913506332887,0.46419650808608626,-0.5426508080101833,-1.0860276049829254,1
1,2.3318202742335616,1.177858182638789,-2.6169065733951613,0.34116346087094956,-0.019331880052298314,1
1,2.14532252997068,1.0933370603644517,-1.125733704213923,-0.8170544557193846,0.8997059934422146,1
0,-0.6832625364092466,1.2281933293738003,-0.5057661930193305,0.31578697887410434,-0.5958405181406531,0
1,1.1916089715162372,1.0661196068432695,0.6736782374305907,1.4672920248136985,-0.9332901996801004,1
0,0.28487389121062284,-0.7750222171787385,-0.9428109368698162,-0.44521224119327085,0.7816409293191664,0
0,0.21201995161622375,-0.9832304868314623,2.5480037543006997,-1.3143695090865437,0.9132769314402532,0
0,-0.6302289248392576,-0.2119133322778271,-0.26331262601773014,-0.4134011523003839,0.4239210589454877,0
0,0.44947595358397413,0.5639902924000982,-1.0159955049659843,-1.4226599845183332,-0.4654527186658067,0
0,-0.5345244841118376,-0.34556861360471625,-0.186849870925554,1.3342235360036605,-0.6296858187432678,0
1,2.382296064313805,2.2865087251659566,-0.950947460073254,0.08485133575552457,-0.3314857206834854,1
0,0.3176694937497728,-0.004368927083133875,-1.1843414858928576,-0.7284537337486449,-0.05916401047817912,0
1,0.9208453296125673,2.0657348400480453,1.0109796273644054,-0.5598561806015284,-1.7254269623184626,1
0,-0.3174460208780471,-0.45463267951653874,0.5132406113507127,-1.182113073810646,-0.9831497280803401,0
0,-0.3278763687171744,-0.44533003675187494,0.5161444282045198,1.0111401786233376,1.2508705429946054,0
0,0.09592603278139851,0.0546274219979837,1.2767530895837391,1.8371962100775996,0.2074280059104025,0
0,-0.12238613880749427,0.28953279980693775,0.486671988987686,-1.4940928028330764,1.2269805577614696,0
0,-0.68729334802907,-0.10737434553957201,-1.0674070700964728,1.043260955942589,1.0156763210706283,0
1,0.7634445122664545,1.575479270408471,0.7086435839600252,-0.24585073700035695,-0.3124537619318328,0
0,0.3294140006387168,0.3530915720701394,-1.1266187233390663,1.2674903541379468,-0.2973505344219022,1
0,0.17174211873849787,-0.8523034078640203,-0.47803868230423474,-1.833828154051541,0.966562936786163,0
1,1.6633225343230191,1.1954375304865157,-0.045718114678612205,0.22539469957827057,0.7586494353489295,1
0,0.1624391153762764,-0.3112095174358539,-0.14718020683910382,-0.40789947711663815,0.9874152550335963,0
1,1.228648511484979,1.1179267054274789,-1.791183150717329,0.659089045769682,-0.01352811226936022,1
1,1.7103954146650864,1.644126637111009,-0.967604546336397,0.061141877222002115,0.1425798904101278,1
0,1.5231033389905606,-0.30287366134935817,-0.02250865281305816,0.022256013085185027,-0.2555606868801814,0
0,0.7047402724482859,-1.2030465817271008,-0.6106867104366032,-0.10598656246192509,-0.053468479163398766,0
0,-0.17304507057590232,-0.14191119110059516,1.1262578483760128,1.56229887274847,-0.6856433633382107,0
0,-0.314023048260744,-0.6386436187549877,1.2974857664461676,-0.1749737152830093,-0.07478557614759729,0
0,-1.71626363849494,0.2977991887095273,-1.1203859828040275,0.8642832473631037,-0.16000915393804604,0
1,2.241216491790819,1.883418195112232,0.059754747080010516,0.6285133389776545,-0.45874021338243803,1
0,0.47196321226488763,-1.30489731601402,1.5827174845015528,0.888809106876808,0.7911478916280998,0
1,1.2737032184341046,0.9354607579758061,-0.1342179052163372,-1.014750446354195,-1.4102372210546947,1
0,-0.8590246097262765,0.2120238140515244,-0.4069794753197185,0.7071730663350833,0.33743718657041843,0
0,-0.6931604659138355,-0.8453250811209382,0.8602209602802174,0.33686943620519444,-0.9216903944878287,0
0,0.2666387174876537,0.4695965263081262,-0.27420179821898005,-1.1894565339041807,-0.8478515133372502,0
0,-0.053604440197508575,0.6295899209173331,1.270870183159541,-0.21239571066854765,-0.7621411123361918,0
1,2.0149552105643687,1.3027906196640582,-0.5947465284025433,2.294279574594431,0.47083876334530583,1
0,0.05186588302091002,-0.4643469597110549,-0.47458793414199046,-0.391806439751279,-2.2576347815681257,0
0,0.5800552992698906,-1.3863405752851876,0.7901564670957,-0.367649765458831,0.16870045060351593,0
0,0.22174508423534814,0.48841517685666036,0.10054372348197903,0.45071009924779454,0.04545378914626842,0
0,0.4972772280964085,1.201522187205813,0.10840605711956422,-0.5408705362914867,-0.9701624763232719,0
1,0.3461899534468378,2.4773907190010918,-1.9093314775874923,0.14045317651239536,0.1822110090841793,1
1,0.8593926577015242,1.283015889505697,-0.353413327556478,-0.4489091303264969,-1.2132516968190004,1
1,1.3813889980674237,0.7443945093692612,0.8640374561567171,0.4023861113120968,-0.04376498823050409,0
0,0.6477412709401452,0.5025745357968796,-0.7837099821340217,-0.06188718549535915,-1.2509890168064033,1
0,1.1283178356406438,-0.07612126569121569,0.7006680656398068,1.9519927956145247,2.0503353169964122,0
1,1.5014585305678734,1.686879034186051,0.2679898219824301,0.04600695950274372,0.8614058252401439,1
0,-0.36694803833290796,0.18165102197816713,-0.19971510751456176,-0.22261092175054634,0.24646639297628375,0
1,0.4270188734453182,1.455802078507884,1.3577546629356707,1.0294362501509642,-0.9551792456290149,1
0,0.5181382584438984,0.6171082820895188,-0.339844025746576,-1.3910844683589458,-0.2755294280338876,0
0,-0.33011434511668614,0.6394008414183707,-0.27014703454322064,1.6917225396746793,-0.23419164101739678,0
1,3.3750008016148927,1.0863873891730624,-0.21113638434942208,-0.9884807367935398,0.2419006075918685,1
0,-0.44364235202070795,-0.5538674828318555,0.08052490799843191,1.1924476198143343,0.39855009082788334,0
1,2.8631650581163988,-0.0994695037301132,0.766957568714776,1.4566097430103098,0.2248757651529182,1
0,0.4490204301524802,-0.20769681605987644,-1.472555194306039,-0.5258062820801819,0.3423069375854345,0
0,-0.61695863959282,-0.6559950951068002,0.8680452682712921,-0.42971291335062106,-0.1698503483751869,0
0,0.13928627318615194,0.2515181513982534,0.06809806770382897,-0.10917801403815632,0.3424627494184158,0
0,0.46282831593027973,-0.20152016090725794,0.5540345798013352,0.6215463882556745,-0.6379340776462535,0
0,-0.13515131550994983,-0.13645719017837699,2.391850416592858,-0.9980581390619242,-1.0634988858680807,0
0,0.5027896263313791,0.4871796574511286,-0.5116604011541551,-0.10922616652078825,1.8478807181867618,0
0,0.48957429560919596,0.23835280802024672,-1.2246705712555066,-0.3134247688319015,0.4160064237815559,0
1,1.9578031003564789,1.3299859640380056,0.19379902849177966,-1.1513124273232533,1.806086581961016,0
0,-0.009884020828503367,1.0118554055611555,0.3521668363884773,-1.0450042727588351,-0.2747412487542142,0
0,-0.704964053583676,0.4428893497998206,0.8716093293922589,0.12824692781436978,2.410716779803735,0
0,-0.04607122528514008,-0.2495165122464852,-0.5383767439822253,0.11052535383613904,0.07960445882174255,0
1,1.7056387982295058,1.177248040428722,-0.8301068710525711,-0.7639772246466161,1.1459598750001736,1
0,-1.1256305226226946,0.4730278161024214,-1.532970853122284,0.07924202824045898,0.0328532407569299,0
0,0.10154118959480626,0.12170741902769203,-1.3674935288779129,-0.6469527606594335,0.1649225539833309,0
0,-0.05808075888608599,-0.6726958262003865,-0.4159622212982152,1.3070910111621783,-0.1151999847349166,0
0,-0.7779756424709726,0.5368277038668422,-0.11658493591911696,-0.10298188325424121,-0.4928026364352035,0
0,-0.1998038344150541,0.7543393201181271,2.065134166396841,1.0975349846284617,0.9802422736045365,0
0,-0.18710780810057934,0.708833320803507,-1.692583315718176,-1.692689616897721,-0.0088611148744482,0
1,2.758056720096051,2.325649400908678,0.33540132718303495,0.32276582458097663,0.8304366662684202,1
0,0.13207100770642022,1.2415188777341946,-0.7259358533029165,0.5960787577695421,0.9037941470403679,1
0,0.6216271507887593,1.0379754211937406,0.22286672362886126,-0.1378833694171319,1.4143387052392034,0
0,-0.07068918269438917,0.20439706905583313,-0.5532358731765745,-0.5388534584650352,0.4211714224390616,0
0,-1.1243499101010501,-0.12505672517458477,1.0353845870457408,-0.1538844511629835,-1.510971184310303,0
0,0.403405109292974,-1.0977610182012825,1.0291903943055845,0.7424651755265039,-0.3202057669870479,0
0,-0.39491203775252487,0.006520707264026804,-0.11310103618975793,-1.2105332702890896,-0.025201275000304266,0
0,-0.20136007799274636,0.3114816353471709,1.4391119471869638,0.700489804407432,0.012415034711187135,0
1,0.9682172505307177,1.4261317432564127,0.7601086703852606,0.3183657060705877,1.3183953642970807,0
0,0.04366071835281591,-1.1329325992034498,1.3925589635386457,-0.26079246169992026,1.1362270941101098,0
1,2.2391070169734713,1.2280271907517557,-0.04313721298796677,-0.2180626556795306,-0.14491431269395827,1
0,0.5596428650847757,0.3871992293140091,0.9517987481847486,0.06186017238387626,2.430094670598183,0
0,0.9517137046710986,-0.615549020978347,-0.7682630869859833,1.658619571654876,-0.348834928550755,0
1,2.636775674772467,1.4994147471423205,-0.8696590344418867,0.34800244457417134,-0.2676910572541314,1
1,0.3724754618450661,1.6589762005275503,2.1798256401645753,-0.942692154442871,-1.0923982607846845,0
0,-0.7161723365574791,0.6707805846154467,-1.0858718883835674,-0.43529816375768143,-1.5591657403189805,0
1,0.5150850530040683,2.4275632356764136,-0.4361056326903938,-1.1445781627236664,-1.1800742486493627,1
0,0.37915824623375405,-0.22669563756639982,-1.8980068289154752,-1.8897882864755018,1.0135450872232679,0
0,-0.4158490702794916,0.11025442907442097,-0.8458631214515429,-1.1621377765745902,0.7415020104230061,0
1,1.3064918008936424,1.5290415035345124,-0.9942355641390653,0.12007636283271825,-0.883550456299417,1
1,1.470041540843527,1.7896249156330204,-0.6702907060286708,1.2739574474824948,0.09987918568395857,1
0,0.22954241285445093,0.32244185138480735,0.299883779393612,0.9957733987733814,0.8064692168337475,0
0,-0.8911926288038737,0.8550033361798625,0.5410353822679319,-1.155260785687539,-2.033371630187066,0
0,-0.7553180775804522,-1.3987780381325028,-1.0068095252658023,-0.7976500249543004,1.772211317922314,0
0,0.0007777239186640814,0.25081264693379557,-0.7896665472957463,-0.9386838732298641,1.0525370199500244,0
1,2.3192475616926806,1.6924466054145402,1.0835102294387722,-2.581609445553327,0.8105147078631496,0
0,-0.015238441950650827,-0.14113753951797947,1.7052930687764922,-0.16764095254073447,1.2020811565664022,0
0,-0.47499582382921934,-1.3584058454973509,1.255916858580378,0.8032549548609039,-2.0415382420191603,0
0,-1.2889252082025817,-0.03659766646418028,-1.646331119414162,-0.2523903870166128,-0.21857200340500849,0
0,0.5716053510361674,-0.4263364576139848,1.1894071423900159,-1.26781655162251,1.2583693278390582,0
0,-0.4415589896342881,1.0067732459542342,1.8536888565143366,-0.8451482491370966,-0.007029387137986523,0
1,0.9115378505489674,1.625174821896724,-1.6959492874086513,-0.32884679958201524,0.7426766091289995,1
0,-1.0291951358752687,-0.477290896496556,1.082700556837103,0.7702200159492116,1.4481748289854113,0
1,0.7365395133148208,0.16841299712291202,0.2252166150695458,-0.1828179618906628,0.7036233522948259,0
0,-0.5767285322723116,0.3543706093310251,-0.3271377095978294,0.634909306423201,-0.2577092896972203,0
0,-0.14330924171649062,0.41768951624618783,0.10618284774919513,-0.08134133833323064,0.575706363045422,0
0,-0.7252450228563941,-0.12946611069212466,0.4432605696039191,0.23678898103161808,-1.6710002376982378,0
0,0.11142482252858239,0.3622052892933649,1.1575850523338427,-0.9401691351951992,0.49035126698483783,0
0,-0.14786864395086138,-0.20896231707798885,1.106014529454586,-0.6858448037188661,0.7496356972857672,0
1,2.933195373510716,2.040329165100897,-1.5069273189031764,-1.255809665891577,0.1509498958173376,1
1,0.577334130164403,1.995610901462318,-0.6486722521746818,0.6016554133704513,1.1615297456893872,0
0,0.09688765818742907,-0.9833552228417535,0.09356552090821636,-0.29118512982712175,0.2786280089151263,0
0,0.10440299342457422,-0.8371151063646671,1.5722187369244698,-3.597630716698814,0.14695353459570504,0
1,0.981665557646111,2.618769033826117,-2.727491521928071,0.4811544173978597,1.8323293134752054,1
0,0.057151438468476395,0.5593178100162539,-0.6108354062237965,0.974141275900273,-0.9578382112371193,0
1,2.0617566198440294,0.6425713969828633,-1.5278906735871056,-0.8117105432029975,1.3921338482684595,1
0,0.05789488953469951,-0.9422280230537439,-1.3693775580968974,0.4802849657098612,1.312964496967066,0
0,0.8306777308919026,0.12466323936607288,0.9857350954427524,-0.20972771451097005,0.8452953176616504,0
0,-1.3066125708572032,-0.6853892351239653,-0.5318855929429549,-2.117820469365225,-0.4045127998361205,0
1,1.0946599523183678,1.2099755672450905,-2.333697974688466,1.952967599748431,0.3426955818863185,1
0,0.8850336283385666,-0.02836751376045435,-0.1584390502327751,-0.20371962994842835,-0.8042926634850811,0
1,2.1472157999583104,1.3457369666811707,2.0358594884606926,0.2014158167540637,-0.562113550596145,1
0,0.32430702675977274,0.6759229690694956,-1.8066911968238026,-0.624591008755058,0.13144249591146628,1
0,0.7399292439116755,1.100853743475302,0.53293737547147,-0.29553017114604324,-0.8836195810928805,0
1,0.45006527277893804,1.1126492883007046,1.5677038118137505,0.1616624026688203,-0.2333314220747572,0
0,0.4773663976336925,-0.6783954982819442,-0.04942267967736986,-1.0425396513646314,-1.1020020135949142,0
0,0.6386220974516535,0.23330769299014545,1.928000319732121,1.6939647130333415,0.6529246386258676,0
0,-0.39522009970544186,0.9788880686656318,-0.6598108189614814,0.8381467579440671,1.6348607460291171,0
1,3.177542270734736,1.1580709061962136,1.4459400382797327,0.5168285393995763,2.1969188240897086,0
0,0.11780937843723452,0.5102153352085278,1.2099372215357787,-0.14178232356199208,-1.033519448891428,0
0,-1.3156614255051244,-0.5022813555204714,-0.03253267875588392,-0.7612187184755966,-0.8578219271952122,0
1,1.8287631987602524,1.4127628208600735,-1.4872041554124842,1.0300896132456934,-0.04997280316140632,1
1,1.1680839820063609,0.7028346306199061,-1.001729924926869,0.6106934116010451,0.822339022578442,1
1,2.298997164357711,1.406499236287548,-2.344187087717185,-0.39942241213329815,-0.09199716580392278,1
1,1.928766420034779,1.3301270127706402,0.594149926513018,-1.084522115025339,1.0775466628348016,0
1,1.2412467566342855,1.764873739497246,0.4743005091753844,-1.5759026699654841,0.6461145603006503,0
0,0.9014711509577376,1.066836965213714,0.0792174519537196,0.028572213976046715,-1.653825367627814,1
0,0.5636707835875863,-0.23333725254560608,-0.12271384656113252,-0.24892414165322804,0.16943317581858983,0
1,1.1032480073907391,0.20016251159258447,1.3575917467865382,1.1856245375433752,-1.1250731115516626,0
1,1.5087729516634916,1.278737666492254,0.2977981679429343,0.9922045257157448,-0.45136344072248297,1
1,1.9101500744584483,1.5795905740930574,-0.5546451572045614,0.0388943058824578,-0.2982868251779191,1
0,-0.21855795766357305,0.12114005295404279,0.14722825871345485,-0.08111969794811269,0.8547443499525212,0
0,-0.200639642308353,-0.09445368617115349,2.0475051100986446,-1.15208725721457,0.0838560178133926,0
0,0.022035016958690472,0.8926289644778108,0.6221668898415977,1.0609775081082689,-0.3528720112778041,0
0,-0.6394791504224336,0.08172872392068888,-0.38991821436585333,-0.05672989255511682,2.2089721058458966,0
0,-1.3396592031461807,-0.0628777590716802,-0.044472443470655446,0.60528098066921,-0.780841978915985,0
1,1.7434809173992227,0.933376323901417,0.4633787341256838,1.1768041214255074,0.40038357747184,1
0,-1.1933399695771114,-1.0480264124047176,-0.4210860362295192,-0.5656075822022671,0.7795624839529979,0
0,-0.5958232218868323,0.1975391617907623,-0.5095445347890393,-0.827915700768788,0.27992203530884485,0
0,-1.0629494153691432,0.14725073992041368,-0.011321970470049783,2.4687056719474993,-0.7866591855906133,0
0,-0.9890666686567818,-0.6355983209569037,1.5190901151819494,0.5944687810754945,-0.8377010523297693,0
1,1.855813104471575,1.3733765842689096,0.7909765131638664,-0.27859845949757683,0.7318792013985694,0
0,-0.133384899036044,-0.0863108601162682,-0.4095288614609081,1.2398957536023911,1.1564012310253964,0
0,-0.1550402732808741,-0.37470031464550546,0.8690129272813477,-0.3082569454182164,0.058715208879825634,0
0,-0.7895410701744057,-0.4759864278895402,0.008573411840353923,0.32548538419215767,-1.2064864316328097,0
0,-0.3935094533031367,0.24304900266291338,0.34458834765612395,-0.568233265598333,0.1211724869724229,0
0,0.22587309552611243,-0.13548702093021037,0.2536238214523404,-0.016970504260323514,1.6257438988124782,0
1,1.5687476408160996,1.0454038451433447,-2.1102569754710068,-0.2740701312520291,-0.8952241222803788,1
1,2.093604436625191,0.8829967845578583,-3.047435994744432,-0.7518809181361928,-0.20678648570616306,1
0,0.5790552072755487,-0.07799103945752144,0.2266214208084252,0.24286249089513645,0.1687954563412109,0
0,-0.1513319149549265,0.5546901413218616,-0.852861267836985,-0.6385951814293537,1.199020763117164,0
0,-1.1113495715522952,0.12398404452809018,-1.6392625897743716,0.5759870413452302,-0.41881754440675034,0
0,-0.45398693943972973,-0.14227321318478195,-0.8220093221674613,-0.3045442619807242,0.5949024839234762,0
0,-0.05861356852361506,0.18509425474105234,0.9246425286945944,-1.720099508616713,1.501761622664947,0
1,1.1341077687975316,2.21863100880056,0.3578256868236919,0.6208480909071092,-1.3710249123934304,1
0,-0.6327745268002519,0.29424842110807936,0.7717612028199144,0.6375974960089296,-1.2003832728075148,0
1,1.6418513705340918,1.5561205889437149,0.45309555769896365,2.253552005885196,0.016941431552496146,1
0,1.4581818616399684,0.38311770255593064,-0.9188319853984771,0.017721836356367815,1.0910110469312437,1
1,1.307087162778175,1.3051917580865982,0.7765448419411262,0.18332165867724248,0.4434695160800676,0
0,-0.0016835114950648925,0.11044069246171352,0.5857396653217134,0.4785899914979593,1.1803544469508755,0
0,-0.7872215263385931,-0.29337325432760725,-0.1174833139336795,1.019702145935061,-1.591563295810986,0
0,0.7460406330249081,-0.9303319928013185,0.05884018857862683,0.9571993398895754,0.45644993158970804,0
1,2.124845826010854,1.6057015114324062,0.7924658566845225,0.3187853828722687,-2.7362198585153616,1
0,0.4834404836795504,0.20800805066132186,-0.7494493157116225,-0.03297530261876614,1.4375307317813217,0
0,0.815877486782847,-0.1726277749621531,1.0878829649820752,0.8426618209608933,1.299456760189339,0
0,-0.2564048128168844,0.6214926411610598,0.5650939646483766,-0.07459930691167917,-0.2178980987587049,0
0,-0.18145069190737312,-0.4329619925169797,0.002257896705598905,-1.2891680504250584,-2.199073066766717,0
0,1.0259271191319899,-1.062830647118812,1.5312364045611304,-1.5012248547005052,-0.0983531771712314,0
0,0.3796368617667351,-0.41826950751311787,-1.2943315683170133,-0.2932647928039456,1.226961934386509,0
0,-1.3315330928064968,-0.9245635815311917,-0.46018477236839717,0.11996903532826708,0.5243495077103726,0
0,0.27289258538220573,0.20282181329440507,-0.6822507989349265,2.472029240271784,1.9594113770920583,0
1,1.2509811635382422,0.9487532781766275,0.35809104640766465,-0.12002552362737859,-0.18603536472254967,1
1,2.1389030947939944,1.9908135154974667,1.1824130651008447,0.04660054556866479,2.1404901503875395,0
0,0.24491428165210416,0.5782792815356762,-0.9830219390269316,-0.40433284890516535,-1.9122133743232836,1
0,-1.0443256584136793,-0.5549844559428779,3.305498067237659,0.618805942645916,-0.6493601385356574,0
0,0.16129810229728647,-0.48486411795318846,-0.6627562966884569,0.2803430736426541,-1.18569198970346,0
0,0.12637663635096452,0.32066379161019126,0.36068347274161716,-0.6383365612172829,0.8457737185207936,0
0,0.2180774918788719,0.5879038688687942,0.002686302509253261,-1.0114605137279529,-1.1019794698601668,0
0,0.3453173111479852,-1.207572366973877,0.046156513549677744,-0.4023668652200795,1.11616627332848,0
0,0.8975795758930388,0.16900252201773494,-0.792411484420032,-0.8433710744413829,0.7956334829671791,0
1,1.848333393768579,0.08144564429404122,1.0675464745256318,-0.23116097031358163,0.2895560565708561,0
0,0.013739076284678698,-0.329109665939257,-0.8539212546464721,0.14147978803200673,-0.00439250885100479,0
1,2.288780532512935,2.0561940847377387,-1.768929084065334,-0.5011935221151809,-0.9446586492847237,1
0,1.3456444341538605,1.8058620800516167,-1.1219974322274493,1.4544988840793185,0.7089791176728754,1
0,0.5490424525008535,-0.14329430048938047,1.44531561930242,1.1593947955347668,-0.4024446463595363,0
0,0.1237236760848541,-0.7482695270220272,1.2504701878099427,-0.22955764785003818,0.8704890735818691,0
1,1.8595183298613511,1.0919046953509601,-2.0072356829529028,-0.9641662366888453,1.6002176371753618,1
1,1.7536262556389548,1.4396418128241826,0.8137295983205773,-0.029793755333447764,-0.20691360906039385,1
0,0.011111049163996417,-0.40214474372332554,-1.9819329236065346,-0.13371834763313442,1.4224557584489363,0
0,1.2991024989038282,-0.5548942055878828,-0.02722785148012611,-0.06278245563445305,0.2918830542907141,0
0,-0.4494320245898595,-0.25611000388340627,-1.207751559630002,-0.3980251314085395,0.6986591803845739,0
0,0.6929434969456196,0.2373463597351454,0.890781536171622,-1.0493961600496646,-1.2202093299649859,0
0,-0.07551416562034424,-0.10164536343380777,0.5546609033192447,0.03488951178128816,-0.5848887762047972,0
0,-0.8882515020832343,-0.5289616800558196,0.9795792578182033,-0.35086471638882866,-0.5957588908002724,0
0,-0.11299064615190396,-0.40203749981147635,-0.2952398110881211,-0.26193535230160736,1.447766681615292,0
1,1.2719344997476514,1.1516848701977405,-0.19132893964187367,0.09396114734153611,-0.24917282161387175,1
0,0.3465463910505956,-0.5996558385505303,-1.4992457889776019,-0.06935840743418703,0.7301295570579511,0
0,0.05478013359514245,-0.4242869978326589,-1.0304845988965272,0.07221995276740668,0.025731257626235304,0
0,-0.6132161181887813,0.3861816003622443,0.9485334348499915,-0.3971836300926006,-0.2551922619872339,0
0,0.8826047480938292,-0.13819257673529425,0.36726496380424734,0.36014479129531807,-1.3703912979990798,0
0,0.6540804026854347,-1.052092175450411,0.10433499522723166,-0.7177991827651808,-1.8074564731662535,0
1,2.551633319257841,2.0149692194389845,1.2621137601651384,-1.0879415739743257,-0.237090269871383,1
1,1.7421787984408699,1.650031891871043,-1.300142185496329,-0.8899790619741711,-0.17885901943141577,1
0,-0.02143984096841427,-0.8298797782483187,0.7201478987887567,-0.6766895039590183,-0.7771142397695148,0
1,2.0221362895711725,1.180772596331662,-1.1791566190279597,-1.2878015599098034,0.24675067585644556,1
0,-0.3464850125525412,-0.475259297434673,1.4778738705793544,-1.6927067236488986,2.06531348306457,0
0,0.07803573283190166,0.4061434254477791,0.5444741727735691,0.5034609057360552,1.594569624646052,0
0,-0.10540673959281914,-0.22299133562859288,0.9645013606985009,1.2742432024908135,0.08483552545106925,0
0,-0.8766205903139525,-0.043664000331576865,-0.7016467637760313,0.557704082790055,0.11955392109049853,0
0,0.0764733029034434,-0.11351665190535429,2.1820982252712184,-0.48309689868364913,0.7018042038249266,0
1,1.335419864954019,0.5119192821647643,1.9985578910685469,-1.7164360954052142,0.30735725746735953,0
0,-0.14553129841098233,0.8432377007742932,0.4303790205070093,0.1919439535344607,0.7035434502312115,0
1,1.8182709673899728,1.7973980343101117,1.1752617130943503,-1.6073068195377145,0.3357482572320451,0
1,2.3635198803919755,0.9515698393700791,-0.30188679205786356,-0.0866593445732963,0.15404499770425342,1
1,1.0907379456712132,1.5151171525972054,-1.2684812322594436,-0.7995795769678758,-0.5920785394716755,1
0,-0.20193492907761418,0.5844707489084326,0.7957905175644467,-2.28059466376484,0.40943481581909685,0
1,1.1409503821841136,1.4334446076545548,-0.919310087999963,1.4805341033529265,-2.214992208716086,1
0,-0.4981083526793948,0.9340525120008542,1.310220144184246,-1.2558038977351875,0.31185972490902775,0
0,-0.35674136618986346,1.7507105051506835,1.047858138386872,-0.35579104488085384,-2.020023807346762,0
0,-0.11787016968911676,-0.07567304154682987,0.23522265053781916,-0.12897062122852448,0.31266489112501666,0
1,1.9515229941265027,1.0504821541754812,0.17929588270336336,-0.4704506689872728,-0.9316121607897324,1
0,0.19226745887090285,-0.5936455512124346,0.9892884835496215,0.46458017558006925,1.3250183456873368,0
0,-0.6341141994499496,-1.3281447738571726,0.2745640230963313,-0.7409703951695058,0.13644289779471477,0
1,2.376496194350292,2.1488870308697865,-0.4044617272992199,0.3819082424215687,0.04885868505595986,1
0,0.5666473838862227,-0.21209628603796907,-1.5145072239932615,0.3185049295990975,0.4530209262002679,0
1,1.0592886096341778,1.9252134484820398,0.9588997294172601,-1.37775170053477,-0.8168407682207399,0
0,0.7344665351517362,0.645871302533292,0.3664390003745237,0.23584052849589596,1.169165092443333,0
0,0.19616304755776576,-0.6485821379586127,2.7556600769388497,-1.0539723503090106,0.7408359337416316,0
0,-0.09387318175514783,-0.5584885168471139,-0.09591115649868673,-1.1656407667963409,-0.5034174472965868,0
0,0.21484802668758732,1.0468121336702598,0.3020360530840401,0.2905625857022112,-1.0111680669265664,0
0,-0.015462477375313166,-0.04203908987616094,0.3255035571790636,-0.40835375291895537,-0.37354908286668054,0
0,0.32704719268884386,-0.3961725222712223,0.6507563580150041,0.37293767415341555,-0.10766587694358194,0
0,0.11238931387870034,-0.6271039769425296,-0.9668789263946639,0.3817382592060761,-1.084726989125027,0
1,1.3975443686366784,1.3151265317593326,-0.07721525277831162,-1.4280053688362704,-0.4568608308620681,1
1,0.38450394450317016,2.304736652586966,0.8276594188783944,0.7406178896042006,-0.5915533272707624,1
0,0.31630952437915566,0.4112627890578758,-0.3327634284194248,0.2850163929201232,-0.20224355974925642,0
0,-0.2241931670320402,0.10905740778647646,0.790188743786225,-0.5866377711134967,-0.19425859068564244,0
0,0.4667679657871477,0.9531125661546291,0.09671596797374654,-0.1358739743615559,0.48809869091381725,0
1,1.8890050373654323,2.237465098982304,0.4018710675549277,0.7691426693821504,0.03124359635027763,1
1,1.3914014733063946,1.6004733264335145,1.15113641358281,-0.3196110649372888,0.402066586700892,0
0,0.6137929146464011,1.6656717945216806,-0.22735559505146477,2.115259478781488,0.24884882058974073,1
0,0.12290499710194258,-0.14845389335610512,-1.4518512107532489,1.4906929964708737,-0.19491146810546175,0
1,1.6981857084268523,2.0588170982955156,-0.26633993036097586,0.1167835225037104,0.6837230073477675,1
1,1.5171335879421146,1.1642020369747237,-0.8255551810876076,-0.22798749042010016,-2.744006748860665,1
0,1.0101334273438787,0.5417090618516527,-2.125736051521204,-0.18467347935022801,-0.3587862013171968,1
1,1.172039962542605,1.2509676898611342,-0.10668162717257106,-0.6006533922317264,-0.5706582552289412,1
0,-0.19360472247543306,0.2768209895502129,0.19903065904947626,0.12522169727476834,0.11937259226642453,0
0,-0.7424010870479979,1.4340815459295309,1.0207613428086477,0.6875466012068657,-0.6343352690502906,0
1,2.0360386463947036,1.9711110808287646,-1.1393104562559886,-1.3494781033496248,0.5489000356274198,1
0,-0.3492894038146041,0.2861046676139108,0.0885260245218454,0.6427790814895014,0.7253334282222109,0
0,-0.282021349035793,-0.4648216753070348,1.128091332050425,0.9335510731884811,-1.384001919301993,0
1,1.2898380207056916,1.5129372227019355,-0.5746472033798045,0.572176861951548,0.22349743324008417,1
1,1.6376331496374328,0.7951984990552897,0.5362217592803242,-0.12994481044731107,-1.2808970955278993,0
0,-0.7504557507954875,0.5321858089422191,1.5977180083529519,0.5306305255379801,0.47966253277461846,0
0,-1.3459471596613566,0.5171265838139042,-1.8624142765828193,1.299280990156092,-0.46654022820411606,0
1,1.8746224224356633,1.292218732451846,0.27265432103141635,-0.058194192232691726,-0.8042155490950345,1
0,-1.2681346237222262,0.9981191921302253,1.16288987802892,0.023610184746445658,-1.7104483254680327,0
1,2.1124826703864277,2.3137376416219952,-0.3507128405172512,2.1325449031656167,-0.09218321406599549,1
1,2.5351166497210884,1.4897879590675718,1.3867599712212875,0.3072437848365373,-1.1580007287958092,1
0,-0.09853428236101996,0.3393066729926835,0.634221784795587,-1.0072939711693887,-1.4835491178262437,0
0,0.7796957680322938,-0.35307433076466105,1.7693571651128563,0.8729712496846948,0.18596276603402542,0
1,1.5854461482740685,1.236691683622047,0.5824648248852188,0.4019419013719998,0.9692441872255059,1
1,2.5595446954467223,0.7531953716218565,1.8525387023066158,-0.655417026446161,0.3944723211564089,0
0,-0.2737307112679265,-0.28700219383259884,0.30000002863192266,-1.1039521941434154,-1.4309858036982464,0
0,-1.418929085658673,-0.06263331855348515,-1.3677956340381678,0.23859785891309107,-0.13678289539446878,0
1,1.552052953536099,0.40377965200697186,-0.6310003802202749,-0.060100969484402016,0.6805638662416467,0
0,1.0247779160464432,0.3460883849976735,1.0183634651575122,-1.2442497922270581,-0.136390736532391,0
0,0.3209809835642508,0.6132769623157645,0.9986896373046634,-0.08847375972032742,0.325531778060634,0
1,1.2908060628772937,1.3952493590544053,-0.31060144971177517,-0.15143851305101017,-0.43726026615781316,1
1,1.7973407015708391,-0.21834523506310344,1.8043008150594142,-0.06241448209658456,-0.38469575878882295,0
1,2.182674903071532,1.2482043413509414,-0.3539676378874304,0.4915896765987386,-0.6596131091775094,1
1,1.5486301366513175,0.5639682725795119,0.46197699186362096,-1.76189354629176,0.6120139227401307,0
0,1.5758340512054276,-0.365771419522051,0.4342832501386858,-1.1121286289896701,0.6750834180240459,0
1,1.2895492260883077,2.2711617803771147,-1.3304701931955158,-0.4869453324258589,-0.5551726069175522,1
0,0.6015064332268489,-1.460683849721721,-0.1104919228656293,1.3261790864212204,0.7548638449476005,0
0,0.4571623418890797,-0.4898175149324149,2.3803295760667447,2.3677818358483993,-1.4269745035346877,0
1,1.1801035451811654,1.8977417671129355,-0.9222668894186307,0.004842955814168099,-0.17112318713033114,1
1,1.3453358395913964,0.9788443282708035,0.6251575772841539,0.045544981939822475,-1.3536721937461886,1
1,2.210859188487619,0.9329418936968448,-1.1543825626278084,-2.44336525439281,-1.1318584107923564,1
0,0.08687273256254473,1.2194437011645165,-0.9326891751387228,0.9044623635601842,-1.365663180886246,1
1,1.8028430360363636,1.6270324360463142,-1.41428773710583,0.44964395337054036,-0.6557292606366588,1
0,-0.9815804122226144,0.5605814466191855,0.9410709738299552,0.28313582888601285,0.6197511205708484,0
1,1.993599193097261,1.6968018307245314,-0.871387608629096,-1.2462132358636109,-0.07836162353123335,1
1,1.7723781064495407,1.4970184349592668,1.2674941456650997,1.9798879628191401,-0.5839071659392904,1
0,-0.0383460135846921,0.7584149459832741,-0.5313201294400655,1.5205429390335607,-0.17350536466226935,1
1,1.8165351178354459,2.5432079626803716,0.12799926095257327,0.2943536514999156,-2.0562932685794024,1
0,-0.24553062427454977,-1.0101101547663869,0.4113808269688882,0.9919947561905094,0.57181518743103,0
1,1.2448584976699157,1.3788095862877718,-1.6168763229347647,0.05110995695838059,-2.2476344870058185,1
1,1.454868681016534,1.3740807509609432,0.20364925026007388,0.8210770557798365,-0.7072389616198794,1
1,1.3214780930090215,1.1424336588126511,0.34989778418688555,-1.307251807772562,-0.07887707754199803,0
0,1.3083177366259202,0.5886363776840629,1.140016987305268,-2.27370925461957,0.4455416058741618,0
0,0.5471224373061537,0.15413260951143437,-0.9595033893998389,-1.2694915216552152,0.23898596631036967,0
1,1.0189186456169796,2.555283718665667,-0.8170218474664793,-0.8064825913760211,-0.04949523308383618,1
1,2.8217776013565055,2.0601598455776613,0.6595479624499588,-0.6435625337709185,1.457489268184209,1
1,1.3402860331382125,2.2188214626732936,1.4123919752164193,0.44811278378512026,2.014855670843986,0
0,0.017673220478570714,-0.7194985319917404,-0.5925025059941333,-0.25733829891542803,0.007054858331112895,0
0,0.538450316958792,-0.48365155441023167,-1.2352036558529162,-0.02866417635496403,-0.1000857456007463,0
1,0.4180068736614311,0.9657851270781359,-0.31672813248486364,-1.1846097866809469,-0.15972826360453118,0
1,1.4577844918354188,2.1938712813502694,-1.0133230076326558,-1.2711660486967573,-0.6108706109926766,1
0,-0.34400031058030056,-0.5803057716790851,0.3977810993531105,0.041103373634314384,0.3758576703710533,0
0,0.12304804772648088,-0.5627606095264571,-1.0798347766103733,-0.5421050385119961,1.271542490268973,0
0,0.22202980995926555,-0.6728132504403334,0.9729047110032774,0.004565378070281253,-2.4901790741159577,0
0,-0.04635561919941087,1.6518163313272518,0.21261669331475416,0.5443993651855247,-0.16966126558311467,0
0,-0.07418837890739274,-0.08533914579967429,1.004099941609387,1.639486121755516,1.4885944205390107,0
0,0.639078823581267,0.3179328099354385,-2.4233086184977957,-0.02045217558523505,0.39316630649072737,1
0,0.18089155820042288,-0.6843703907971214,-1.7581507104687844,1.8133439002663554,0.4137950097922092,1
1,1.624855006031166,1.975555039951987,1.2926726244807154,0.4062748242109769,-1.6009106870381755,1
1,1.6887223548760837,0.3358000248545079,-0.7195209810452088,0.6895033113749636,0.7021270452539151,1
1,2.701533398518131,0.8125983528797338,-1.4663827518899015,1.0530851019348697,1.0091276437920231,1
0,0.10360438619046361,-0.4388243396831999,-0.20269840655254676,0.7197465791446734,0.19993677081455108,0
0,-0.3086691029794231,0.13132292310496438,0.2423457471307213,-0.8017068218587585,-0.6555502909388466,0
0,-1.1453994531666354,-0.4758493884523156,-0.15801451942388756,1.083055041102606,0.44281949494506445,0
0,-0.8603624244209722,0.9143988606574004,0.4680141464928111,-0.37408259220567214,-1.0378541148945677,0
0,-0.28021553704785657,0.3019339226558547,0.3325001860499837,0.3016887196724364,-1.170194248051564,0
1,1.5349738936275115,0.9862379443494299,0.2801513434293208,0.13285120863450234,0.8021339902839015,0
1,1.2666271242338567,1.9985702462411004,1.3483709881778494,1.144096365660758,1.0958135934676996,1
1,1.8106863862274856,1.1640292572361652,-0.014180326612473778,0.3930668835292592,-0.7426214784111974,1
0,-0.34110482670498504,-0.3542619823440675,-0.04358025252462945,-1.386160505491837,-1.1653301588971359,0
0,-0.5486935620812581,0.5374893884971765,0.8028114894682905,2.0916567580639165,-0.8778454584154152,0
0,0.3675863012144477,-1.4716947455329186,0.5526597077064541,0.8349338518661719,0.19764979493375814,0
0,0.8216366981268078,0.44089024003722543,-0.9028582425987935,-0.550492605513347,-1.1642013919832157,1
1,0.9356994413520714,0.9721431234718048,-0.0921137470854294,-1.1372991929197733,1.283834070996152,0
0,0.14622951822468708,-0.42876438219142304,0.438229098346194,0.9492694475501682,-0.46490023189730306,0
1,0.45699720510770936,2.574882160953633,-0.5868281402353219,-1.0190663130808542,0.36629162394373876,1
0,-0.8847228784362956,-0.3187276630618857,-0.5391754559945072,0.8007168725158266,-0.7431996112853362,0
1,1.2467405032136964,1.9735487796574347,-1.3914584985488208,1.069082858026941,0.5840234374958748,1
1,2.280946259426316,1.567546837499014,-2.8827793629863554,-0.6497676564097948,0.6658858426194294,1
0,-0.46722361782328475,0.22979461520974387,-0.37407864171506694,-0.7389867974527627,-1.6778093731766779,0
1,1.1103397151406704,1.2496746453037508,0.1272857978038916,-0.47021738578216793,-0.6796632995792319,1
0,0.021652369136669833,-0.1816293014057388,-1.0954141871348322,-0.9888801250587383,-0.15662148303626677,0
1,1.6222501666899105,2.3167930340971354,1.3778721449510973,0.2295685571929897,-0.5251731329964465,1
1,1.1289211163471982,1.9582760418729392,-1.0467001743963766,0.3722792915017174,0.8715804765519837,1
1,2.791732940357943,1.1001914248393707,0.9125305572860902,0.7274921359734977,-0.5971933569410554,1
1,1.4407819761307763,0.7724743155863429,0.4186700383823918,-0.8333240926960658,0.7148510511616506,0
0,0.06815098945084794,-0.35068424002839904,2.176335392057385,0.8399593687415166,0.4846635070012634,0
1,1.358932277373735,1.988897162030471,0.5398393227570869,-0.9876760491894904,-0.1079440259005529,1
1,1.8639829372907077,2.1072150647998447,-1.4462760641144343,0.8393923282152678,0.7563496992187383,1
0,0.7409745358224701,0.3329661612095589,1.054366605749951,-1.4866593495780485,-1.5379279063131959,0
0,0.9981982181727436,-0.9700625587250503,1.6975818349647305,1.5677399140235018,-0.061692183304016414,0
1,1.142640594841672,1.8522674483172281,-1.7722122694087714,-0.5215164401138744,-0.7742344462222394,1
0,0.6604771057807274,0.782146922161742,0.6391289077824008,0.599088860221722,-0.10691632985209895,0
0,0.3298084917306108,0.10413392740682226,0.8603148480810332,0.6784615001465273,-0.46940608407740564,0
1,2.1847219656760464,2.587881833361,-0.21282818004713097,-1.2695343173570126,0.059984328591661404,1
1,1.5448724363843216,0.6074176064546654,-2.421954661537225,0.8351331642598651,0.00948639351363248,1
0,-0.11222446396930831,0.410884512268185,-0.2959578904884265,-0.5507479292311002,0.1387543287238476,0
0,0.5614287874283961,-0.6121328150777999,-0.5810692145823946,-0.3060736203509853,0.17838394055982887,0
0,0.5728155036337722,0.6351251450782496,1.5297758630635638,-0.67022226052613,0.5733606243723312,0
1,2.5394323383171318,1.7677165134446167,-0.0885912930181997,1.6137935731152362,-1.2587309469687764,1
0,0.11912853327029359,1.0808134900576372,-0.41231116673332896,-1.1699747507916314,0.5093653016081531,0
0,-0.06414877658085416,0.2998251544249343,-0.5865124689644753,0.43028778059712375,-1.5126343157750515,0
1,0.1240878520034776,1.1575963891637533,0.3257476167915652,-0.623661222479622,-2.794363336755826,0
1,0.6332436772027995,1.1053578725473836,0.05686819249813196,1.0910721460157102,1.9724629783322418,0
1,1.3634490368899643,1.2498936553923436,-0.7899449274696445,2.321354456270851,-0.9388394384872207,1
0,-0.6606353587477292,-0.3064344247355112,0.264020624355621,-0.6303452609011876,-0.44803874961196066,0
1,2.088478339259948,2.2082653825083716,-0.5572549334824026,0.1400588079125574,-1.8637302448779682,1
0,-0.7860125769473723,0.7653829660570335,-2.592259783705173,-0.38520225590422824,-0.4544549275369902,0
0,-0.30078259701017274,-0.8979404669654104,0.6680229032992873,1.0380711875078605,0.2067955032632502,0
1,1.322784104116907,1.423016085849588,0.5731841012521988,-0.2487017751915257,0.24277835461749805,0
1,2.3228458500396676,1.4374949100800873,0.1997391261772232,0.9055223863941328,-1.2067795520617677,1
0,-0.36494324941178646,-0.4687771690803883,-0.4424677225915938,-0.3977309278360911,-0.4436508277136059,0
1,1.871447270828793,1.662949995244306,-0.07206016506412331,2.243737498763577,0.3687555584814641,1
0,0.11742367651363007,0.8765105026968016,0.819282647401717,-2.191524194674069,0.23854873729028592,0
0,0.5419730912683677,0.5350853903719597,-0.6318116615997146,0.3768656014710046,0.12825465673629347,0
0,0.5101290312698882,0.8082410333652023,0.859645814648972,-0.010541350117269666,0.7604265793567134,0
0,-0.020064067721726548,-0.4310807085213957,-1.474847641512767,-0.04673476863889921,-0.10899011679687047,0
1,0.582223292435692,1.421904663660001,0.16816260394714022,0.2853942255355381,1.3922488385276122,0
1,1.4609554680126224,0.9406113924403126,0.025757450038373535,0.05843392757986531,-0.29314687860459276,1
1,1.5880266132807084,1.5436580423483397,1.0026849877704216,0.21903846862500906,0.6945184363459446,0
0,0.1716055398916668,0.19767054546434842,-0.9189294294009274,0.40810052405744957,0.7301197128449686,0
0,-0.4425330871324861,0.5759028032405441,-0.8098101480985058,1.7489810214783075,-1.6391525428184939,1
0,0.6845406710451678,0.7880951123081738,-1.394494323059943,-2.76557977156428,0.4409043785512783,0
1,1.6081716509889956,1.8133862983674571,-0.566734456175991,1.8470795844020615,-0.640139385409656,1
0,-0.5522984086872754,-0.5161019177045286,0.25541797148428574,2.5597980183516187,-1.0088500871529196,0
0,-0.27493670324500813,-0.8113036285945308,-1.7978434432742112,-1.7510793841466312,-0.4244269665983972,0
1,2.757125592380098,1.7120120184231982,-0.44291250973272467,0.04785639769902546,0.1616883492495851,1
1,1.998626735767899,2.3003126653167274,0.6107903529668718,1.371292602793466,-1.5648976062947773,1
0,0.6290739333386423,-0.014875126240945453,-0.10287939069006907,0.9185332376937051,0.026883640735800445,0
0,-0.6249521818280485,-0.9164361372798113,0.07520552905547154,1.6762095206754468,-0.21757697095793394,0
1,1.1867021846897197,2.6508535740248087,-1.5060991811596642,0.3719433061118648,1.0381780977072057,1
0,-0.4088533835287469,0.2936427300968667,-0.10004559013353101,-2.0327933479913662,-0.633541359554342,0
0,0.11063624255317317,0.10268490962947621,0.02868553576688976,1.3046294787531767,1.1898225060437562,0
1,1.4955989013486646,0.6992173093961737,-0.1637300052472913,0.6354757019824986,0.38679885187007146,1
0,-0.2936966467542124,0.009729733737271542,0.15280179391747475,1.4663435370563422,-0.033491411060528956,0
0,-0.21844175550207243,0.4121304973173318,-0.30912545238327666,-1.5339899981492113,1.2736614784065678,0
0,-0.4764211120050418,0.30181243233212823,-0.4560374358920444,-1.2159896794849383,1.9225329668144124,0
0,-0.10790357214084609,-0.4079322768914596,-1.0397708615336136,0.01645625671780337,-0.21054873373498734,0
0,0.6679293503002485,-0.03423916977449961,0.9744616139484148,1.3330939742252732,-0.7400870958821647,0
0,-0.9078836109298524,-0.3696040212220594,-1.2266583460791631,1.6115891539161233,0.42898456721177325,0
0,0.20788766018113805,0.9984969497378358,0.15794700027741299,-0.7257459774131751,-1.4230328179294798,0
0,0.8280556169277741,0.5369243871816676,1.813197074671605,-0.40643869998758053,-1.3010291722980298,0
1,1.4900877408606599,1.085399078840215,1.1014350285902976,2.871961031599394,1.3068727767724948,1
1,1.2826743825124625,0.6989182046869783,0.5093647376937733,-0.5527792973963991,0.5718600587562013,0
0,0.5545388915703533,0.16668904933875683,0.24974216556611886,0.675347582781173,-0.8581685799216043,0
0,-0.5905331261213062,-0.29569043383036675,-0.12777124825616512,-0.45184349783410177,3.135047299398569,0
1,1.5863850820367615,1.1490160017784365,-0.9013495210163825,0.47475942619087874,-1.382134240453632,1
1,0.9760935397685638,0.7188715198637344,-0.2538313729583662,-0.866333140717301,0.6197229173057546,0
1,0.47793941798543216,0.7931547652869546,0.5748756443304629,-0.8378358170424968,-0.7964989533479263,0
0,-0.09119055887687715,0.09760209153631481,0.38971494781487126,-0.37078296596603777,1.7810704061064717,0
0,-0.7580370379601901,-0.16012706870521382,0.7887224933035469,-0.5452172949831905,-0.5309282340943642,0
0,-0.007002307997501105,1.4979086316124164,1.2196718650445633,-0.30411668871730707,-0.28461295204133613,0
1,2.269017774628424,1.7565520596006876,-0.15845717287825958,0.5258514263370587,-1.8087571896483263,1
0,1.112553244007774,-0.691017108847208,0.1918514853321646,1.8903784667171257,2.0826458202783833,0
0,0.05611757036592505,-0.921381745810268,-1.8990713631272962,-0.5905050414579991,-0.6179501746573605,0
0,0.6115294991853596,0.23890283319485997,2.2561977750354685,-0.9884658546681356,0.4801883811410397,0
0,0.23937759006397996,-0.2381202568362101,-0.41384891019572684,0.009509267848892453,0.004725499098662273,0
0,-0.22986816832503532,0.7988849697027932,0.6516925270120723,-0.8513464605518729,-0.5514564537713431,0
0,-1.1548658123585367,0.1691183030759637,-0.41452723892661014,-1.6351332892186174,-2.2276937318157373,0
0,0.9758953962492714,-1.1895121858166,-0.4377453640626053,1.0642660290205803,-0.22830294346107644,0
1,0.9705386864313265,0.7883454209494809,-0.23700191496421147,0.08050633854010598,-0.27168414337059815,1
1,2.4296625468506616,0.9948307663957227,-1.2451186700974364,0.1784934463522846,0.31876787025181125,1
0,0.3220845775573506,0.26522216302094326,-2.480212646832914,-1.9271642193771104,2.145468240762551,0
1,1.0143923288515846,0.7683485420907523,1.1596900696096821,-0.5847622342594385,0.6444931124180482,0
1,1.787199017091372,1.4916905563751457,0.5457025570003714,-1.4158767682264246,0.8598614647227417,0
0,1.2797466367711978,-0.8016898927274482,-0.9158548582152976,-0.020469897152624667,-0.3051714714824834,0
0,0.9213915485182627,0.0037112513870721127,0.4519104555156161,0.13432491889316475,-1.3132739004885319,0
0,-0.3076278336806692,0.22201559066892806,0.8239339969889763,0.13359928273507074,-0.2792648812916172,0
0,-0.42718845491080926,0.8769061904147761,-0.6930202827230592,-0.6669459447102402,-0.7344868445422792,0
0,0.06012482238964316,0.1473452541630997,0.41184795661957,-0.852970680248009,-0.0500708693057082,0
0,-0.09930823738190192,-0.4900409545504697,1.0068032855870497,-0.19321638082632733,-0.4941674188159341,0
0,0.719842431385638,0.8958030521748951,-1.4383523333167447,0.35701241615198714,-1.6776945401915793,1
0,0.4437534818530826,-0.10990682172467907,0.5334111836304102,-0.5792146315929179,1.2669787702198902,0
0,-1.0153449609170533,0.4641400608608679,0.36438716921505027,-0.9374064624288937,-0.1407871493466633,0
0,0.2752051532543469,-0.3677374627020868,1.8804506695672645,-0.8947127203898737,-0.33003656339527665,0
1,1.4925454234795792,1.4544669559354482,0.5570352537429915,-0.6584293005811482,-1.1047796197633168,1
0,0.02226488161683993,-0.48076076074676705,-0.41088094943324777,-0.4526494140360834,-0.47540093807365247,0
0,0.14936580855639536,0.19335597320952533,-0.29518898935210347,-1.0981813360627504,-0.8633075162803767,0
0,0.7192374031659611,0.48229685709817055,2.0233936825385697,-0.44551105310858874,-1.1939906100393054,0
1,2.1866757781276127,1.103120434685268,-0.3548505084179703,1.2361342361458796,0.16272179081204335,1
1,1.1501543555876228,1.0693952483679954,0.5861461348536832,-0.29450624342980347,-0.46882180274704893,0
0,-0.035167180613801655,0.21409093107837726,-0.23838055113140877,-1.2388497180684712,0.7486022667358476,0
0,-0.26911283571432704,-0.4950095819878733,1.0812620096209595,-2.2584933855379985,-0.36035748643425697,0
0,-1.0091075813439587,-0.9107662124012909,1.1306700628835438,1.8363867172247434,0.11478862522331928,0
0,-0.06562230456065418,0.21191785104074143,-0.022667769335268304,1.1393199040219957,0.08628609133009238,0
1,2.7068526565354576,1.3353816940280394,-0.40676118290816987,0.2846046563865596,0.3848116895798339,1
0,-1.0272260362498482,-0.07731563486434713,-0.4306080549201393,1.1627032295532143,-0.8411604896516655,0
1,1.5855629238039597,1.7126422487487436,-1.7272601812410788,0.5275957230510953,0.8991168494954389,1
0,-0.03368288724580513,0.39645021145824694,0.10055893245897515,-0.07567017830740859,-1.1800052846317157,0
0,0.17264128305859192,-0.09660113495231926,0.08039625575967736,-1.2401883873865986,0.042436106818601195,0
1,1.0223650255636418,0.7263983568260286,-0.8161319461637326,1.908633522232747,-1.2049256700420214,1
0,-0.8550663544799723,-0.3831520819026875,-1.8348111270047702,-0.437041059432885,-0.1207281443787536,0
1,0.7728414059232245,1.7509783582792335,0.20628549597983556,-0.3823901385206911,0.8908413522220576,0
0,0.7985602549988872,0.08184159806698908,0.3326230077137125,0.03745678441559858,0.5554790742815555,0
1,1.010388415382886,1.070144380545512,0.39464524001217866,0.054621353594110814,1.0585564984772842,0
0,-0.29973731499190376,-0.4706318915010742,-0.9899384601871197,0.5747070145813314,-0.3032251000341356,0
0,1.2627795591677844,0.3706936861535562,0.39677308543097434,0.45958755985843824,0.9089250363335635,0
1,1.1594466059341264,1.2670085566627667,-0.17858251074282644,-0.5768636494896542,-0.6922260213273973,1
0,0.20543975877055562,0.45163006726328175,0.8644879032961217,0.025886676758790243,-0.4584451667057284,0
0,0.6382870059753041,0.5276014784631367,-0.97482097689068,0.5430784410136457,0.13003413856198953,0
1,2.209432112187546,1.2122961498288891,1.1502032120913313,-0.6619908235482892,0.8500002180049291,0
0,-0.7989458142262084,0.5697884909016591,1.5099863821231867,1.4466548582741872,-0.5473418442113085,0
1,1.171988531379101,1.48304585267716,0.11607870051691144,-0.020251931482286326,0.6951375424385737,0
0,0.18141838575119107,0.16065494255042387,0.4036740100218023,1.598475802661482,0.2311874353975551,0
0,1.1574104744299754,-1.3132494570671742,0.7838925725490965,-1.392135580074434,0.33687993738864597,0
0,-0.45690639518471726,-0.5825527789940728,-1.0257020522944749,0.6546289041655443,-0.8546280990864455,0
0,-0.2961677904666462,-0.5500166183264641,-0.48626468279115204,-0.8903696639460954,-0.3847075668532318,0
1,1.8517446528406027,1.2088071665578581,0.18422452215326035,-0.6344716096592123,-0.09363309974753548,1
0,0.37179493640902594,0.06861060459226674,2.026894516365921,0.9048511195410772,0.3374978297284269,0
0,0.4081524025816421,0.09315019502458433,-1.1961062966152547,-0.228477259607651,-0.8074115180566029,0
0,-0.5078135189008801,0.1714481680747514,1.6377245549918655,2.597411841432606,-1.2919766024064785,0
0,-0.31922888216064327,-0.4109667547597025,-0.1932263825994988,0.5180278856478975,-2.132768945620934,0
0,0.12930071988118114,0.4148177782649029,-0.03443698136413295,-0.6957756819320363,0.7458110910790657,0
1,2.357386787576969,2.4855730661309545,1.2180443521824065,0.5198006759887073,0.944089436006539,1
1,1.4569095507289438,1.1880050675305238,2.0214494817414748,-0.2371999826998396,-2.009684287776898,1
1,1.5866188599497084,1.001799099539811,0.42284579164075303,0.8320511721774977,0.07567080673955255,1
0,-0.6155570622836457,-0.4111990943465238,1.1647469863827606,-0.29618668165452317,-0.37713388865960384,0
0,1.1179360991353455,0.051280695918295045,-0.9203076446654892,0.40667654278738785,1.217030567857355,1
0,0.09255776828502589,-0.31545786576780244,-0.5294682949528937,0.19843244306844532,-0.21026417707796002,0
1,2.246652867734045,0.3618029521500741,-1.3524476485539856,0.07842883103897871,0.5455110944703851,1
0,0.017938324840560342,-0.8740511234710031,-0.5155880845857873,1.0417982592808506,-0.4252371796738381,0
0,0.05116023914604726,0.6121140836804666,0.5652347921020231,-1.803252543917996,-0.6870944266987531,0
0,-0.9001853345112364,0.7690764240740251,0.21214545954977865,0.09751054913350883,0.7672361245669762,0
1,0.30954287818446,2.3599337527747846,1.7271027062280433,-0.7011741582595883,1.0783611856440898,0
1,2.3511431271015755,1.535782663267626,2.0547110355810014,-1.3486509136927096,-1.2689153064109429,0
1,1.6468349285574522,0.805456695227713,-0.1365044153256686,-0.8378074990483966,1.142441707468284,0
0,0.12385687379197093,-0.2628096894943092,-0.6796844101210254,-0.619753911497243,-0.9747939730976145,0
1,0.8505677486797537,0.505167419012091,1.1600358993963054,-0.23533731513568343,-2.3320612075048714,1
0,-0.5418385066761742,-0.9179351937251845,1.2642236397586115,0.33732934958577165,0.010818332658754704,0
0,0.6373812006809908,0.15315762633763605,0.4412481317859137,0.5422932632892441,0.5071705307276753,0
0,1.044086262504862,0.32340692964421097,0.7055610621486665,-0.40906825563121346,-1.5157309662263077,0
0,-0.37276440826353113,1.1750241334357459,0.5491526948711534,1.5846233049551317,-1.9827654672661084,1
0,0.40288997301783336,-0.04985614571159763,-0.9887566896626693,-0.37133002426583755,-0.4947918824956844,0
0,0.11401495960896305,-0.8147008864833608,-1.2185715913640798,-1.9464565936817615,-0.628562589493361,0
0,-0.07231736404663537,-0.07315223025301938,-0.050901898894545515,-0.3445913651921112,1.3696162910153309,0
1,2.711175412106992,1.2305244805319593,-0.20091544521264754,0.047160342802145976,0.01209230462525161,1
1,1.3280790123863488,1.105260993920932,0.2769438068457563,-3.272966546904802,0.7345444689192646,0
1,2.3444275822104914,1.6062497404849247,-0.13122482734604224,1.2073359151298535,0.20969029743500628,1
0,0.2288539902252292,-0.7286835174636166,-1.703264700880888,-0.0990766655161836,1.5686937891865305,0
0,-0.010133593418891395,0.0784328596955769,-2.112193250748729,-1.1523958369253173,-0.8916983284629447,0
1,2.423210303819847,1.7909379594316872,0.7374304163690243,-0.9601295066196637,-0.08795347553467657,1
0,0.17408069905381673,0.8518426621391778,-0.6627904683534325,0.7617249993890395,-1.5690705878222746,1
0,-0.057856517947368465,0.1862255094215634,-0.23212440532931392,0.8839211784580087,0.8113950302828031,0
0,0.8276653037892198,0.6258722703115661,-0.5579746497377989,-0.6487659666240293,1.1140234141375804,0
1,2.349557352263135,1.133662375816343,-0.9130491022651758,-1.3552916177315215,0.8727735566881824,1
0,0.7211779926923253,-0.18257416444753524,-0.9398518487633353,0.13088054112845357,-0.12468105648724886,0
1,-0.7326826049717985,2.208708224729385,1.0198363734685407,0.314409763306656,-1.4894374313941299,0
0,0.26410597544304637,-0.8229506549782895,-0.23915031851215263,0.5652693293574893,-0.08640022728226712,0
0,0.12727031584198184,-0.2418841813473561,0.6347642959326398,-0.563127356952415,-0.677715853176493,0
0,-0.02091795245129152,0.6770677840355795,0.7690849056507968,-0.12209885745049728,0.9226530001574201,0
0,0.36586778038360707,-0.12666702885150644,0.31656414600726424,0.020142784872507553,-0.42671303208485634,0
0,0.15633412350271672,-0.17136121912275246,0.8020434760763433,0.9668118028850737,-0.44805865899297603,0
0,0.40668445039630885,-0.1591992699399073,0.014309186619549868,1.329303616394698,2.1739833160311224,0
0,-0.16077708465299564,0.07029106490834726,1.3638153884891353,1.6006904966839457,0.7993199408060777,0
0,0.8989083781058955,0.6516503051515445,0.8234164029758364,1.3024805154462358,1.0759351258007948,0
1,2.0673665150636955,1.9545389109939282,0.9564431925657512,1.8134611742695843,-0.5121059290746537,1
0,0.3255159543089041,0.0068743448993765464,-0.93851767178087,1.0131610731155947,-1.1003596638488344,1
0,0.2962231402241182,0.6554331404944774,0.2632437869049264,-0.5893528817867505,1.066796761884454,0
0,0.6943687844961383,0.2050757779978417,-1.8350231302025264,1.5335085844466625,1.4921027661452346,1
0,0.6130126721612936,0.5154721006924988,1.401022939883155,-1.3764204480655182,-1.2864928438114054,0
0,-0.06766323212777266,-0.6170216844557989,-0.6233268130365852,2.3644648274757833,-0.5174905882467955,0
1,2.1941862284939777,2.443131640059838,-0.48470199686700755,-0.9752353352129544,-0.9142577858690866,1
0,0.10443134402522672,0.13212783248725707,-1.367363064264467,0.88764809876355,0.4814170221595266,0
1,2.750156074900197,-0.2489856083906885,-0.036271654493873144,1.4442537908376254,1.0863454557112733,1
0,0.6586366866281793,0.9957163040816137,-0.2682522122632316,0.4592899421577536,-0.36830804063514416,0
0,-0.37536559113701606,0.0030329587263972944,1.82269766633683,-2.0503515241559738,-0.3712051469519763,0
1,2.9984264136701597,1.162703623309164,0.859235386966303,-0.9479439312255203,-1.956742699561663,1
0,-1.2612239015938975,-0.3634098391123195,-0.5146511130489596,0.3568135769333382,-0.9542418100876122,0
0,0.3824128444014253,0.2637011211206211,-1.6662329521125243,0.6356208617362945,1.507314402100828,0
0,-0.41774839766717153,-0.5330333513623735,-2.283670512244,-0.17879161058735257,0.49266167592266336,0
1,2.729308176203812,1.0538561223975607,-1.0262532799485333,0.07433534702004671,0.926289362672654,1
1,1.7516836391771722,1.068273137712987,-1.3312165476206856,-1.4689018889773324,-0.3651617650844593,1
0,-0.4762772790522727,-0.17534822622134236,0.3486134189176889,1.7743523009152888,-0.27306160659922074,0
1,1.44010317266825,1.0908750501608835,-0.14494702596077724,-0.3779336647440183,0.01861762274615475,1
0,-0.42835887519935495,0.5116884789929173,0.01732627604876538,0.7887587264643201,0.3242389343068576,0
0,-0.1834661871420473,0.16263738287861973,-0.9489219084819344,1.4035620807617626,1.376042694220649,0
1,1.4028114304662973,1.63582204300657,0.15203239474032787,-1.155043328198528,-0.6727526564334095,1
0,-0.4506935212206327,0.36636132811037264,-1.4204064808402816,0.12801534682850235,-0.13808768488421688,0
0,0.1620382869495744,-0.055856562099420685,-0.08829990904194783,0.27799173030366864,-0.7932520743844393,0
1,1.8347344980440394,0.7878144025257061,0.8302471629608877,-0.25805062781809435,-1.9681649134181782,1
0,-0.5977838347655803,1.083103487626129,-0.36543278198875334,0.9273551725641114,0.9201394129514977,0
1,0.6050387421736014,1.9565207927776473,0.4436438240682888,-0.6672442819811868,1.7474522357467799,0
0,0.18657387128974298,0.9676962083613504,-1.976864778570544,0.05497757959741011,0.7654603071578668,0
0,0.3191523306717202,0.6207230525768695,-2.0570847969129726,-0.37089488722001834,0.23028920878270573,1
0,0.43813005717674025,-0.27622284231928906,0.327258735596416,2.3255429590788324,1.8534387245911843,0
1,1.9307046289564767,-0.008786762997319508,1.0470190432620197,-0.6627996734468465,0.458877623568816,0
0,0.9436300654421939,-0.7374578553166474,-0.23823397349612635,0.7449459180810061,0.8027481741803055,0
0,0.598240732158758,0.381913228024942,2.1452084222595666,1.7966405570623356,0.1409722339737793,0
1,3.2078969178493457,1.3389512483980996,-1.4433980107454605,-0.9183652600318991,0.29369894419578507,1
1,3.460388318099767,1.148090084650553,-0.6799838084387615,0.09533294917070353,-0.13295200216324116,1
1,0.545138447413172,-0.09733210099080813,0.1400916980509004,-0.9864129290567714,0.832580316232309,0
0,-1.3182831787415072,-0.007876358546568967,0.46437484716863936,-2.012920118513247,-1.0912823979672925,0
0,-0.004434778708028888,-0.6490671301513808,-0.5839027005248212,-0.7850174488543894,0.4192601008571716,0
0,0.3025394579281931,-0.43462954845955326,-1.0592649994288519,-0.5703633272627798,-0.853045328984017,0
1,1.5544689945965666,1.910062458138282,0.6202628652353935,-0.5109283152475421,0.5098601193020602,1
1,2.0221482676346563,0.782514827549594,0.13324065597104803,-0.2996431684052626,2.394126651732966,0
1,1.437854754760975,0.8397864167760847,-0.3446210222082244,0.0061274077202285405,0.6998516623767971,1
0,-0.41637045804847406,0.11134819644607193,0.4988145583812929,-1.1968016109975028,1.1739234450929033,0
0,-0.3257345159106267,0.5234172549679854,-0.13634784988823664,0.35162021582984043,0.9024769221123503,0
0,-0.12010102143852239,-0.24162353724407773,-0.13974218319652795,1.2133321051796981,-2.3257622475558883,0
0,0.5061074064360896,0.8803292430137443,-0.1765769311516916,1.330645221285307,-0.131694184835939,1
0,-0.29204441799949815,-0.7672015067550961,-0.8210577534987169,-0.2601742765672633,0.4478735081180064,0
0,-0.17338122175002316,-0.8724333603650453,-0.9227434819800298,0.8938879021478812,-2.088887559582725,0
1,1.942130106426612,0.47642840102884576,-0.5257023196333621,-0.6810001734941195,-0.28386672623052767,1
1,1.4807221614728863,0.40868974135374114,0.03207097300419535,-0.34336369314556137,-0.07924382280151125,0
1,2.2700263303872337,1.6019293790960696,-1.8712735061590444,0.398524746731374,-1.2315902740856184,1
1,1.0482962606589634,0.8133264083664965,0.9447447015343373,-0.3347120152400107,-0.9696892573939806,0
1,0.9181817461207079,0.5538845816904685,0.018441257477795216,-1.263906314282394,1.33735436371095,0
1,1.7827774204110056,1.6278780170813634,-1.0650895712542021,0.8332551571553347,-3.580829759245863,1
0,0.24257307735887784,0.49436954831443025,1.616595172135364,-0.8286038865173898,0.27146866784251283,0
0,-0.5189756964500477,0.6305150381492393,0.04179232896190782,-0.5199762424297129,1.1635710092509761,0
0,0.8061572407964553,0.5251706788018644,-1.335148828920547,1.0582226891092907,-0.027134381731716565,1
0,1.1549620858621354,-0.5508620796255536,1.5717209138534616,0.5371253071774642,1.408625911208859,0
0,-0.37671252770442937,0.16565457866982317,1.3548681631190385,0.1761111364383658,-0.427377449704143,0
1,2.4923804036387147,1.6981229464354546,-0.9087810089069499,-1.4693073770744172,-0.9050669897149021,1
1,0.1707206967995667,1.1150700529465443,-0.32298011809581906,-1.163300298929548,-0.009435217187990131,0
1,2.245667360030815,1.498851262342829,-0.4575869162633108,0.39732428373046036,-0.3815535502880356,1
1,1.0853423373229496,0.64902906202299,-1.8894687431026647,0.6300317127095115,-0.5718233402244344,1
1,2.185643609183284,1.023439894343479,0.32468750589406287,0.25301936012981874,-0.18046531327800322,1
0,-0.5767655915739993,0.2230723833528497,0.8451454054153468,-0.4737398531624348,-0.7919919209925111,0
1,1.558907479223923,2.3045255926083166,0.6568888131048776,-0.5066053943539274,-0.8378868339255885,1
1,1.1139306420748962,2.0908637679931035,0.03275380021457846,0.21583105698032234,-1.1219869479975029,1
1,1.4716715813307515,1.7965150866405912,0.9421590602876091,-1.2517720934236443,0.4165328769143021,0
0,1.0979544173582667,0.047820023264865695,-1.1353458413499715,0.09168901720188448,-0.998980078446335,1
0,-0.06476267795604368,-0.0451383077851912,1.8182815919130166,-1.3887703261837834,-1.242049136161302,0
1,2.866180974355502,0.5314400276674088,-0.7720821066316832,-1.05262844602764,-1.0737113386196282,1
0,-0.23148753665570176,-0.5013039203337032,-0.6610076491734261,0.17821410112343933,0.2056352041853402,0
0,0.8950588222840812,-0.4817129127562147,-0.5752157624080152,0.5832320122277411,0.6693784758309316,0
0,-0.9754155639076818,0.3448555893243896,-0.6481467148564317,0.34179979976361696,0.751032409753138,0
0,-0.17190543322691468,0.566968662891496,-0.19272405647228807,-1.1145315849202633,0.21430183051565127,0
0,-0.3216659911952145,0.4419440517158773,-0.23144481705556852,-1.8710179111344463,0.5355385635098496,0
1,2.5226233604782853,2.109599862841879,0.12963998463591486,-0.008315239353181809,-0.054788948798121156,1
1,1.7111492716216445,1.4433545309158877,-0.8186971393412404,-1.8993786083087356,0.45559552603020853,0
1,0.347150098211503,0.8102418904436682,0.16660435602016524,0.9444258257855622,0.44021713751035657,0
0,-0.7860777928341374,-0.02995973780955425,-1.0904272938877675,-1.0813352850086795,-0.7296391601112427,0
0,-0.6075973496276403,-0.43490225425948775,0.7324747199858609,2.234189045279947,-1.0756478617767495,0
0,0.5604301764673012,0.39471599505365806,0.7200700827037145,-0.9619916817485656,1.352155359573907,0
0,0.4830044901937654,-0.21545244185843587,-0.00578691043936403,0.4629536067940666,0.12535405243241002,0
0,-0.18023965977667186,-0.0591189703406719,-0.649697121352712,-0.7366075397040562,1.0517895789153069,0
1,1.2708941238294564,1.81617333780265,0.31113331265100924,-0.1681738612502927,-1.0999889728656573,1
1,2.029832944510032,0.9553434262450604,-0.887647162594006,0.18397355063524443,-0.40555470627304446,1
0,-0.6777138554591763,0.5783859514933498,0.03454023133646275,0.8602924530593964,-1.3766276167081997,0
0,0.2746013867702117,-0.8085578111757682,-0.1518152825544264,1.0195152801088379,0.6463279433592124,0
0,0.22351079812213978,0.18393058076329513,2.629908433664263,0.7273191640651129,-0.6144870835641331,0
0,-0.16475375584005886,-0.05453939839356447,-1.2270525159847638,1.0376311549021258,-0.5542784546893407,1
0,0.2386067790274293,0.4964050778543875,-2.667309956727729,-0.6161139906205659,1.9558037196840026,0
0,0.06125661184481063,-0.824624377118391,-0.6375804431057422,0.6487959108387116,0.6662805744575191,0
0,0.29845169685392414,-0.9184746736747267,-1.7155316191435894,-0.34089409733033055,0.6540865407471235,0
0,-0.8004613850880563,0.45002663151668204,-0.7266948609489335,0.986227538220152,-1.2021106687684742,0
1,1.9687011883172212,1.1654467150704875,-1.2976041376391683,0.11557419140884934,-1.8575468021157622,1
0,0.6159607977013634,-0.05448126226092328,-0.9045006625342721,0.6202624986271726,0.9706355659656777,0
0,0.19257085233866691,-0.39584949654548296,-1.0649096590107445,0.2914755820972467,-2.24038059475547,0
0,0.3607295105949,0.547686227896342,0.9629514830972898,0.7603782407367021,-0.5015772072771741,0
0,-0.06595159044585752,0.17952972624602345,-0.04852947734505568,-0.8076522097816712,-0.8116402064666142,0
0,0.5347995397578259,0.14439845283422612,1.0754528031418928,-1.5719144929691675,-0.92514112385806,0
1,1.6391482767879129,0.6982277190950831,0.04048148417039614,0.9889678071505387,-0.4409461934385875,1
1,0.9112352305272339,1.7009033319226412,0.9285899229642176,1.3449943390612946,-1.0557214066363327,1
0,0.4921296929299561,-0.5953277512544876,-0.3021451034372762,-0.11589792536285594,-1.2160098505927912,0
0,-0.9804877485046634,-0.39513181660876473,1.5945520305423257,0.8111008168394519,0.255083063427675,0
0,0.16966784657302986,-0.8192085988710903,0.4709681787827312,-1.6293105786856412,1.0663187768158084,0
0,-0.23053371002818762,-0.09392488475064686,-0.7798211209665434,-0.6215397255720813,-1.736263032537338,0
0,-0.26887544982282713,0.6386839560403861,0.619149601908667,0.08195464095801824,0.195553036379705,0
1,1.7031932499557232,1.536016993497908,0.027098395908505466,-1.73526720763605,0.5414141841817348,0
0,-0.42557291449079654,-0.26509254389790204,-0.20250768212911482,-1.5294881941306515,0.4465129187676119,0
0,0.3073236084766994,0.0654877908607132,0.09602128384811984,0.15795174640749018,-0.2212241215473773,0
0,0.03407797957320123,0.06216838328053026,0.7512497341153255,-0.6056815786376138,-0.597070547823157,0
0,-0.3703763708473188,0.03964121035589538,-2.1175125836644315,-0.3466757609637099,0.7585858017662406,0
1,2.402907742027791,1.5064006581558937,-0.3509404477272536,-0.4063024057842941,0.33529660577184056,1
0,0.12286956617969891,-0.6239966123670159,0.6826707145975639,-1.2835790650547105,-1.894300296929802,0
0,0.3784805600546887,0.06392301601812647,0.24822726502305298,-0.21752283852687393,-0.22106260974226566,0
0,0.849953237696653,-1.0531490215802335,-1.1263809894012873,-0.0137038240508214,0.055488129583459646,0
1,2.4401071214766237,1.745374165042387,-2.367762370508882,-0.5827103538599155,-1.0937242685619224,1
0,0.34787127231371284,-0.6616495151462283,1.7009266667958205,-0.5014753634698689,-0.2434434827895362,0
0,-0.1815949206058826,0.7065586980953498,-0.18708204937629416,-0.2039732731678231,0.4915380188108157,0
0,-0.8578222725223268,-1.4671417581970823,1.5140495087490409,0.819761208419715,-0.8273340145872822,0
0,0.12401442028784762,1.0046549655160284,0.7949627498227136,-0.09446206911744269,0.23298815056498204,0
1,2.2567505894904314,0.41646759393325117,-0.7936135565568602,-1.9263278946397526,-0.9895320048611321,1
0,0.21258889163597114,-0.7199607774822789,-2.5014337890836615,-1.1938568569113148,-1.236680978210255,0
0,-2.0667504298607384,0.17943422276460058,-0.4621494241944494,0.931813972478092,0.6155901036889908,0
0,0.5220372928958803,0.37122899065474807,-0.03724236650221855,-0.6856050209847506,1.1739982512271683,0
0,0.558899492865445,-0.17003125590963047,0.4506600215776027,-0.08848670474526349,-1.183725916557688,0
0,-0.18073331623578817,0.535563631354723,-1.1108786066458753,1.9248910419544663,0.9530256337673733,0
1,2.1930170051521136,0.9220674483463641,0.1780065830526892,0.6318158189181722,-0.013022778567370703,1
0,0.3767792486360258,-0.23981516806922473,0.17764190757982173,-2.148325272498505,-2.2134490042874613,0
0,-0.4113040753692176,-0.18124676548942273,0.9859531662616283,1.4449078526326142,-1.4349466651129994,0
0,0.7627806697306108,-0.32303751490695015,-0.3068070135976479,0.14964671981164007,0.6082649597124894,0
1,0.8395138461363318,0.239492855365266,0.44275939628455846,0.3693003168050253,-1.6239491763403902,0
0,-0.03434680262336127,-0.014800239905096513,0.28843694914343077,0.30417013262215786,-0.6185581442212033,0
0,-0.09420138766325116,-0.06900429222163897,0.8755866731176111,0.9133563118548492,-0.08135705989370412,0
0,-0.4952628913132685,0.6469096582262028,-0.8199104270178882,-0.07974143667062089,0.44801958823593324,0
0,0.182276320589379,-0.7715666494223364,-3.070855988088598,-1.4815684336966684,0.18468138737537923,0
1,2.3862213397438348,1.0163556055581853,-0.23686301052294362,0.32352590094765193,1.5685581340358703,1
0,0.7486451231168327,0.7220947353141272,-0.2309662091167659,-1.381817341281903,-0.8158036180290129,0
0,0.43419852884514937,0.1759733167706113,-1.1575188638821257,1.816588117813624,0.09860348432259042,1
0,-1.0175535041281771,0.3296278116938232,-1.508060709637813,-0.3621409542903751,0.45262076520181943,0
0,-0.8015713805262715,0.2720601740037188,-0.5747009551584255,-0.05174051848082951,0.7124332470319167,0
0,0.09970147185526108,0.2747229884607324,-0.11487723791158005,-0.6760257472648636,1.0512702450715936,0
0,-0.02054102465012467,1.092629996908609,0.09542788731785279,0.3391673628099658,-0.4340684906764507,0
0,-0.29884789649898913,0.054924394788190396,-2.2853055362966956,0.4543654836643228,0.6514825133204347,0
1,2.7431939184728993,0.7931940338943566,-1.7535399818052029,-0.6787027547160935,-0.9258523317427885,1
1,1.6635160919026848,1.7832784917367346,1.1295555205972423,0.45306383119209614,-0.07769688898033172,1
0,0.325447644714491,-0.33993100453626474,-0.18960814352919822,0.06772622180263405,0.5012476382056267,0
1,2.1927363285690675,1.3340378141490254,-0.002433635073523612,-0.09586895448384825,0.9753907653090497,1
1,1.632975069803476,1.6221086010534314,-1.3332566296654016,-0.751537537077052,0.5702241571818317,1
0,1.5546373007474215,-0.4928125891313132,-0.0044036676660210395,2.3143882946328036,0.09054851877291274,1
0,-0.564223381461422,-0.3061768486918608,-0.37567098099223445,1.1827918655439706,-0.07948399016603803,0
0,-0.3636429539364733,0.28550914264224697,-0.6185321511129627,0.7283629841187913,0.5487928739588024,0
0,-0.565695430969504,-0.32918698272544317,-1.4618341703354631,1.1264839301854224,2.189215195204869,0
0,0.9375949718563821,0.5840311895942143,-0.8684871313317467,0.29990843386112664,0.8545902073494607,0
0,0.4812515245311881,-0.591694558717579,1.972017468022275,-0.34933219897751994,0.3815499287135573,0
1,1.2735088523688445,0.806285374153059,-0.3494705830363547,-2.643065205448611,-1.3689701573741389,0
0,-0.5183258249728683,1.1436335194531932,0.7896196190639758,-1.2189867203519418,-0.8444782405282061,0
1,2.4309343003615624,0.4818641350442284,-0.19639779878733077,2.165025493908565,-0.3240763810715368,1
0,0.21701262920331563,-0.01602991739897401,-0.31211602714839903,1.160201084989449,0.9100211007405592,0
0,0.8462507811698028,1.11089030853774,-0.6360026343977543,0.20231866941631382,-0.9367624353245385,1
1,1.5639103895310662,1.3828451312604364,1.345631994269975,-1.5775365213350239,0.6424515873662022,0
0,0.3069211934601597,0.8080624014383991,0.37307189623110804,0.6347756760793756,0.11969889183681089,0
0,0.1801365931464017,0.3914849186430089,-0.7896091052196401,-0.2780442467075762,0.3549311911297169,0
0,-0.3744668006244414,-0.00432113054088088,-0.39411001642771426,0.6979579142753379,-0.21595431029664117,0
1,1.5135135047145947,1.3216128431222753,1.0759070112790377,-1.1119176267886324,-0.596628743936522,1
0,-0.7105820065790067,-1.2715904484856462,-2.8385384124566087,-0.48994916779991704,-0.9737621782240378,0
0,0.29646409423634595,-0.19146699593121735,0.310502220215464,0.8851128738587222,0.6115942486330433,0
0,0.4567492478081159,0.13933110349871644,0.5376014754894227,1.9278125513531286,-0.07672230324027128,0
0,0.5940967200631918,0.13899774581554508,-0.7497464255742916,-0.6584400690494011,-1.0772409171177653,0
0,0.3999269359026034,1.4795152542923375,0.15459430706745944,-0.999612030325955,0.22327995745047596,0
0,-0.07692608190181487,0.16857483968970327,0.5023098649645258,1.0228860541324831,3.42329860740835,0
0,0.9311823870461909,0.3780871924763069,-1.231146494559163,-1.2599185231463192,-0.20147343341787055,0
0,0.5353850926377269,0.6989779004459405,0.8419352030912789,-1.188026372516391,1.6541040891685022,0
0,0.8331277809942629,0.3243007869166749,0.2973401200414749,0.26593554254576357,-2.585282439202456,1
1,2.4707720226822105,1.3483705599579858,-0.15297367391610808,2.085685445649907,-0.27047023460527153,1
0,-0.07535979318413452,-0.048712410323642014,0.10492838852220761,-0.8487863844475944,0.9547876862152577,0
0,0.2327276741359422,-0.21039268934176855,0.7071924028813356,-0.3697559234517329,0.015555359294491356,0
0,0.4647391100984866,0.266526617481948,2.316116461730498,0.11130367991567955,-0.6426320881424548,0
1,0.9105149274793451,1.2978075674120726,0.6099464026719514,-0.4727170120349912,-0.026426816009094363,0
0,-0.6761839034272797,0.3749618343189628,0.8105824888116355,-1.766834510773086,0.9851094422282444,0
0,-0.7795869875970463,-0.6054523861978196,0.1935268306632058,0.8019571735080248,2.1434433910913624,0
0,-0.0648600531119339,0.08810907504518636,1.9016512958324725,0.18632503430303576,1.0655062418595282,0
0,-0.19999023552695874,0.9312403928444214,-1.4659934833742077,0.36686544664686194,-0.5047254927169816,1
0,-0.8614023769771431,-0.1347740984068884,-1.7374018064681662,-0.14170386224722925,-0.2328735725996548,0
0,0.08961493661920655,1.1058009761800662,0.15303272965259063,1.5131752428671448,-0.22543645600793719,0
0,-0.057371350029955366,0.09820286839735717,0.6601421848569691,-0.5045387256452954,-0.8672479081053535,0
0,0.7093441020461957,-0.03390491528760017,-2.574615601511946,-1.077050286411352,-0.15506458912610221,1
1,2.807787447479475,1.4699711013823196,-0.0034356278524263926,1.6637069258801755,-0.2738051753632821,1
1,1.8738702042485396,1.2131460535017282,-0.18048975863830488,-2.198619485110855,-1.200555768443282,1
0,-0.4179783128197411,-1.1883336426638482,0.7441581885099893,-0.15379809542040057,0.8381291285096912,0
1,1.9880346264082414,1.9281049149338905,0.42873554132052766,-0.07550758981835466,0.42092497949123286,1
1,1.6055817539922839,2.7156278983682682,-1.8082218548670042,-0.11455231605054238,-0.6409460025486117,1
1,1.455924847731101,1.6882575620196014,-1.080057241555741,-1.5512118172432197,0.14779955042775086,1
1,1.0830393272921128,1.7247925768138757,-0.8067896720369911,-1.185044964247514,-0.964552045275136,1
0,-0.27853202353320416,-0.1095556113347976,0.7389451359353879,0.9579903682453254,-0.5522507699301451,0
0,-0.10667460676429649,0.6946734592983855,0.3746462320152086,1.3853401972482386,0.6876762252137975,0
0,0.4824578352992691,-0.023562971075864938,-0.6207246820215938,-0.41731016582044506,0.471045852458389,0
0,0.30661534824471975,0.16033205891813798,0.14454723596829458,-0.9306637188267569,-0.513188232821833,0
0,1.0953456857570973,-0.9391298804785341,-1.058006572766603,-1.7847910417017765,0.3114639695055468,0
0,0.40460284430788307,-0.31760512214666925,2.0496387006140204,0.9405697660038137,-0.0743763824968337,0
0,0.25457695473741637,0.22041188890874266,0.5743574006570411,0.9996467960065355,-0.9972625191711864,0
1,1.4162617807164557,1.9443270407503945,0.7861769764427596,-2.810792141051728,-0.1672394839076921,0
1,0.9775222108919737,1.9609638452777025,1.376811034385401,-2.423911792319986,0.43203276414091785,0
0,-0.34193606511188607,-0.9475085491906499,1.0162431932180667,0.13681756422597033,0.3061604046409682,0
0,-0.4199031976571564,-0.886667865148849,0.03152631132155178,0.26618104363804085,-1.6926184541114506,0
0,-1.5365440907590835,0.3504822606331282,-0.18496496523487244,-0.47732778346649357,0.16609771720983763,0
1,0.9948209304554972,0.9519149671971003,1.2882844151786625,-0.03294905356310507,0.025425772460135432,0
1,2.561325856819584,1.9367555636250653,0.026535282286987996,-0.24723907464621278,-1.8982790508538498,1
0,0.22116012777539595,-0.9781009254492109,-0.7490177845103465,0.026428119876508054,-0.808040119208567,0
0,-0.22591431320705785,-0.05904596624006854,1.9666324759021274,-0.9009094803578852,0.49163100799983916,0
0,0.2390878932840125,-0.020542090345869783,-0.9359278844863137,-0.012251567193944162,1.384802623031646,0
1,0.4279572845623756,1.688280258201947,-1.73470507505336,-0.6743668886190956,-1.6405167003069079,1
1,1.7692586298774544,0.7813040023121882,0.992776358936815,-0.7577108821359708,0.9793032858066264,0
0,0.7664953578884899,-1.1800584367952502,-0.7312463906426785,-1.8668926176171166,-1.880372979151028,0
0,-0.07266956825362818,0.10276365692740896,0.4350966841633411,-0.17554098442873473,1.3975178181865833,0
0,-1.063193715749141,0.315858163527287,1.8172108361888384,0.802973566791272,-0.23866644776485238,0
0,-0.24836432086601823,0.6044729775798227,-1.374846455204873,-0.3255848936124145,-0.7147226454822914,0
1,2.367557196989872,1.1848690079695097,-0.04091537369126111,-0.3534831388037694,0.354536685392598,1
1,1.7551777941386015,1.8654089846092683,1.483409223031859,1.2557191335756837,-0.9624968371944728,1
0,-0.8509860568761397,0.2914642649330573,0.6818864233980808,1.0249824044552234,0.5159212109313563,0
0,1.4205775075103224,0.7934430466286017,-0.1798208734459793,1.7345827208169255,-0.12396889989219825,1
0,-0.7522851097470797,-0.03323274962653089,2.389379543657604,2.257085224825523,-3.8100189314397994,0
0,-0.14575474896792875,-1.0379395816764472,-0.09531744233535974,0.05948718029498504,-0.8107132840961544,0
0,-0.6224316003913221,-0.04059580417154836,0.39687452852853167,-1.157167566896646,0.1910967351265857,0
1,0.9783987910518395,1.453070449077627,1.6493544959101472,-0.5211385094370398,1.0664700596361527,0
1,1.3287093305589064,1.7109165454390964,0.9808635713866058,0.5730020511866413,0.33149730467623134,1
0,0.38169009590764647,-0.9196094198043699,1.3217196002224765,1.4401052456172616,1.0505077997820678,0
1,2.374318867131761,1.2127731111152753,-0.8995394968162634,-1.0488626999243966,-0.893963282027645,1
1,1.3682990967805242,1.920862142938769,1.2281747821876101,0.25527823455867654,0.7276454387076714,1
0,-0.6060861325109547,-0.06245127163267987,0.16959209097397038,-0.7928617734766792,0.7444138915949245,0
0,0.2871835899958849,-0.18344062927925114,-0.7457789144434442,-0.14665427555635485,-1.630974667473961,0
0,0.30477814735751246,1.1437958386701,0.22194424343963007,-0.16161340259482332,1.099515469422739,0
1,1.7442258013320704,0.7579974879010688,0.19024628815689923,0.38118617905601926,0.32737254549072276,1
0,0.1654438877440396,0.7398928259905886,1.8680885025232064,2.032325585760414,-0.2814753860444037,0
0,-0.06753986780620895,0.6127498415245141,0.3812957056282018,0.47508827650346686,-0.29868811595330097,0
0,0.058890512733528785,-0.13509987697017747,-0.7808047943841131,-0.429833402121636,-1.0380175343585119,0
0,-0.1089906771741425,-0.01973433184939603,-1.0114276118671959,-0.5948709365698784,0.6308089960015937,0
0,0.6421462362222734,-0.02187523977129827,-0.04739745079128287,-0.19084238790318753,0.3020479688933157,0
1,2.9370757004235264,1.509168653806122,-1.3463657307595698,-0.8716895316885217,0.5829256001796157,1
0,0.10779189102431548,-0.3567248144626728,-0.715355921485603,0.13964884393034407,0.07898816057491308,0
0,-0.003943348782816549,-0.2568889358572018,-0.2441913513310854,-2.4112353803124407,0.20578662479575074,0
1,1.753516819414041,1.1868652814613128,-0.4218853539143755,-0.21119378826985385,-0.29590053560017876,1
0,-0.39475308058997505,-0.1939786203593298,0.7269076023699246,-0.13200865064890271,1.0767943358449517,0
0,0.4589870226628922,-0.18645373833124188,-0.7378276174055538,-1.16065084944086,0.606368285048048,0
0,0.2647058454486772,-1.344494873421643,-2.4699812446369505,-0.38214279017870284,0.1728497923813884,0
0,-0.25228212482561435,0.05858945275767097,-1.68577290933153,1.1199155161717407,-0.1345696154683858,0
0,0.541240091425487,-0.31648066809235953,-0.017818135501191584,1.1920493544366026,-1.7679517511820126,1
1,1.6113938610072325,0.27991334803117995,-0.5868032700067569,-0.5331383847003092,-1.984635206789751,1
0,-0.5820339830846252,-0.21003060894656225,-1.236671731958097,0.5234853351649508,-0.36830133136395954,0
0,0.210962667253776,-0.22857448680443426,1.9584513290893593,-1.49850208970414,1.2686910748780778,0
0,0.14219550203959577,0.7651467162494828,0.8287501213863547,-0.29615865287187165,-0.7048629581650299,0
1,2.176250887666375,1.0764620249423502,-0.05842716014325442,0.23080565848884607,-0.6655386438385337,1
0,0.49892817004490925,0.40067410792409736,0.2332972424992021,1.526927712881154,-0.9723489701925758,0
1,1.534464201622743,2.22968720203143,-0.2651410110069842,1.1928030798003848,-1.290387659076379,1
0,-0.2832521618481183,-0.3768412254129548,-1.2538152446952464,0.20892954641490735,-0.9139924318951596,0
0,0.001046250034679547,-0.02849832591705371,1.030720286390817,-0.9115217398475943,0.27863075849156355,0
0,0.2179853278011937,1.037215064945821,0.8513300811089317,1.3585157080523904,-0.49184068849655677,0
0,0.2902526266590295,0.13738569308954784,-1.9773337830720117,-0.34028821024887346,-0.5372131971926356,1
0,0.1808473248816707,0.22424990524135624,0.22643250211575472,0.44848919074666854,-0.6262695107609163,0
1,1.5455428339169386,1.155647645619003,0.3368322255775625,-0.12252749731264705,0.23699587007708878,1
0,0.5980902120139343,0.41223049825934405,-0.3217312288559426,1.9922421345402366,0.39029744644124964,1
0,-0.404581136455966,-0.023785568211350624,2.0972653386314333,-0.6100437713940914,-1.8690052417732124,0
0,1.4876420712928935,-1.0992617627279169,1.988744666259444,0.9162540285219546,-0.7602550764613061,0
0,0.4578422280922555,-0.21313952038969036,-0.3775079652475363,-0.08640474872365009,-0.08938930555844175,0
0,-0.6764912419020062,-0.7099072741318699,-0.22281921049409484,0.5691045632337152,0.4389100676416293,0
0,0.11113759856184931,0.06734457856352699,-0.3402704314091949,1.6200122179766376,0.1276939105541874,0
0,0.4636101108192788,-0.5501034582353271,-0.6113323730472958,-2.0045727701448266,0.8228554790797047,0
0,-0.2096214633118259,0.2868770794154879,-0.9207605125604467,-0.06538948931023657,-1.411849734743066,0
0,-0.897086428546024,0.026858052560277765,0.5068571116919247,-0.894064893437138,0.41518263741611755,0
0,-0.6234383649593372,-0.7488054021473188,1.9614414367255613,0.44573188436300026,2.051295577604651,0
0,0.3252557666073308,-0.29552286936821004,1.5500818898953135,0.6913306709917493,0.04772108944403222,0
0,-1.0527698835410229,0.3723376209786505,0.7891769949069711,-0.4704770845671754,0.08847393838414437,0
1,0.7303932568923868,2.0887958214883797,-2.407111917968641,-0.5220517613453051,0.5192603920013104,1
0,0.3221008481603556,-0.5414527387643602,-1.8645494833922944,0.20380700619307407,-0.5453368228799925,1
1,1.4664704698919024,0.7415357030353718,1.0641633064952398,-1.2732045260145066,-0.9468521399061706,0
0,-0.41746823376287817,1.1705909641806322,1.6193734479288204,0.3332177481573726,0.05802147991255945,0
0,-0.29683928839352,-0.005860767897004555,0.5537346240227772,-0.8177099775439863,-1.6540076003584447,0
0,-0.8824882877065917,0.05488136119318388,-0.3055803150502574,0.7336482302261743,0.3959670754945215,0
0,0.29067205827296716,-0.4436346330609895,1.3523010093959922,-1.3178808564115458,0.5645259961993991,0
1,1.1160738669895327,1.529132137124232,0.753593771878911,-0.5672683165197465,-1.6038315995502537,0
1,1.2785486892496776,2.4290574059241052,1.1374452807333613,-0.7511372565932182,0.16300463910775903,1
0,0.20807108195230675,0.15261916131415962,-1.8565691072615604,-0.2981580659761964,-0.21647455546301123,0
0,-0.15397652127252986,0.6389779494836064,0.34333991203171665,1.3763400623456294,1.4778781394731153,0
0,-0.4227919857806017,0.01739031392179569,1.7745711471333594,0.8459675069240863,1.309840941920543,0
0,-1.1936630548343572,-0.615481914374366,0.5274484304663648,-0.47968427661200647,0.841618942737327,0
1,1.820455507520689,0.9900579984242037,0.9482447316226585,-0.48055327963284356,1.2106813572918786,0
0,0.04739578056504103,-0.6706813051828974,0.0363729105053298,0.8853134498001476,-0.365223514723824,0
0,-0.31043247461002393,0.13067195015201108,0.1060751222931572,-1.1639569514078847,0.25994496662975747,0
1,0.9775605367198922,2.1343332761900005,1.4025275423738197,0.0223818967662603,-0.25245347690133496,0
1,1.607657487192115,1.496606565290494,-0.6697883485069098,-0.6057633872852263,-0.9971580915520999,1
0,0.2882830563154611,-0.18466909117816038,-0.7676391182597851,-0.1716888078231042,0.08266565514982094,0
0,0.05865532879458238,-0.47378385137242385,-0.4782140247713908,0.8091079212385806,-0.08324455087147636,0
1,2.5828393122952917,1.6132675177071043,0.02344640246961203,-0.6692514572056414,-0.20232142800007216,1
0,0.42286470156301714,-0.7428792316761741,-1.6100889113347416,0.9741480424308058,-0.05924020213451445,0
0,-0.06436985380442485,-0.6804606469578326,0.7310589303796748,2.199586918232011,0.0607996524175828,0
0,0.4429672536579383,0.5400979605843498,-0.1642468860721937,0.6040091670156484,0.8878831138638054,0
1,1.6291973670346471,1.2333589625956414,0.8536892601109091,-0.08408606032672113,-0.5844756620951305,0
1,1.6271156527135926,1.2215274841899901,-2.119069926527292,1.1571351514321546,-1.2796331487140122,1
1,2.3778182783866133,1.2985603902123501,0.8575230264849487,-1.108845395940412,0.6780008595933984,0
0,-0.5388347268843113,0.4355226400475624,1.3368949439531288,1.5210730092884617,0.8565798159908973,0
0,0.013985788832975044,0.09930160381462068,0.43854783400172864,-0.7530667216073403,0.35795312886462943,0
0,0.7138260015897627,-0.445848864999548,0.03001898816790852,2.168094037272958,-1.1387916185352362,1
1,1.7853943349049346,0.9757446698308989,0.8652032993368507,-0.7171206582986868,-0.13148927664338225,1
0,-0.2214317912212669,-0.11706648650822023,1.2714282587409156,0.6617018463312122,0.2850455590019304,0
0,-1.0236958592245018,0.18133184561618498,0.5229265678434162,-1.5595745319854635,-1.0683430989296185,0
1,0.23779183468377463,1.3786940339012457,0.5976411809793231,-0.2132515108292906,-0.7644538207130509,0
0,1.2457087138564489,-0.07469411170385096,1.6569418741662927,-1.0796934338013904,-0.14657430923211154,0
1,1.785107092750487,1.4277701354360846,0.7611569856467785,-1.4415175647382286,1.1829441948530797,0
0,-0.35044388345175725,-0.021734643056509736,-0.8002591327204994,1.2055192086563098,0.22516254003279054,0
1,1.8096741334779045,0.9317702584616367,1.2666419019075918,-1.2275543766201802,-0.5725309642717517,0
0,-0.5686044829820099,0.6642305474032651,-0.12372128983951212,-0.7350725726160291,-0.2016657233381086,0
0,-0.19872076643775963,-0.2893868731151008,0.033283008602781175,-0.8516086798468714,-0.6662752765796073,0
0,-0.5645642357957789,0.07753233041043561,0.106880427423625,1.1396630926022433,-0.4120082432434736,0
0,-0.8479641507387026,-1.2362011476230217,0.9688678676558728,1.0174990287815768,0.7222694279500497,0
0,-1.2629909675027533,-0.12910457283498844,1.7488529076562365,1.270295087126253,-1.9199975339662556,0
0,-0.9585944353373005,-0.6597534980478182,0.024421442112682986,-0.7864631940570649,1.3149445964190023,0
0,0.612772658362476,-0.5874130618195739,1.7312621101124852,1.3496007227670521,2.189182450310242,0
1,1.007870823273981,2.8533115681800694,0.16458831277057775,-0.7949846057170054,0.1625632276639734,1
0,0.3209352670817277,0.14971554037851562,1.4021679437229746,-0.7546879031104419,-0.8310760309340521,0
1,2.1739884339071285,2.135613306829321,0.1984330715341201,-0.6987274449738976,1.1632334249797731,1
1,1.6099478111244747,1.913182149992472,-0.49242365645737324,-0.6623108683043378,0.2779454663400964,1
0,-0.1791403273926424,0.5899457291988388,1.922099067766753,-0.09078690184200924,-0.525963001769867,0
1,1.6798137523165984,1.280557003044141,-0.5878847987803951,-0.838693628599124,-0.9718919747402553,1
0,-0.24997221991446836,0.963841207146918,-0.6548090781688128,0.2314114548020173,-0.4058374033096385,0
0,0.7223455572339782,0.5080123791458957,-1.2560402955443224,-2.6093983913982823,0.19258129910492894,0
0,1.1259203244866955,0.02480097108138182,1.2672675192023608,0.22814590784284786,0.8955062908542979,0
1,2.469887098222573,1.5579737746745654,1.5034472994333248,-1.0896797097806403,0.2841953391803885,1
0,-1.2909379408641406,-0.08203944987749928,0.3731298413534266,-0.6694058937885453,0.45411687326259403,0
0,-0.26221605531606834,0.03134351091982578,-0.9838731360380362,-0.645260882734333,-0.3337418107466408,0
1,1.6024954832686937,1.3738395589479537,-0.0067787857349241665,0.9431722470362822,0.8549285789815325,1
0,0.27783477625352593,0.22892017874189435,-0.3026193510081048,0.5046010665155549,-0.2067211815431774,0
1,0.5636112773787714,2.443984280846278,-1.0304685970840004,-0.16554204000736464,1.8379921268509498,1
1,0.5539338037786208,0.6768715298247586,-0.48889156318608895,-0.7152344043595039,-0.6527755604705101,0
1,2.3840738497752354,2.085412858105284,0.5057356512970363,0.7828778003722918,0.39499447859825043,1
1,1.2645284088341324,1.1790593097732391,-0.6051688271835238,1.7947099964313322,2.1893899571223865,0
1,0.7075561969280608,2.1617978889588834,0.29173388315108983,-0.027994662283321137,1.041954865335437,0
0,-0.6621844846337764,-0.20006721780849557,-1.7763221997413345,-1.5983187443585105,0.7454153437191187,0
1,1.834284785987329,1.6476522059241516,1.6791810577968311,-0.7028960793799832,0.29683156102642727,0
1,1.1064713881219022,1.304693450722782,-0.39141157852714514,0.5592161472169606,0.052834449097362346,1
0,0.14497538531043,-1.0383552740269555,0.8702488839740117,-0.4427130482766581,-0.173866017834624,0
0,-0.5872364176479022,1.0433861257763917,0.18868502143664276,-0.8586946112362667,-0.5618060599641136,0
1,0.553479923569588,0.8343478318868196,0.4024981175535025,-0.9021831140157526,-1.535727588320875,0
0,0.8546280979327945,0.050329716693789286,-1.1319843934767664,0.09167847191834635,0.6406172120376982,0
0,0.2389139467733854,-0.6314530717050444,-0.7605589841867102,-1.5338280268861137,-1.538028872234434,0
0,-0.20025051674286978,-0.8022009908924723,-0.7378534140418211,-0.03465680669531441,0.6513857776256282,0
0,-0.31281703300896563,-0.12296390381347917,0.025347426040775483,0.08846605837702468,-0.3092490460025449,0
1,2.478940221445141,1.0438932427578371,1.326155580504362,-0.4495216797833082,-0.9554731880899217,1
0,0.35491802731723504,-0.7012890127838561,0.4332548398713689,-1.0428611542941548,1.405685254717408,0
1,2.2880878189814555,1.3787404311636886,-0.9003403721157077,1.0184035877791442,-1.4490956112783253,1
1,1.24978439350648,0.5108559661413017,0.08733397526140259,-1.3327802029757725,-0.6661362616313773,0
0,0.030399924107746983,0.07528427904871278,-0.08063383486015689,0.1727311143332796,-0.572652339499168,0
1,1.8413193495979192,1.3236039086015121,-0.35086510089874773,0.7277531455239235,0.14957414511619296,1
0,-0.3300414655883047,-1.4882436207007665,-0.01541652581970793,0.15946234252742575,-0.6126797500916851,0
1,1.5426807345978162,1.0861340581700933,0.7637119213395795,1.231181591416411,1.4617151619714162,1
1,1.24983379607005,1.6810460061360517,-0.7199264184824369,-1.1353958795317847,-1.3712951262380337,1
0,0.2394355185013303,-0.638127530973912,-0.3458910036660085,-0.7909136268125612,4.085417964408369,0
1,0.8071635016896518,1.7070753166614856,0.9821208028928136,-0.4612338404654737,-1.058772677371541,0
0,0.3431820115482348,0.2596075259481468,0.4689627733559996,3.2906968136218167,2.9558696798855624,0
0,0.18642792104574654,-0.6106328561713229,1.279111813615516,0.5078037322214294,1.0930415728717557,0
1,1.478014882895607,1.392630618016409,1.4358497175966412,0.6950165379300794,-0.1102902186024546,0
0,0.2697102873912502,0.49499465000859366,-1.3605411201887156,0.6533496757101898,0.22662961824689917,0
0,-0.2189642782397863,-0.5258533382763093,0.28829778761040126,0.07882023909142415,-0.37876137776576807,0
0,-0.40207844479637206,-0.12348633454877324,-0.5079566275518538,1.0494377529982246,0.3470571146363084,0
0,0.32623569287320686,0.6901434707886848,-1.1987190680186768,-1.8703040480488977,-0.7370117757234095,0
1,1.9522084030926234,0.8854207611444738,-0.7891933840988264,0.2769748156562435,0.7089910589958268,1
0,-0.3043621432854205,0.27549497148127106,-0.300768349222831,0.42821751923618245,0.1819974513374088,0
0,-0.355831375345835,-0.647514664975364,-0.2945206851702115,1.0186486247395001,-0.9895115829689936,0
0,-0.10978409025627393,-0.09657714191700388,-0.6068886882310286,-1.1556818063490835,0.4271469319640171,0
1,1.2687966083115896,1.6680360287443374,-0.01364139511847133,-1.0820881561956743,0.36542132191696836,1
0,0.9150714659293612,-1.4427160739620242,2.4466461978893097,-1.0188786346286738,-0.7171353306004709,0
0,0.18988542851652396,-0.32059384867118007,-1.7252185950132546,0.5223204190509148,-0.42770597505823094,0
0,0.008760140128328943,0.25759915631182684,1.1371769173210577,0.5365847973568653,0.5124858379891765,0
0,-0.5596349842134174,0.1355064655190383,-0.018374313344588094,-0.9498037776171233,1.0907382233697627,0
1,2.0433936682219844,1.0865729692177262,-0.4378788471572448,1.9142763678303174,-0.1422531023780003,1
0,-0.36696293996664914,-0.662749203348702,-2.018210076089549,0.28637144760916866,0.930655232662565,0
0,-0.391648386648624,0.3770789293165479,0.7627633125741856,0.12420583466471904,1.1670612815592762,0
1,2.0635687978459516,1.20655595748691,-1.44096749732598,-0.20762697184267467,1.3032652174509483,1
0,0.23239363259513854,0.3272083209774033,0.8278939044212705,0.93049367452071,0.41698400816092696,0
0,-1.5020685654813344,0.22813388131050455,1.7413308689937548,0.3894942499858439,-0.9017489545542863,0
0,-0.09466245825858548,-0.2684509713410922,-1.2828037635931901,1.8898516351685073,0.8912972485965142,0
0,0.07531177232857202,0.64353704579679,1.1683605849574012,-1.2138995185367534,-0.19139985650785898,0
1,1.396242306531304,1.0434334339783031,0.02543936474713427,-1.5455637826510147,0.5065051408157683,0
1,1.696218199413883,2.1142723844911417,-2.0942046318412886,-0.7400584007265429,-0.6290044201466168,1
1,0.5141871982545936,2.1927755183285185,-1.2048168549475424,0.5533504584370195,-0.600170588212808,1
1,-0.09861235960443504,2.030068804694135,0.17822664263854127,-0.4280908458000504,-0.7013929801400028,0
0,-0.5852809430221625,-0.10833669201977865,0.40118324563296187,1.2710276918001184,-1.324974300031188,0
0,0.16934827306029,1.5282474866207931,-1.5806912555990025,-0.39355806258677906,-0.5867476768092653,1
0,-1.9349737371125342,0.09110667545354613,0.03170509365363808,1.0819083521121302,-1.0329608297133819,0
1,1.0938723596562956,1.5446338873078755,0.8235559603481227,-0.8307614054138976,0.5662661382680847,0
1,0.44634341848036807,1.386763192857135,0.9985755194193057,1.183053008472213,-1.0648785045560514,1
0,-0.14557450351880866,-0.6778598862338054,-0.4128359672657736,1.3691531950855573,-0.6694310323773827,0
1,2.77473955477351,2.177043942430858,0.4384687785565753,-0.5647858919114798,0.003181050922907199,1
1,1.469694403201539,1.0565579422016371,1.0724353864642948,0.4895617157479527,1.8124256031748556,0
1,1.5354982928014793,1.9517666156223878,0.8524559792186709,0.2677149134303731,-0.6921048329286353,1
1,2.1035385644729394,2.095731864991125,0.8914372153291228,0.5167069969459599,-1.3822219757930003,1
0,0.012783934686344115,0.36199282832957225,0.11350661563375239,1.284436864243387,-1.3118595080148452,1
0,-0.1289950621136036,-0.4151815655389823,-0.09451773704258477,0.9732115461255493,-0.860639347804475,0
0,0.5559875544870023,-0.20464695330730934,0.27211357375491674,0.514112769211167,-0.6568317085837776,0
0,0.28313229030708337,-1.6062457084087929,-0.7637687190018663,0.6630523007869453,2.3046050278298096,0
1,1.7731754569398717,1.330119406180043,1.1120949930763728,-1.269268462147388,0.9667446492868786,0
0,-0.08326809154047927,0.4816261126199901,-1.5304045567680902,-0.04091990389957509,-0.3150178416998489,0
0,-0.20763882283623813,-0.14250304744915418,-0.504310311919071,-1.101504024667292,1.8528532635101496,0
0,0.5503025311389973,-0.3540481753543964,-0.036242816692347184,-0.018159460648935654,-0.6125807553544559,0
0,-0.20187757192750375,-0.17864815446569968,0.46967949893652045,1.1168088725865435,-0.41125355277451386,0
0,0.7387517276136077,0.729219582191411,0.6575285150021983,-0.007053915216833327,-0.4712371847372888,0
0,-0.6282878197735694,-0.03261941333607795,1.4889861572958767,-2.505590171102192,1.0268478424700598,0
1,2.4602703727034667,2.5147497058451673,0.07775211380487776,-1.046799873776024,-0.06997338709542852,1
0,0.2832240498530508,-0.3424401029308338,-0.7179858498296258,0.5810881397690314,1.5073259141789879,0
0,-0.5811209538312037,0.13033907107875778,-0.14503673151583202,-0.5391137290820165,0.43400333495432786,0
0,0.30538718073138377,-0.2600411553762163,-0.3193975562100273,0.7838437598577355,0.9089755991002886,0
0,-0.39018173899036795,1.2446918482547937,0.5199334633694417,-1.2072096571908635,-1.8161288705621716,0
1,1.6200568326084854,1.507823186785616,-1.0669989976076355,0.38171859913018735,-1.6991445050535667,1
1,1.3080237177128493,2.6768456823207085,-0.17542972112430152,0.43194332194516927,-1.6662345141516912,1
0,-0.07974729847984705,-0.2520765329413915,1.6226620185250187,0.7899009606236028,-0.4281097728007266,0
1,2.16485847628592,2.316547505513037,0.17985213093467198,-0.655209822500346,-1.5388476043857473,1
1,1.9111069912880119,1.470802023364097,-1.052932795757408,0.7797931882263457,1.240319218855075,1
0,-0.6752192350614471,0.5019933567273582,-0.3397846170427152,1.506559012331088,-0.19918986842034367,0
0,-0.6408578649950631,-0.7318265867454302,-2.2329832775357636,-2.2726943109228057,0.6153415940539022,0
0,0.16246536615920001,0.20904836952558406,-0.0588600833327441,0.051702832735125236,-0.4922714528090055,0
1,1.8059122761374662,0.7585277372055798,1.6476813609402634,-1.8063499885342573,0.8248015610551657,0
0,-0.4046669876322587,0.15425784042301732,-1.1866029673884124,-0.8601959571620368,-1.9650881148287733,0
0,0.9547892897892225,-0.9110340318228918,-1.456046871114051,-0.7785744364619467,-0.04889052843096157,0
1,2.0880969623617576,1.3435501882571435,-0.6532600167504974,-0.06645120202761905,0.5007199310239132,1
1,1.2246541807691236,2.057367222276022,0.9213163403295124,0.3775410380313003,0.585002530990566,0
1,1.1666468105104044,1.7285323273965232,1.704637584196864,0.9049833458226813,-0.31767982452873084,1
1,1.4633120717720518,0.6596299702454693,0.44821215061289027,0.2640213430698537,-1.7109983301357017,0
0,-0.19911264664449582,-1.1390318297022581,-1.2859097211106185,0.6736275587607019,1.01129463153351,0
1,2.3536944962390662,1.6981667482764606,-0.022224872626710527,-1.0784988589646467,-0.3922733891684967,1
0,0.590713783796932,0.9487192772150475,1.7894254820903963,1.056658931100747,-0.3053845101099233,0
0,0.021041708100834288,-0.5783676221221002,-0.31090070188514457,-3.29582265598547,2.2192091252796096,0
1,2.006743336533529,2.6584424469058168,0.1404725051754363,1.526692103749293,0.09660085767877029,1
0,0.4937851358067294,-0.003895972901400253,0.2405596039990614,1.3471999942931958,-0.5189119954096034,1
0,0.03495643695992058,-1.1752161202046196,-1.54586295916699,0.7500540808677586,-0.5788167611946403,0
0,0.2415712076214539,-0.936528214028101,0.9979467126202256,2.2289658575890217,0.6451709023601148,0
0,0.3565125324553691,0.46196948962284745,0.8537617494964594,-1.8038184933086452,-0.8208740145688531,0
0,0.2925634341893304,0.07774082450102068,-1.9935403978529294,0.7794272225200699,0.5117054187736063,0
0,-0.4672822970854747,0.889332579475958,-1.3306516183688983,0.13510613073857286,1.1013428147471844,0
1,1.1933741455923628,0.6811251399810884,-0.9697001251355809,0.24408556598286488,-0.08829560584313512,1
1,1.42684320298837,1.4710968788982677,0.7483492462588748,-1.163569924723602,0.987827379780553,0
0,-0.42399856742813324,0.004056636833013919,-0.7511120701723841,0.39480750375948304,-0.06884303146288782,0
0,-0.8838603435813916,-0.08580871383434517,0.4013510992555993,0.3478233980067629,-0.6874548508666996,0
1,2.0055711765694246,1.1704356628118044,-0.18177499533404423,-0.6895951417801752,-1.664576914054792,1
0,0.20784487612140087,-0.21761962532308846,0.07117175298314064,-0.06869343169296792,0.2751103550115908,0
0,-0.8036199457755276,0.10478749456822467,0.49593542958198783,-1.3145038690412594,0.29608459197220993,0
0,-0.14455002703652187,0.18154861670292943,0.27233412140104685,-0.3953988186396227,0.9813171201818731,0
0,-0.11057149035157635,0.15154371006194606,-0.01897187556716511,0.9608176756315355,0.8849571622043527,0
0,0.10916665710596361,0.7235925053442716,0.3270804293008874,0.9808068223002596,2.06736545554295,0
1,0.9508465308114048,0.6792328926267676,0.2169720771883846,0.7687016233033599,-0.5810310643625541,0
1,0.7876034584033526,0.3129898792971584,-0.20966697129479356,0.9603873461116794,0.35590797531019924,0
0,0.31183469762034605,0.6101790326327183,-0.43123540510627817,0.9734650534787539,-0.6876110346221642,0
0,-0.9203772073611737,-0.5661150245453949,1.8804428180286301,-0.6435467664458439,0.9300647592185539,0
0,-0.13959809583279795,-0.22768549116910655,-0.442704891862611,0.3395467797037416,-0.9269064886179147,0
0,-0.19564631145493622,-0.36725978392966613,1.366994994360372,1.0867797267684622,0.9137077679060698,0
1,1.5260294090639288,1.0198926067449365,-0.6851291466682655,-1.3795624226100138,-0.7365378008626188,1
0,0.1516305727067111,-0.8749584229349546,0.8101745149746348,-1.3853194411097904,0.766512165868086,0
1,2.559142370686844,1.058283447359171,1.7837582299786434,-1.4406491322431623,1.2064654024682453,0
0,-0.9596953203545401,0.3895986673677187,-0.33750648687751095,-1.7855401250816585,-1.5540979290419132,0
0,0.5259489496396494,-0.002358863765985494,-0.66739215574352,-1.0508062403223908,-1.3471935099711267,0
0,-1.5072947436788262,0.3027042771041485,-0.4292296206787462,-0.5254686710603095,0.2349081054964042,0
0,0.836226689290391,-0.2976491984669091,-0.019367634652855552,1.512305516935309,0.12845505122203887,1
1,0.37427839567770604,1.9417075944691577,0.32187133842529425,-0.43747424992977735,-0.29216442058155817,0
1,3.061836782820875,1.0949828747938788,-0.03999718963038264,-1.516370286828129,-0.476260873700176,1
0,-0.23386069768629292,-1.2651343803155364,-0.4199845596014019,0.1661883964965564,-0.8551982675220212,0
0,0.7742298364638209,0.1899742757557783,1.9545418578099718,-0.18896374241662794,0.3310680667647237,0
1,2.2504936140465186,1.860430861417208,-0.20043882545249336,-0.7821319251909578,-0.9644228420076304,1
1,1.338106545217355,1.0644565925484637,-0.6201013771395222,-0.5885631721683493,0.3660996707654986,1
0,-0.21584953091256068,0.7195237604450484,0.8305111675805551,1.0670889297913346,-0.5743797653937089,0
0,-0.5022953778793656,-0.510415312622898,0.8464357994936189,-1.4098846523975785,-0.4226861075207924,0
0,0.4724220998665734,0.40243608772040007,1.41248937690785,-1.6657694887715633,1.2157786907359809,0
0,-0.25408086253108075,1.0468655652942898,1.9278637590493328,0.46683560441584177,0.9544834486678762,0
0,-0.4913901168304405,0.022038590622929892,0.3462720202385652,-0.6139704946027646,-0.9968993792895876,0
0,0.32236560717369134,-0.13588985161381545,-0.2882542455432438,1.5522090862331501,-0.8729202706304792,0
0,-0.5383058648434494,-0.06340300528443897,-1.9022370670391793,-0.1543032045314074,0.7778327736772747,0
0,-0.1973893750512017,0.9769772321710782,-0.9378514183480544,-0.10037256970617454,-1.4338563448591248,0
0,0.06426351892331604,0.24166954427470635,0.2085617683328967,0.7865518707441754,1.4539975145333695,0
1,1.2145423064432392,2.686521606331203,-1.1809418465691557,-1.6721602062334255,0.13515292164963671,1
0,-0.29492920855196125,0.16755083276641236,-1.5851217546914538,0.3375860123209312,-0.5782154005452403,0
0,0.9209899206836746,-0.3922779959422464,0.065827894951539,-0.3656181983958958,0.01049539127160629,0
0,-0.12254112017108787,-0.350104161127926,0.7767592190756132,1.0268066591088167,1.3610844719633557,0
0,-0.21577617587016742,0.036964359295768315,-0.24647804588918623,-0.6467772016330439,-2.131124721007837,0
1,1.4949249171587669,0.1752064304181884,0.8967876027269497,0.1768221168004154,1.0263048909044303,0
0,0.2726729930994404,-0.28499390203237657,0.6165829639240712,-0.3589642155501342,1.1945472654972824,0
0,-0.620318209604318,-0.27167870042986086,1.1492333130986592,0.4128995136827867,-0.3209018639650374,0
1,1.856329240275032,1.5438738532513199,2.1734384583955917,-0.25114617929208666,-0.07158290890182699,0
1,1.7534921140355446,2.56509093224087,2.6140266406690955,0.26231038720212185,0.13644788099371385,1
1,0.5268067695555296,1.4328898930455074,0.7316711165043761,1.7532386824888369,0.7335315651932877,1
0,1.076553362045257,-1.1535954522758192,-0.45985018990876947,-0.28598672474771214,-0.7297313099136089,0
0,0.8764881364579239,-0.5483445899261769,0.06183588652156771,0.4027494230704737,-0.01451222016700746,0
1,1.1196622403530976,1.5573727171225482,1.5732545851272686,2.2864679269758357,-0.09988370981154668,1
0,-0.67345592261837,0.05579685580721828,-0.8932249552925694,0.3898545207888775,0.6788454461454542,0
1,1.7368308982151457,2.37467331338755,1.4476610966426298,-2.434177690360207,2.67542115679652,0
1,0.7444820273012273,1.9760463790228242,-0.16992405991785067,-0.6662629924560961,-0.733874648745744,1
0,0.8185697722213533,0.5580692842666299,0.22712595147916922,-1.2037491175796746,0.07883597203877661,0
0,-0.2810722414514356,-0.13027985529150632,-0.8076875617602703,0.921963111767542,-0.7608049143681254,0
0,0.9730841569852899,0.6594726219305267,-1.3237252025914688,-0.09381935651990063,-0.48883444558496736,1
0,-0.49464202223176024,-0.5375538757183748,-0.27883600756127996,1.0635179925415021,-1.0759573505269246,0
1,1.5326787486599678,1.9809765855762413,1.3030116943355474,0.6115567945368875,-1.5304807249029229,1
1,2.3603275639464196,1.2305486581055796,-0.7019605602850594,0.6072404810979094,1.1828534265552817,1
0,-0.19394368778329804,-0.8687960435763157,1.612521160020552,-1.223307226621583,0.3560774034313827,0
1,1.7632550459054446,1.7559420203689244,-0.5728733812651744,0.504894620386235,0.09287653234233673,1
0,0.6555952533828079,0.8385261711686317,-1.0682271563811259,1.3665899398934265,-0.8739542209157141,1
1,1.2663715294995002,1.1560388772104222,0.25363704858107305,-1.4470965312133457,-0.07496490772956464,0
0,-0.7570434543286145,0.9376570501460763,0.6790719877940862,-0.31714340843520145,-1.1563573079008649,0
1,0.7247736422154533,0.40643545140707227,0.18808791652050877,0.35441884877426216,-0.027257845120256828,0
1,1.950059649662725,0.6819240579341826,0.15095339559197893,0.09801592824594622,0.33373090454261145,1
0,0.2332670321985711,-0.08803562505128283,1.6029602109413394,1.436587109773423,-0.5425003523514762,0
0,0.6369979038486543,-0.22245833155661643,0.09491454749212686,0.7285074025227499,-0.7568083286861699,0
1,1.435573168610446,0.9997199683644655,-0.4704067854089067,0.4060918892726456,-0.4923024830911041,1
0,-0.8584423545603256,0.0802066312909339,-1.132969543249645,0.8176015459243355,0.8148187569655598,0
1,0.18834861623105437,1.0828457253017871,1.273635689430338,0.7642895421482333,0.20162447519857246,0
1,3.3207775206110206,1.1846152017183595,-0.425678023094178,0.04106910743907006,-1.6069153489667067,1
1,1.9161538111225018,1.5670550422102225,-0.32810298828670365,-0.3548201954886881,0.7234614351884263,1
0,0.08207505364937641,-0.4005221294828169,1.0518794050695068,0.9903096531793529,0.5432554868056706,0
0,0.16718385618828982,-0.06361089679138399,2.0541477947773124,-0.7430788994747307,0.18709689674278626,0
1,0.7411966310605383,1.0126765721842461,0.2513319138308109,-0.07227861112943036,1.6456155086447164,0
0,-0.47692319457782795,-0.7233722500560178,-0.13699827306465254,-1.156733614867214,0.023832906207936207,0
0,1.0459980767947452,0.45822130480422235,-0.005652475173104181,0.7316756510106969,0.43074275692094166,0
0,0.39500837151133106,1.0246766645052081,-0.4555382847366319,1.232522886257083,0.4694157549198429,0
1,1.1418414054232384,2.03874319704435,-0.3558473656683313,-0.9355481906485336,0.8774153776890192,0
0,-0.7360891968499433,0.19902964911678986,-0.3504892306963654,-0.15392937268446089,-0.22286506096811026,0
0,-0.3094164653667399,-0.3849170656415801,0.9107280780043294,-0.48006576302247567,-0.644840893931892,0
0,-0.18925838833372702,-0.1721512345096444,-0.08817059256739312,1.0753263094295618,0.9730711907679372,0
1,2.8294876215080222,2.034212756280397,1.3593124126093414,1.4169714868302488,0.9213401397923275,1
0,-0.112960425579573,-1.3688920602140489,-0.11627715999444423,-0.4790934939934391,1.2748343264981277,0
1,0.8862689295201925,1.1820438653636893,-0.3670291509426011,-3.0911750799855553,0.4155687686156694,0
1,1.5648385818339494,1.8404695518465597,1.2778750041065372,1.1528011018445394,-1.648756018464733,1
1,1.7586030810268007,0.7170317706892978,0.021550019626334203,0.0450949098696511,0.1640816063425975,0
1,0.8316720534475772,1.654032970547322,-0.12643426709623662,0.04895347839537975,0.03369091006866865,1
0,0.2412993206715686,0.22619356245941372,0.03356064281594556,0.9637137927095312,1.229450010569368,0
1,2.325349571362942,0.5274005418425047,1.4666495131783384,-0.3640177739357283,1.0584322834929232,0
0,0.08320276995045796,0.05218686608576023,0.30607773178738834,-0.6302757256539152,0.6128090112680021,0
1,1.1217609088901923,1.0295328391990881,1.2494839889235163,-0.35570841305476086,-2.0729951830073516,0
0,-0.31732226254209,0.24965920553011986,-0.23462440215894628,0.48908640560396127,-0.8248173678841729,0
1,0.6046984140028828,1.801873211534758,1.089403907228681,0.8789672565013226,-0.364283179683826,0
1,1.5196988595384788,1.6393633602638904,0.23768483642294919,1.633153715632606,-0.34136868673917153,1
0,0.18646797409794788,0.043555394545857835,0.8825756619804925,0.40339243982479606,0.1668746661401427,0
1,1.0620204490807132,1.5733227634535434,0.966646236679964,-0.1446257559784987,1.4802049654364948,0
0,1.1638200906165768,-0.7056390533496025,-0.9416195290399083,0.8861908707293251,0.7792571960286557,0
0,0.47536769727068884,-0.018451070317934092,0.07195760638406297,-0.9712581651616549,-0.9189993685563718,0
0,-1.0756664033690653,-0.47788994803320317,0.957197952550523,1.4193882247244085,-0.8286693234356858,0
0,-1.0633575351045346,0.6189232520922298,1.116485369737188,0.2113769395668552,-0.9189931507579125,0
0,-0.590414281622291,0.4099428935888641,1.2534344767925931,-0.22869026811987167,-0.11684120477276987,0
1,2.543911244055564,1.808240810071922,0.10472772510249213,-0.9680251109813667,0.8055495550970974,1
0,0.5345530263314174,1.0280949334583889,1.5402095411294408,0.6269399508790463,0.9640181215962829,0
0,0.9742273173349723,-0.1979864788802094,-0.6572065696155527,-0.2806165144369671,-0.3762155988777348,0
1,1.606125571937653,1.07059558867349,-1.4947651696910236,-0.09428228144953203,-0.030140914556156473,1
1,1.4743064032226334,1.1878383702455342,-0.2776108938522768,-1.671193924615953,1.6741807684115348,0
0,-0.7485056916363744,-0.9613418447029223,1.1958422843464558,-0.4346792744227058,-1.484855534340258,0
1,1.8098103549500775,0.4858501274923953,-1.086207171125085,-0.5684972333279575,0.6379626148908638,1
0,-0.1177009001502124,0.37266180538086696,-1.4698580128777539,0.41856280898783205,0.5299506532171754,0
0,-0.14080331428911722,-0.8370840785542967,-1.7205089878778843,-0.2676463588773198,-0.29664505907779465,0
0,0.9708305046317027,-0.6449475390060354,0.7359442841916457,-2.648872986138112,-0.018447693085676686,0
1,1.5241926382812638,1.3389680737370238,-1.447604725280935,-0.4150120738238651,0.42021985857251454,1
0,0.7985888664286107,-0.2473365616426001,0.5490303260169846,-1.4544834339149273,-0.2945539573781604,0
0,-0.952844796685568,0.5313914146776402,-0.3280865836401776,-1.0428449211072408,-0.6376055989855227,0
1,3.2128673397177536,1.436276783000897,-0.7705981836478748,1.00388457866806,-0.7129160779954055,1
0,-0.22396227705322158,-0.47908120750331973,-0.9987223254239641,-1.6889837298150372,1.8621675862230382,0
0,0.42431041396441554,0.5829798058458475,0.20629084067694553,0.2948436336170601,-0.4402937391395377,0
1,2.1197637471679074,1.8372748309032692,-0.7541578142475256,-0.5072202586560463,0.20135128457175502,1
1,1.3015859617747387,0.5534099374556604,-0.00497280969399933,-0.7000352416146794,0.7852524646095427,0
0,0.4914180540354322,0.1513599867960196,0.4014063867732146,-0.9793238364723472,-0.21149626764169818,0
0,0.5226019059487431,-0.429046073751089,0.6126612341642417,0.31952331215731383,0.03578982786760629,0
1,1.1721132993725394,0.9551373243198993,0.9343204118063413,0.43180497211504826,0.5027450526977245,0
0,-0.42078013450913576,1.121708796787506,0.16472834528712296,-1.7251498170059119,-0.8479319649690685,0
0,0.027184094090845552,0.0745628330710728,-1.0500900523095997,1.150524134535555,-1.5364530157615313,1
0,-0.06929636861120124,-0.13052309310836807,0.46572733492027424,-1.1862641387832769,-0.7306042013531157,0
0,0.8358780575097208,0.05097073517737224,0.6562036422686036,0.3886090982925568,1.7284676908714562,0
1,2.0216009109670474,1.9245441576975761,-0.18155923056207843,-1.1809671900160463,-0.575158764741417,1
0,-0.0422541416778546,-0.4209626855720664,-0.2879031284145349,-0.45906217259782955,0.13064901474566978,0
0,0.36364677522460404,-0.3185099816646011,2.4751773853640233,-1.278801716399097,-1.3258111352269202,0
0,-1.2279918466780149,0.39400287488779656,-1.29305116830348,-0.5287406183585536,1.3421441668438845,0
0,-0.369186584179045,-0.9098335742942214,0.4936743719428874,-0.20097468260430984,-0.3010853367125134,0
0,0.17269260499133268,0.5944631045455747,1.0460314463831493,-1.1493186275028708,-0.45494395611478466,0
1,2.2692193011354704,0.4368921591058639,-0.3412652412228724,0.31444133667268903,-0.1334323555357672,1
1,1.7198616007934762,1.2525399148547542,-0.1685167519008272,0.4454320870708444,2.513037467758083,1
0,0.8749433999865938,-0.9592997239004034,-0.4014666307291741,2.706029533897661,0.4415278534063242,0
0,0.5207639148151583,-0.6337509971606058,0.00022231286408052955,0.9286958162205744,-0.1567938068074544,0
0,-0.2929976544428066,0.7786001151629719,0.8994925626872124,1.176420358065061,-2.8828171384233396,0
0,-0.08401838757226159,0.6266747243008325,-0.19820795390176538,-1.7690154268286116,1.3529951961797637,0
0,0.24505301174314287,0.6907933798668627,3.1105921390630384,-1.9584655477237611,-0.6948901767706105,0
0,-0.26918133171381825,-0.8693929701230432,-0.45273759254281193,-0.29699057142798235,-0.8526512253472472,0
1,2.518774106749956,0.769366305079002,1.3775151656656583,1.786816300711365,-0.7632476666613972,1
1,0.9347643194246266,1.603923541298679,0.543924862372721,2.4743628391913437,1.4650237273564841,1
0,0.18966387025463166,0.42919049410760884,0.108473121143375,-0.6875357359574492,-0.042163223963447787,0
1,2.0412680881630343,0.9202917889408251,1.4707610943575977,-0.5862227990956298,-1.5220617840553579,1
0,-0.1880681936766614,-0.3473528295263531,-1.6000762456567992,0.5438938956122737,-0.20413456558930745,0
0,-0.32327959958954905,-0.6788085876351811,0.4251784584665846,-0.1971589556408713,-0.8315363123343085,0
1,1.5543512221300007,2.3949471743489243,-0.716379938328155,-0.17193439775438793,0.35954111259779586,1
0,0.4871991076711046,-0.28497347943211,-0.4359879351051745,0.63489912041046,-0.3864179996208544,0
0,-0.29990879851671226,0.018775382167658936,-0.4830022920360071,2.7155179958435256,-1.5692958241926527,1
1,0.9586472878544248,1.4501867613335764,-0.9638242931224077,1.3045733583354522,-0.08248881901527987,1
0,0.6903508661958156,0.6633722720842856,-1.6525801830233464,1.8691265476567591,-0.05679546787822309,1
1,1.8395778837613526,0.8285200612205544,0.38878423552536284,-1.8441349280815091,-1.2534925518935218,0
0,0.6047144582937104,0.7009565005356923,-0.06586988341274394,1.0747814775024018,-1.9600718844654679,1
1,2.055599038760464,0.6327675706269852,-0.30059131396685684,-0.9498686020848188,0.28261434640545463,1
0,1.3079335849691789,0.6994321546666342,0.7591746880797648,1.6764484747541808,-0.2806428505748897,1
0,0.6689832213639274,-1.029179751062848,0.4519348219505278,1.3573265325181894,-0.21518083359534712,0
0,-0.43444773712489243,-0.06273339112086279,-0.2668364545786087,0.603814825952058,0.7458321552974911,0
1,1.8821607803389497,2.375262333021736,3.0509236822273977,-0.742893315308438,-1.9386817355913253,1
0,-0.33449323262612735,0.4183536649473929,1.0179887158739134,-0.48381821273218484,0.06030269204645497,0
1,1.3275243016973,1.6527453731847492,2.4448007081092404,-0.4029070757630872,0.6625780051699324,0
0,-0.8475002403691793,-0.6290490849745035,-0.4149549242066796,0.7623335675799637,-0.1826476885875692,0
0,-0.17166790911992322,-0.44088074650101444,0.24969912103018654,0.40388776644732344,-1.4161507398872615,0
0,0.3270205731208199,0.8066374926186953,-1.2382692621706648,1.4200323343406476,-0.6608301690382683,1
0,-0.03961302308024425,0.28340369475418853,-0.33047831476545886,1.6108198940356806,-0.4514645651100274,1
1,0.9403789580507852,1.9341495482003384,-0.5839592746330499,-0.8453576420142344,-1.5789785869533501,1
0,-0.9138115994809888,0.04427628748844456,2.9955052466568364,0.47519651388557566,0.3713742504203881,0
1,2.86710756128834,1.2309611095919086,-0.6924772977057707,0.46303618165992844,0.0032032271830155007,1
0,0.19509645182489976,0.45999697828525893,-0.2340338168084225,-0.09502363738688438,-0.642930481117891,0
0,-0.49444150175993173,0.1556118206735818,-1.4536703068623935,0.9417646339536665,0.9855239192730553,0
0,0.27707007582172577,-0.10197600065282612,0.5337233677588661,0.49097338995080253,-0.5219841041686798,0
1,2.913511646683652,0.5515957660751591,-0.9002254100901701,-0.5745578200175339,1.479904705404679,1
1,1.9722774157875371,1.9723449783917455,0.9185457290263356,-0.14211715031897906,-0.2689284431286192,0
0,-1.6722407214171195,0.2640157869836304,-1.7883246075478243,-0.3492210770426952,-0.9545415160307521,0
0,1.5913750127921658,-0.36375722948871186,-0.12162329009869455,-0.7275171748469134,-0.9243534175574634,0
0,-1.1095478881742264,0.7075516404768306,-1.845799900420517,-0.08532187393191794,0.09108090303754118,0
0,-0.12360716722609925,0.14628749943997468,-0.49051295675173257,-1.2969245140865595,-1.0704853094375946,0
0,-0.6800425800197102,0.15803930345704612,-0.28721285068378954,0.47388264674237035,0.14440097250160613,0
0,-0.44400126598392803,0.5303373457469012,-0.5990314643235232,1.4041183774024586,-0.4005194506010005,0
1,1.7706458109895826,1.8012239721831793,-0.5002162657906308,0.05047121356524899,-0.423450948987989,1
1,0.3573858947208346,1.576204687478507,0.9711682693573526,0.9464277964638559,-0.04163045263065438,1
1,1.5458526487062465,1.2868489678730017,2.174454318542742,0.15532955151206632,1.0046838619916576,0
1,2.288405453644817,2.5901984925407175,0.33930720155955374,-1.0221048580824412,-0.5429939926706782,1
0,-0.5059441947525305,-0.4402804925184085,-0.8600435910170092,2.0070651424066988,0.18412911821474942,0
1,0.7658289640347067,1.847583103396448,0.06407743931271655,-2.4224292978123305,0.44429917645882094,0
0,-0.08358306129344538,-0.050315499823396136,-0.3542691660752306,0.010307402439668894,-1.2098435467525097,0
0,-0.20300489403082547,0.27282817647790264,0.8893928645978898,-0.7685529400049983,0.5227621338065966,0
0,-0.3571366022006814,0.7400539910221637,0.28786122683975823,1.58169306131013,0.8153798989062311,0
0,-0.7130076456705682,-0.1869470561812751,-1.577794948111944,0.21596835800048605,0.9661434613995873,0
1,1.9115107487116734,1.7611018052801986,1.0979354877243896,2.5554767707398236,-1.1087500330662374,1
1,1.9571581068650383,1.5593343683058636,0.9668405395509013,0.03600672060459653,-1.0388647707314913,1
0,-0.6393880406738924,-0.3847808965669904,1.4950287035678718,-0.7608415813047517,-0.0543491077871407,0
0,-0.556352186762256,0.7548593992315248,-0.5164409008308182,-1.7102689878721589,-0.11124550985994022,0
1,1.6818951964034354,1.8267126774043343,0.3009737769151125,1.1066454051844992,0.01931384848509781,1
0,-0.5789829948526002,-0.26072995890700107,-1.184776675126419,-0.8347303105633693,-0.3566103604715395,0
1,1.707197189618073,2.0621562663428477,-0.0512448080364974,-0.41980860774416723,0.18583026625061766,1
1,2.4808279171696377,0.9011482099561803,0.39698533759904536,1.2281070389619504,-2.5540745564698812,1
0,-0.0358936087369885,-0.017360557731079536,-0.6360557713618591,1.0533655177986434,0.6580807566602848,0
0,-0.7281698204635448,-0.2575343007336693,0.34233998143219935,-0.6096346065658493,1.471885859701595,0
0,0.23526209839304904,0.45078719341199447,0.16800009413183298,-0.4540084135607402,-0.5530508502408826,0
0,-0.10659283771176954,-0.28781001331987965,-0.4498364567002642,-1.7560684207729635,0.2023559946964076,0
0,-0.09009422249478839,0.4550898701766264,1.3974714060712328,-2.055511690627862,1.6806691181345803,0
0,0.2851937237272733,0.35667608555342084,-0.23444276910095033,0.7636980516416375,0.03346383637316261,0
0,0.4146224416669955,-0.22514948844790353,0.132848724678023,0.8740416492432933,0.30542596878001727,0
0,0.02130129928398272,1.0978305548737815,-1.4669032492321297,0.3572098059635694,1.8417015269032782,0
0,-0.03640819002557009,-0.4471407898340792,0.5191910720378051,0.18722474854291624,2.0364282453929152,0
1,2.8381248942840345,0.5545915483659435,-0.47689370840952616,-0.7061665821470794,-1.0607653925479177,1
0,0.7203323993443788,0.5136594820012135,0.9572109694752086,1.468132697338994,-0.41149324430273715,0
1,2.1001276708391012,0.11035523552752413,-1.311146235532862,-1.784021186918689,0.8935891322657048,0
0,0.07872356752811784,0.8950900957983835,0.4306969509927208,-0.46849360984102095,0.49711497602382926,0
0,-0.6034459415369843,0.0610523259158199,-2.1820561918120336,0.16070139238668424,0.7060418260200622,0
0,0.6764318315603963,-0.8561910448831428,0.6158680983806648,-0.00041238824004280174,-2.6215644197689847,0
1,1.686576488030813,0.8309212985135771,-0.17480264077171226,-0.0020488713138951476,-1.953878351778045,1
0,-0.3463014082938801,-0.980453205309008,0.3993535091474883,-0.5192492686122411,1.784215114972158,0
0,-0.14588427215261676,0.22972977162212552,-0.6001625196308872,0.540907449547678,0.7738737025263795,0
0,-0.5797095397428889,-0.7961485025953549,-0.9492990987223658,-1.2153923636820976,0.3536418510067086,0
1,2.234397425791517,1.701253418417569,-0.43450311468969866,-0.1440054129843295,-1.242289824837581,1
0,0.40982224987307153,-0.1828944908721446,0.19201199223521226,0.4319010016840547,-0.4149880279060159,0
0,0.10897947691701063,-0.2852184841272565,0.5765706656608327,-0.3325300659450968,0.5696521175119931,0
1,1.5743286558248382,1.705607580116956,0.30384362677984883,0.004786978328813322,-1.383081938694628,1
0,-0.40840132634990567,0.3741067977768551,-0.9367607985026886,0.21551415744960145,-0.705254021247416,0
0,-1.2780435862551123,0.6874817232272731,1.8376794179293596,-1.7608207187682068,0.37540069834828116,0
1,0.7522438620039601,1.0197329982616288,0.33281407291950144,-1.6673002417174876,0.5897425551455385,0
0,-0.44558720371157384,-0.01788567759655823,-0.6223645085746021,0.1339287622590592,-0.5230485322026803,0
0,-0.5357798292083118,-0.3811962795188463,0.4242202051664839,-0.6083820783954672,0.9822678803511846,0
0,0.17361637476963912,0.09779248532807666,0.2559872790051715,-0.5480217989781682,0.9497774401635317,0
0,0.4868962451839926,-0.4669738111620789,-0.17533323613792748,0.5690073142464599,-1.7927532951576302,0
1,1.522936468659379,1.1455419616996894,-0.2927886495314505,-0.9888381064769283,1.6379659537806406,0
0,0.8453501610728609,-0.25140030586263745,0.9848712287398383,-2.4132404918120067,1.1664157632312333,0
0,-0.4697386317519783,0.1760165664163266,1.7278476314627838,1.657028783667903,0.2065687119209159,0
0,-0.0813222760489668,0.0017729803407469653,-2.036003767156134,1.2098434796892652,-0.13729968041233545,1
1,1.5694076924334426,1.7037809634612322,1.2305355759830512,1.197169480970366,0.7893432031148904,1
1,2.255311797300651,1.3358020507124488,0.019929523406616915,-1.1207475758207603,0.5337188242811225,1
0,0.06353224924930706,-0.3478516000856804,0.23669054382762458,-0.07741888249240012,-0.27155268510829333,0
1,1.6801413487348773,1.5147697383544838,1.3516423300834972,-1.2684185845500577,1.6062709936684345,0
0,-0.9929058690047529,-0.5503103660345027,-2.6548088922250805,-0.05995953123999115,-2.1047016470341875,0
1,1.0600559744735472,1.741494689467612,0.8147894092543744,-0.34801095463926596,-0.6648926822518463,1
0,0.6575713642185497,-0.17127911277890487,1.2824970617344205,-1.078056160833228,0.4477784830300025,0
0,-1.2452053581583102,0.12271164581972105,-0.6886167406501494,0.5032861480745563,-0.052103999784274345,0
1,2.405795591458377,1.532014402967157,-1.3939530330535843,-0.25874287222627895,0.699590441979694,1
1,1.8997986933725384,2.3609272906313237,1.6399288161803287,1.7227002636522848,-1.394639987059143,1
0,-0.44851279701825314,0.22895022093766765,-1.756391735801677,0.08577998276070548,-0.2544422835252076,0
0,-0.49922938584437254,0.04393137184186321,0.41864979537982216,-2.547895660006977,1.1503684158116438,0
1,2.7375731799089844,0.9845775080837269,1.0231083463913953,-1.8121265086328495,-1.4937066094260494,1
0,0.8468434838876526,0.48143109295830266,0.3965990052496025,2.095638266057983,-0.2404679897231368,1
0,-0.07166446292609858,-0.16212331224751303,0.5646325899934531,-0.35903699079791596,-0.5308185057679685,0
0,0.08075503767142751,-0.91528808755587,-0.26501960457467,0.2400081467305067,0.3633634032984511,0
0,-0.3877088165461634,-0.11705293335679842,0.4627206918824197,0.00972915279164099,0.3930943007779805,0
0,0.08087038669566306,0.11489387662092831,-0.7084685958536481,1.416319531713021,0.09709887230070664,0
0,-0.4043422131415772,-0.49110341859161133,-0.578944453594594,-1.9069103920653319,-0.28985411360766433,0
1,1.5528741854954922,1.3290918169341592,0.03554576417197056,1.329252087140757,0.06326765260699034,1
0,1.086197627858845,-0.04288970198946139,-1.539843865151051,1.2603717922886162,-0.16465047719359022,1
1,1.5426315720697445,1.3664552634345084,0.5770401132618533,0.006159228062232128,-0.03246282625469816,0
1,0.971186871235824,2.140785121829273,-2.4807383741296927,0.413286130977672,1.456967104843854,1
1,0.7801767712090156,0.613065283289173,0.3628154653732807,-0.3705967973500259,-1.2022579784509844,0
0,0.07627065441868792,1.2202814755113383,0.4568719508736303,-1.6852508282721004,0.34165643679580066,0
0,-0.45653709269567416,-0.019701192114724868,-0.7945203764477966,0.5802863304783322,-0.9421127502176778,0
0,0.1479618851895218,0.34812674037147734,-1.233966138990936,0.24657955797350356,1.954991909368595,0
0,-0.9717018558771278,0.07670175992271312,-0.40816972203649704,0.26735939260627545,0.08907834355808103,0
1,2.0141500807455293,0.36438585694088554,0.6396772687485669,0.48229377891735553,-1.2678731926329807,1
1,0.963901076924197,0.7660534070084746,0.34569911539018205,-0.6043331008118875,-0.23191338480887852,0
0,0.027778355566403387,-0.3145655277826736,-1.111533108890007,1.49326656917386,-1.4589176645728394,1
0,-0.20298193046398297,0.5962318908701789,0.10568109397795517,0.008131578151230404,-0.6332314593238143,0
1,2.631033377367322,0.5694073185501713,0.2619567882109054,0.5417108379778988,0.615752274742278,1
0,0.10289350405771648,-0.5134424562246496,0.2195700801635389,-0.2721253087335028,1.361237548641986,0
1,2.7672831688687562,1.4989105041669535,-0.9865913169195347,1.0502224960448023,1.0806859703101814,1
0,0.3364454400374518,0.2837138686697618,0.15570273023912937,0.10399284302273223,-0.10487644780447443,0
1,2.4552435533874872,1.6656325260989004,0.9177450118919417,-0.08511900378392696,0.5700555935815375,1
1,1.4747210761462477,0.8095969317657706,0.5369617191750631,1.2073570254841373,0.8085063593801969,1
0,0.20730182969419345,-0.958794816114805,0.4114799149074398,-1.722870369011317,2.2497268322765267,0
0,0.7311861534113736,0.3234357859278196,1.6426825677039048,-0.2800171462706204,-0.6039752810070877,0
1,2.142975969150429,2.2598743649238373,0.16779112903878252,-0.6126456453043193,1.509391097671204,1
0,0.3185959669107414,-0.20718096922541146,-0.8419090709456271,0.3738798132489033,-1.092038804452706,0
0,-0.19676089967263685,-0.6868118906904196,-0.838741845462897,0.31580224844226573,1.1799370550101573,0
0,-0.09526589628403227,-0.257928193478906,0.17602717694239586,-0.01179776183169572,-0.6206549708434769,0
0,0.6825971709620139,0.23643754403083836,-1.4375433705443506,-0.7140021389643413,-0.6837312526886467,0
1,2.407546749239284,1.26011410593402,-0.31098287272971775,-0.02403117070319708,-0.28464957622729525,1
0,-0.35571763756780383,0.8443161849088875,0.4641736516298852,0.32336860954899094,-0.7759936687372759,0
0,-0.4462553846129819,0.5549824316425725,1.171145002768065,-0.17843442363919876,0.42605504401792016,0
1,1.05751972703787,1.5106028397225508,-1.5440137472672566,1.1075469095369368,1.2265416421776556,1
0,0.4978203694380934,-1.1725937397776172,0.0990776189687754,0.6120146176143428,-2.1115616247414546,0
0,-0.5576850132375114,-0.4153581773046721,-0.0682361134186767,0.019032170925843136,-0.17460239156605553,0
1,2.0905620436130485,1.0711866041926004,0.03750570108252711,-2.346020280558312,-1.086561552757935,1
1,1.9274142058726078,0.9520304110112037,0.14156550558616898,-0.21830854155250584,0.9050824330391061,1
0,-0.32705510661946824,0.11449276311895498,-0.03166699710917521,0.63009650513121,1.4204027251660145,0
1,2.53831558831076,1.5268652486211378,1.3922089505320616,-0.2793601339649349,-0.17464232279587702,0
0,-0.877355344860736,-1.0044449208931312,1.2439967164287815,0.30325486913687016,-0.7033041448772223,0
0,0.995719559855136,0.48275883723669066,2.143289188570422,-0.22457660024275225,-1.6152039982298716,0
1,1.791331518547298,1.409674223795799,-0.010572199431224092,0.2324932257168377,1.9487900480203921,1
1,0.35592018600478514,1.6145848481051666,-0.4106894594878018,1.4010084616449763,1.31893028241395,1
0,0.955127781492968,0.4468958009211146,-0.967762008189622,0.7867449160534477,-1.9785082200650375,1
0,0.5833275025319932,-0.4601818316040994,-0.5194382246516097,-1.2955807758106592,0.6554741545109888,0
0,-0.2569270100478228,0.7553434135894916,0.7145711327549591,-1.6580237786897318,-1.112135137578146,0
0,-0.5788323391448379,-0.08507613425230394,0.8685250884605775,0.4425579327878386,-0.5085266340692307,0
1,0.6585599536969691,2.307528335940161,0.6755147446347478,1.1678532922640452,-1.2484757692510773,1
1,3.0492676970862345,0.863640538831295,-0.6644676822124849,-1.6606491348332173,-2.000796020839565,1
0,-0.5540291244971063,0.8629479641585341,-0.6590749074553488,-0.20980753890192058,-0.04558608984572977,0
0,-0.7581531372005554,-0.5423904146205347,1.956464044110532,2.373218400975575,1.895412476850383,0
0,0.16075147461008985,1.5292687719633542,-0.8319929844420818,-0.26863826460103013,-0.9260355612559141,0
0,-0.982736080056669,-0.571100258030459,1.4165246666248346,2.525857479477646,0.8913178248310469,0
1,1.0110709609332664,2.0339520322732354,0.4045760482252575,-0.8236007289743827,1.0482934138726248,0
0,0.5969815164962811,-0.21743653421550138,-0.7325989391038081,-0.6469025596941209,0.7217499068821187,0
0,0.2785263568916278,0.429013430199929,-1.1844855600758335,-0.7029521217406922,1.996457353506262,0
0,-0.23182197584362935,-0.024315040275400577,-0.6889194153424328,-1.2791875148675582,0.9552071047926805,0
1,1.6109840037588277,0.7452617747823719,0.4176316140348137,-1.6913083979742907,1.804654920289095,0
0,-0.2654823181200022,-1.6780980943874526,-0.9096279940407984,-0.22124227795074375,-1.1470664767105794,0
0,-0.037198685621423734,1.5045499777157358,1.5544103617133658,0.1448649047002146,0.7453579778633125,0
0,-0.4570868295357913,0.04381453536900777,-0.20786046860077745,-0.7167796313070348,1.5108993104620696,0
0,-0.3481435917164564,-1.766118046759834,0.7004464584102765,-0.476219156584348,-0.7720024889397039,0
0,-0.3664068825272597,0.18156516387894403,0.6197110916381202,1.446075257271749,-3.486161784621611,1
0,-0.43551651111345285,0.41375199391789597,1.621900780631926,0.9717435702440642,-1.2673360787595442,0
0,0.626346597849889,-0.42904847010839897,-0.4379703488142235,-0.2586762382587251,-0.7247691923237942,0
0,0.46207043520783175,-0.4250127227421631,0.10608226727875811,0.42987542969666714,0.5611817805723119,0
1,1.0405820389654306,1.3880948917760099,-1.4013944935239975,-1.6364236193673531,-0.5664348361425752,1
0,-0.7166362755255425,0.7215565384573049,0.10314821838983423,0.2696268996073019,0.0031202621854446917,0
0,-0.09436598587836952,0.05997607189381599,1.1400115630792627,-0.0624093202034352,-0.6043331442669627,0
0,1.2931725589737277,0.8779351826054914,0.21947169201356195,-0.3741657237078719,-0.12854209328120145,0
1,0.9833768777820715,2.078731503518145,2.312669539607887,0.03280999988743505,-0.0662246340225314,0
1,1.503265366177576,1.2627291354418941,0.5197099153709491,-0.1288417724107072,-0.6323772789645806,1
1,1.6532322482305974,0.4576857444840976,-0.5404124033513229,-1.313639323156132,0.8212541801589062,0
0,-0.06518530442708988,-0.13600250327781202,0.455764748006171,1.6797731173948764,1.3803151213870781,0
0,-0.2749259245316932,0.31588944023701215,-1.463394802662396,0.9508175301203192,-1.1488708499308737,0
0,0.6930479833191324,0.035936085827681576,-0.7989809406903704,-0.387795742904025,0.2173160001043493,0
0,0.2726751737660725,0.38065489901477684,-1.217009205285858,-1.7605675929986966,-1.4295295523609395,0
0,0.5074831942470452,0.5180519856898321,0.01611088915762411,-2.4562795680377203,-1.7527249446884965,0
0,0.3536279697997984,0.318515132049531,-0.06052317834967995,2.0047038339048258,1.0365419327369203,0
0,0.536368993083592,-0.16519713243139536,1.2051096502696572,-0.17366127692278338,2.0074056648025307,0
0,0.9506434997844377,0.3119300849952073,-0.09906848821849237,0.7629823905737959,-0.32836503597715483,0
0,0.7986263800730007,1.3412905389173635,-1.0025197867431639,-0.9487289631374559,1.8332973072872072,0
0,1.3948823757575486,-0.893927736402607,1.5593177156879934,-0.307371422523353,-0.6482002729485672,0
1,2.330404768844315,1.6923724801348758,-2.9446407983737357,-0.25633281729085944,-0.23448402636676743,1
0,-0.401668065916504,1.0992019710334395,0.03846555891285745,0.2414613747335506,1.6677355290961748,0
1,2.108387225083497,0.6952460023493359,0.21760749149653952,0.08986846498063267,-0.9126639877519845,1
0,0.4262611073907572,0.6006600551075493,-0.010287538169105666,-0.9222659074139598,0.916679112539365,0
1,2.752176943139313,2.080830346739976,0.5000918803901798,-0.9326868761579384,-0.34827752625710384,1
1,1.0197048899942267,0.5138923070546818,0.1106902178806981,-0.08154669704531856,-0.7207054393732727,1
0,0.33477064883576185,0.42741702865091463,0.49965996996099526,-1.754312531311158,-0.5088044855648671,0
1,1.1913577931398256,1.2372104593033222,-0.6022192957730058,-0.8230759365777436,-2.1682994154252953,1
0,0.3075270624600808,-0.03626747790591181,-1.4590524043906488,-0.1541381877955608,1.2610896801877334,0
0,-0.12884799875983158,-0.1949728351318196,-0.04635328516936294,0.39749955992726654,0.22630019764055664,0
1,1.8876812825145333,2.1876134548607786,-1.0265246760087674,1.5034352160895237,-0.14799935013888066,1
0,-0.8462029116488544,-0.06727261223965635,-0.728524841720914,-0.47646469810610564,-0.6929431960285575,0
0,0.4759358889335386,-0.2779881207903792,1.1614812410201583,0.036114493683547515,0.3117760548504498,0
0,0.12363570911166,-0.26782530800532584,1.5579977955147606,-1.8673636992460512,0.8834509055279905,0
0,0.09131572906314281,-0.20459397353345354,1.1427061072303937,0.334813647003054,-0.2745449029666794,0
0,1.1701369799083978,-0.6477213119583219,0.9573815707063207,-0.9093575311312393,0.9635897758723286,0
0,-0.229490038960694,-0.283280434541686,0.059951149194505074,-0.30823485497711206,0.2750995982392405,0
0,0.20535925486318898,0.07060177482205161,1.0154439738740972,0.47588155105297214,-0.0933800673553867,0
0,0.06016241942355303,0.24262885198950662,0.35561895123829007,0.5176835176946453,0.912362739057897,0
0,0.11882349614443959,0.7224234347056838,1.9474904481245392,-1.4537476972317729,-0.5079151933060392,0
0,1.3330823427856673,0.14458733972505414,-0.9181011679319183,0.8019501300135771,-1.2515321868273388,1
1,1.6382842554482493,1.1153181622418789,0.6726083691938968,-0.03887428575617267,-0.05308932576930224,1
0,-0.3403678796929578,-0.6066239962889749,-1.2642926226492786,1.267178729445521,0.03527874840578202,0
0,1.1225416772683328,0.1766921284839611,0.6783487601327756,1.4616305026859986,-0.2223222526678572,0
1,1.4153867407366227,1.3295775315452971,-1.719105849797076,1.606130812987251,1.189894803929863,1
1,0.6368931116745671,1.3494096535914952,-1.2135428365081897,-1.424419505067002,0.5004924315011438,0
0,-0.44450622385731065,0.15751771028885864,-1.282623816726555,0.4022851819841936,-0.11506371534551994,0
0,-0.7479524964257135,0.31163344874683796,0.25213200105780265,-1.5774001570144038,-0.005509399481690717,0
1,0.5200207202113294,1.561841134481882,0.3545251572362755,1.3014505212159744,0.08062951904457066,1
1,1.3821909973791193,1.2976891380531792,2.4504789947345413,1.4437709513464585,0.5260526896047709,0
0,-0.04212957916405939,-0.48082908242605915,-0.09129051445755122,0.9780511282592578,0.05253436825490625,0
0,0.7083167490773439,-0.36767086132562127,0.7725397054754485,-0.4245991807682679,-0.1544624591150056,0
0,0.37764096723723906,0.5089558950752577,0.16087006016667765,0.5442469731862208,-1.33420392413046,0
0,0.3503005848772,-0.2541517430380323,0.6888980599656469,-0.5522453356172289,-0.7097958345071785,0
1,1.0640739968813682,0.5923743245375231,0.14366348244046814,0.013769908051642207,0.27700161231817455,0
1,2.130959957178469,2.095744808907339,1.0996168722418445,-0.09220855085008207,0.18800430878128938,1
0,0.834739701839241,-0.5654270953384916,-1.0526735155892195,-1.9983427477727975,-1.4853312892614927,0
0,0.23674253492769617,0.021148262284213386,-2.4474732723677155,-0.8095056863635294,-0.5619171987013328,0
1,1.853510521778755,1.6946978511256707,0.4174031220790015,2.270859449724435,-0.9297530527457959,1
0,-0.7588153798199873,0.0019310253226667237,-1.8050773352593237,-0.0866916430438617,1.3646337754708693,0
1,2.2326614845631965,-0.08688273742692076,1.3117383297986192,0.1602274479431018,0.2511331799444424,0
0,1.0684983292568515,0.23429279796403585,-0.5481190510967238,-0.008670659107745284,0.43034787873323127,0
0,0.19377143942810235,0.7958779500752474,-1.0382368027563182,-0.41052399095413955,-0.06672057828556714,0
0,-0.35661436702049093,0.4719193367999141,2.7005200786264334,0.036107200074024,-0.6263269018810954,0
0,-0.09719691359270564,-1.2743963891972807,-0.018450014617877743,-0.407009635977569,-0.44543990243273024,0
1,1.3477475709924476,2.676346593801621,-0.2101058602858834,-2.2829497138970756,0.49272358321500465,1
0,-0.21626979189617668,-0.7955109311605852,0.7479753943100297,0.7862275352375058,-0.2600972640797231,0
0,0.38878983821643553,-0.6470516757867272,0.8154641226942106,1.6128696352169223,0.5030860297531634,0
0,0.16767846700220523,0.46912655612237475,1.1391266853922593,-1.1641780543084195,0.14297317983197189,0
0,0.6023619635828212,0.2717048705353901,-1.3329735000426712,-0.4128490459728363,0.2955456319124066,0
0,0.22254152686693252,0.04820106314388516,0.5361067817367328,1.4999542459664426,0.34655719081962405,0
1,1.0815472156130905,1.0583562546821343,-0.29318604440751933,-0.7714031026497169,-0.5261553364648315,1
0,-0.3004152143096342,0.7985140369378899,-0.9210284775545601,0.3877170914094959,-0.3109204023522035,0
0,-0.3377046436727141,-0.023595510108983985,0.048112848002119527,4.326920740610131,0.9088467551156804,1
0,-0.11188204597107108,-0.9394902057747316,-1.8112422037918148,0.6322698439434074,1.8263606973840196,0
0,1.076828214848753,0.7393799699870779,0.9229309870292337,0.06882532354495578,0.91799224001645,0
1,2.772939754988577,1.5315709957803048,-0.29067592853856555,0.8817104397989709,-2.7889303738339795,1
0,0.5019607202679514,0.6690040243727816,-0.47750095600302606,0.7767468715704894,-0.7579978328116895,0
0,0.07125827810017082,0.34352917407349465,-0.13767866436008275,-0.6622629114543308,0.1147167961136682,0
1,0.7830086682973632,2.8349736477234124,-0.16751675794368928,-1.736443121863501,-1.0982172492944111,1
1,1.7320049834380502,1.2140178369246633,1.1406818313032916,0.5939134966400113,-1.1450873347739536,1
1,1.125995622137768,1.4096559447927313,-1.095713222797279,0.7438574042936887,-0.41871681621180146,1
0,0.978313137939552,0.4318983863758751,-0.38220619118437,-0.29750966581856375,0.3453227137169881,0
0,-0.9636634138742936,-0.1822753714840246,-0.21655666998767248,1.6451959498959625,0.6175365818251829,0
1,1.8306905999980705,1.8815826252981744,-1.065159023714911,1.4447359381061253,-0.36734672387999445,1
0,-0.5245436265902212,-1.7684478395926049,0.15931344663527092,0.7745178640753303,-0.4441249844763479,0
0,-0.005709111290083321,-0.043669953495405804,-0.7238732944559386,-0.2786214453688996,-0.8436817832704473,0
0,0.39964091418663394,-0.06179548119987434,-1.4042820043507525,-2.090926193404171,0.5070968572733124,0
1,2.2131812132692583,1.316470871907117,0.5262274065669381,-0.17435472121071444,0.4398897979562238,1
0,-0.036414120558948763,-0.5261561691050677,1.5472750796642005,-1.836191386699896,0.9070455138617719,0
0,0.45672993010891727,0.5436737031277795,0.04842075734077664,-2.357092120158113,0.12975256321578163,0
0,-0.3974820591672614,-0.30266689426316185,-0.10328550042325643,0.6471585753802782,-1.3112047982657644,0
0,0.1473230308639322,0.12016464004319155,-0.12447556070543903,1.172307254235824,-0.3488889225641789,0
1,2.201324448662719,1.377701816171387,-0.5159508760580694,-1.950596361628405,0.8569195843635076,1
0,0.19925968688399268,0.30021852471227833,1.17009742128588,-0.2565455678066971,-1.7354797247761051,0
0,-0.3176062178239836,0.8585764793423322,0.09404975834877029,-0.01749288903314526,-0.08482826219202333,0
1,1.4325745794619407,1.5170623131280203,-2.178640722318831,-0.29240463826448687,0.285150425341206,1
1,2.2093936375287635,1.9048382158288957,1.1989539546199401,-1.3785129353403196,2.003687421620589,0
0,-0.6551067701568943,0.08692210310375252,0.9538349160358454,1.331036956389644,-0.6011145267328147,0
1,1.0334109195955286,1.096395083644106,0.6016009906454414,-1.35088976893569,-0.1216769313887245,0
0,0.36095325588704136,-0.08493452193596475,-2.7554069100770024,-1.9491979226587568,1.6876017771514324,0
1,1.3365138432749215,1.2298745711463126,-0.0029483226872044107,-1.3744476538740678,-0.588322693073446,0
0,-0.8718349178098135,0.3408972791517209,0.8934279822038034,0.4813422671228304,1.074705721571409,0
0,0.8104912002251462,0.06399122536151039,0.3794993916148364,-0.26720380342845235,0.3926606578078269,0
0,-0.6597601727279445,-0.47655874953720107,0.20515135090880163,-0.7702468262031344,-0.22101221380284702,0
0,-0.1196580079917831,-0.13317735846792164,0.8955126840553808,0.5276492294395427,0.45161711721025766,0
0,-0.3717123862122588,-0.9155500194456518,0.1393082945272457,0.33262804052728046,-0.1475118801326133,0
0,-0.17861009132413247,-0.11076191319025068,1.203624384768126,-2.3073215587266755,2.2578141463397325,0
0,-0.530771674590804,0.0007835207425492806,0.16175678161544157,0.5175674679137542,-2.0655566214379264,0
0,0.4285675426160775,1.0850689202315633,0.08218407635076586,1.181232988795302,-0.2824665647336673,1
0,0.06649411458414695,0.8090712365066852,0.8924136885820126,-0.12318177142604798,-0.25315623961351086,0
1,2.190192157126535,0.7795552414121696,-0.398586931296895,-0.23491480657485214,-0.13399270140059683,1
1,1.2344990730749668,1.5210616515990676,-1.0972421521147606,1.8938747891939764,1.080424631948003,1
1,2.879813061969527,1.5315861884732485,0.0038013645058180908,-0.7098188640617148,-0.44703683540803685,1
0,-1.1427892713023666,-0.13826241165887393,0.5903745245578612,-0.16566061843762808,0.49204013280790965,0
0,-0.9510809447533763,-0.10001311492872993,0.9253625328813864,0.3309799583403555,0.23146652963047504,0
0,1.051850908629857,-0.21236984597531777,0.9308995216674001,0.048440323058994234,0.8384764496566189,0
0,0.28442500046783065,1.1236250921299833,-0.06864817446091305,-0.2722843064188974,-0.13718254218998396,0
0,0.20483164983364513,-0.24971055206036658,-0.17137005544237432,0.08922417110361472,0.32220735360981867,0
1,1.8587651843908066,1.6045622861595608,-0.5921159444946424,1.5689460941739017,-0.12343972975219797,1
0,0.34272436209026946,-1.5174180802375004,0.24987605398037804,0.8076576455384341,-0.9860535606841921,0
1,1.7798606322603705,1.8941410300399135,-1.6411240062531611,-0.07471780498088128,1.5990365063725722,1
0,-0.5795426949750634,0.7105528843514617,0.022759236465739074,-0.8639401384470742,-0.76218392169021,0
0,0.4909145430436747,-0.6312180174603733,2.84968068493783,-0.7310042461488293,-0.47848776337686233,0
0,0.3964069269229393,-0.30713205005305166,-1.5038634123887549,0.9502170838481896,-0.8568222451660933,1
1,2.4570586880438983,1.6709021120758278,0.15683560762429954,-1.5933222361433454,0.4020214462428375,1
0,1.058544646140699,0.011676416647468182,0.3778357904622937,2.4031897473231467,-0.4781606500924261,1
0,0.19828564778595734,0.2798217543115339,0.506465042834075,-0.03178468408047098,1.515242141111727,0
0,-0.73652941057931,-0.17234463874486122,-0.9666430304059205,-1.3785481253168237,0.5339506343386754,0
0,1.0635137587212817,1.1179592322309129,0.5155867110692699,0.18197589191340083,-0.27684577285363465,1
1,0.9891100389982355,0.9981559207165942,-0.5345065583129499,-0.8007059963862335,-0.9097505322428004,1
1,1.8027785162034284,3.0149448278289293,-1.42758346082459,-0.41898696177073136,-0.11070675088249814,1
1,1.4459596441474871,2.1451543504094817,0.9519573083298543,-1.5107717937904026,0.5200304721685732,1
1,1.3416247898891245,1.8992691724305935,0.6646148093815174,-0.23860279967915995,-0.045884710003314615,1
1,2.0585800729189105,0.7757134193856199,-0.966562455958737,-2.1226377903781843,-0.14035465054099414,1
0,0.14667575956077936,0.5458094302169835,-0.5437974771415511,-0.5998660916189082,-1.0204697684274842,0
0,0.30794489476087855,0.362363058408369,-0.580012418041423,-0.8273068663046149,2.2431471535261993,0
0,-0.4894117740980221,-1.2717662416037558,-1.6435846389722677,-0.5023183631869328,-0.20111123196619937,0
0,-0.10444497922479623,-0.8427601843327345,0.7624297376466175,-0.7641993343636917,-1.3745174357135457,0
0,-0.46172098790442007,0.21457675584929828,0.799918408278537,0.033964133770974306,-1.0750467811060673,0
0,-0.11944295278647901,-0.07997983299948581,-0.33260956497032523,0.8880052549890308,-0.3441026962787509,0
1,1.5287426650795546,1.0901130742695013,-0.028125561597194093,0.3606121337222119,1.9447758516314368,0
1,2.7065825039228777,2.0473695166732773,0.11469797122315951,1.2992619867419029,-0.1704025386655981,1
0,-0.15563310868124436,-0.5302675730515948,0.24439185860744117,-0.49852899052781885,-0.37480175027220475,0
1,0.32464100528161244,1.1268554341903645,-1.3475291994369099,0.324714855432649,0.8446922744813422,0
0,0.8370549223924718,-0.3882178728101734,0.48844459922340216,0.3641145893782477,0.9176847967695803,0
0,0.26955562441561404,0.30610155472783673,-1.1755072610484,1.1516517147535377,0.6590876863995045,0
0,-0.0786062607320336,-1.0316749198926054,0.6813752134478976,-0.7304451462627687,0.19987593794145578,0
0,-0.26232922011665694,-0.2986031111102428,-1.0648801703018145,0.788832289208243,-1.1043363093146368,0
0,-0.5681553936341314,-1.0336591323976116,-1.3001087486653005,-0.8573099986548491,-0.7510167654095209,0
0,1.162828858251895,-0.18772528514513687,-0.02803855979778052,-0.5699202685722423,-1.5909278597212542,0
0,0.03110693319602198,0.43382940585451185,-0.050505224217195686,-0.35865619873433635,-0.22396283668728942,0
0,-1.042650686088885,0.4445378971482665,0.10374664265323452,0.4531734810192654,-0.4246599915420309,0
1,1.796644019971145,0.9634410003395179,-0.8927357324984792,-1.0870076408050775,-0.5284468654836973,1
0,0.7237030212209045,0.3199931717495576,0.2028177192279567,-0.9476538564389787,0.279262991322152,0
0,0.09386080101209833,-0.11109805334696325,0.2969916802904202,-0.6450635385904653,-0.657190105922082,0
0,-0.540956083317188,0.8166509838470449,1.165713305457617,0.048443235010178144,-0.34046513905397285,0
0,-0.5946445716147942,-0.07797771688436922,0.1850327218369142,-0.9362483900696892,-0.4863322688995943,0
0,-0.5503913566315412,-1.7838284173699328,-0.599392154489617,0.2639717089552074,-0.031849813237322375,0
0,0.9129947982281708,0.5368086052265838,-1.3470622058809103,-0.3578321284380773,0.36463731300675906,0
0,-0.04299843314209477,-0.2754595195434533,-1.5302609105078953,0.6579057152280112,-1.3445331451510125,0
0,-1.0072346488071782,-0.1645199712896603,0.32297813093680433,0.06294159484500879,0.45321547173372995,0
1,1.8304803555066784,1.6015540833443007,0.7931988705190247,1.7521344949006863,0.26425252474466854,1
0,0.08462207134413134,-0.854824747844842,-0.8902204445461623,0.12114634027224376,0.41862625942595616,0
0,-0.2693372801299987,0.04479214492718944,0.2552635980681399,-1.2183894574486982,0.13323133260721262,0
0,-0.6122440536532866,0.3206981969313101,-0.17421868053189116,-0.2127673436256083,0.3615639626495912,0
0,-0.6383369398637252,0.21843851367784153,0.7182675355621152,0.021140094053043595,-0.4156660838300017,0
0,0.6519802892798029,-0.3593587506200526,0.8660769117668827,-0.9086740636842554,0.44336812062950903,0
0,0.14850771348305855,0.5951591781127469,-2.2662126433002143,1.5170987471282686,1.1445669523188462,1
0,0.28718619879707047,-0.5984975695475664,1.0321346981632022,-0.3099377909567976,-0.49538083685811646,0
1,1.7468552857480721,1.0246870205729994,0.2521969631218891,-0.6446686271472819,-0.45909467848283175,1
0,0.1966132229470931,-0.08160086131628666,-0.5313559806405643,0.18154111772742026,0.6305050994542104,0
0,-0.2810367980569446,0.17728101556310927,-0.503462837378442,-0.906207363161059,-0.554007841714573,0
1,1.4765023873115342,1.205274008986405,0.03174740417548497,0.9663468114361986,-0.7192381585186397,1
0,0.6989470832550257,0.7371521394009561,-0.5037487892325586,0.7653524558276451,0.4221719493924932,0
1,2.4487541006914677,1.5771717281606912,-0.9370036347180899,0.13062452599584473,-0.430467529166572,1
1,0.8667448073441498,1.4453947782199208,-0.7077976530963542,0.591552971104144,1.2217464484631235,1
1,1.4750447001353304,1.556081695473903,-1.0401619503196824,-0.4996706259150051,-0.46621149180633586,1
0,0.5035712153961989,0.43974355857702024,1.346568446559882,-1.50271960409965,-0.8191155326913752,0
0,1.129247839329438,0.1444649358846102,0.055904815270450145,-0.32560770401468025,-0.004785748623438506,0
0,1.06917574879845,-1.085710099889449,2.2528430919500066,-0.5015150438137406,0.43543031531215454,0
0,-0.4774546889678998,0.6537053184173225,0.37107637035834673,-2.036535830578685,0.32031710001264874,0
0,0.7650276709234954,0.0718051248456588,0.588908254107944,-1.0578525732700472,0.5389127373419449,0
0,0.03518178126420982,0.41091168433304787,-1.0616052669576297,-1.2303749384775882,-0.5531560544938244,0
0,0.626649983325443,-0.24356611561989558,-0.21820893626891905,-1.0537952981808685,1.1354934155625878,0
0,0.47296720849277196,-1.096029927652145,0.07269130725085587,1.3333095911657804,-1.6553481749129382,0
0,-0.7583784255388578,-1.3673457719246018,-0.637248639115465,0.5119388713806939,-0.7808564958889452,0
0,0.32998437397630537,-0.566620673614662,-0.46480102654614863,0.9649725056450548,0.038367582513031045,0
1,2.2034179547015733,1.7103765421145303,0.42014783237918407,0.5095883497780965,-0.6971181703217973,1
0,-0.012093153016699222,0.7787345729785663,0.4397597982588924,1.0830106566325353,-0.3096999082935002,0
0,-0.14778985638397252,0.18118273516555036,-1.3369452755522226,0.02692832426681006,-0.9816597996602828,0
1,0.6570016529361471,0.7686635543755015,0.28374090144324776,1.5156718138395948,-0.20815677472628574,1
0,0.4101705099305605,-0.47047448618618837,0.5530151824456233,-1.2313917986140066,0.46307725383803205,0
0,0.1252490206883466,0.8164698591907059,-0.5902768401417914,-0.067738992070578,-0.5355501606046755,0
1,1.0466896511739487,0.6135314776750701,-0.6919138007082076,-1.0248862374967787,-0.8789674291604104,1
0,-0.19550399812584002,1.261063728908618,0.44146914006430105,1.2417015621845586,-0.46091829438344545,0
0,0.09270194947666366,1.1256225154947774,-2.5730873547858444,0.41979328252532755,1.1038675544586372,0
1,1.2648185265683978,2.680833241921931,0.002084470507092254,1.1866951268771933,1.095573450841355,1
1,1.601606276505935,1.6284208924906665,1.6344279046123014,-1.40346715452998,-0.47810995522725985,0
1,0.5500404116779307,1.1950851094409032,-2.5963593138622114,-0.6024382829839438,0.5082869585781999,1
1,2.409653018111173,1.6138077596909217,0.8228748666721589,-1.7839497877432826,-0.018334524377144338,0
0,0.009545570979770799,0.5451509706311656,0.5444224477682887,0.36127707993035124,1.2840485651860467,0
1,0.9403878961058137,1.0095344565258084,-1.4381008292083342,-0.4281358062250516,0.19156628869779366,0
0,-1.4758253090326097,-0.6607219426956966,0.5204888576231634,0.7555868624128972,-0.20155418340615905,0
1,2.2174809646200355,1.229638103581602,1.0014198960975973,0.03165469801355255,1.5998774088585623,0
1,1.9348549316341852,0.9366153334805799,-1.176617199194926,-2.1301853813627356,-0.9238011526510603,1
1,1.7264114280814309,2.144531887190216,-0.7072243387000603,-1.6603781689039856,0.3192042143761897,1
1,2.1181888007587624,1.030142291762411,0.026107110641012236,0.08241393378073308,1.366072482201685,0
0,0.5165390377780268,0.057384879958405535,0.9776701464987709,0.4657219908344035,0.6661602276604871,0
1,1.7166628420321197,1.9898243123647057,-0.5411184020449537,-2.2162850661914444,-0.7628412362200294,1
0,-0.1525285303546902,0.7679053862075036,-0.042090733039248804,-0.08347785118705904,-0.816669541287384,0
0,-0.2502849591691547,0.12513556911283272,-0.6648937777702991,-1.0174017669419146,-1.4084880279843832,0
1,1.8525652143431197,1.630577741967951,0.02455762854340868,-1.1102141307244222,1.4829215840418843,0
1,2.4382188249276098,0.7898056234979146,1.0466782144776707,-0.6550131587666007,-1.1328933344521597,1
0,-0.0617419027895825,0.6138339881543423,0.10589683736941043,0.12351905850733916,0.7134015020240797,0
0,0.8858864435500333,0.7581139453783602,-0.3574591945904208,-0.7065452535959063,-1.4265114002180688,0
0,0.22389148407144718,-1.1222118434514723,-0.03275669676853363,-1.986143681567045,2.557090916729316,0
0,0.2284145811099969,1.0577674923213731,-0.8006255588079294,0.1156328942774108,-1.3528971252510322,1
0,1.4430656803943835,-0.42039568012218903,-0.9943920707958522,-0.3506969365397494,0.04252171419532534,0
1,2.5916069297310593,1.756778532881164,1.2034180293342038,-0.9382855649436498,1.212060039942697,1
0,1.007165546632929,0.046537034889532626,1.6377096089940597,-0.3078275602515103,-0.7030729343214804,0
1,1.1214318049798853,1.3637744923336543,-1.791511380311797,-0.3478548245944118,0.5637712009511963,1
0,1.3153095012937743,-0.12391078696611837,0.5821294945320687,0.04401282157537574,-0.2818320054712808,0
1,1.5506699235280261,0.8044620007858665,0.8589334714906841,-0.24788988998016132,0.38819174070833373,0
0,-0.1364947078521038,0.31429680638878654,-1.2116851319489936,0.16540926076194035,1.0807699319726978,0
1,0.3044509519520566,1.2283731987465896,-0.47175514444190453,-0.048607133674290495,-0.428370089376744,0
0,0.19577449473229375,-0.7856533927946349,-0.5770462583888749,0.8196940864269009,1.4969103678966982,0
1,0.9499876251384163,0.7789971869305784,1.900946760415316,1.584738194077696,0.35242897484649555,0
1,1.8449522971281946,0.6245322417851696,1.6524502163826356,-0.015134326784536032,1.9484658730062403,0
0,-0.6969390799426151,-0.3147543301812109,-0.9211768129693929,-0.6216131222906651,-0.8319463121703767,0
0,1.0786199026768823,0.2910595850594156,-1.4592481110440385,-1.4368413021111095,-0.6420766915593797,1
0,0.33094437772603724,-0.426670830359328,0.772976961765939,0.6463483247356054,-0.23226630539524443,0
1,2.9679229454497458,1.9852649340419735,0.5439475201306795,-0.9024944543579516,-1.2126528391737987,1
0,-0.6138144188955076,-0.0715286876504179,1.2439935011926322,2.3475467897802926,0.9258836065976931,0
0,0.9295075468247853,-0.17364295310482217,-1.059074571846563,2.779173305966406,-0.0758398568357292,1
0,-1.081627450219696,0.010059258177641429,0.7235410204822901,-0.213029265641617,-1.1461242097516686,0
0,0.12484528588457644,0.8370929590537932,-0.7317592213050164,-1.6650013386035845,-0.8227923570416392,0
1,1.2210261280348296,0.5771967848346153,0.6231634970066948,0.6537840261344292,-0.8699646113396255,1
1,1.3312260788497858,2.3938201828514867,-0.037119333672903654,2.09878951101476,0.9236594798815524,1
1,1.2901021492547027,1.9760960653547808,1.9006180029688753,-1.312275742303881,0.45717625505379295,0
1,1.0511702887892027,1.3870061029775607,0.44739369550005736,1.8980522355329246,-0.13256568881680264,1
1,0.8441870160095846,2.109815410862068,-0.31399431340248285,-1.8490027856522104,-0.36529851947496816,1
0,-0.2654560841588818,-0.19348371124458752,0.13793340736099136,-1.4542010657974251,-0.2387304735439327,0
1,1.6696170383721227,1.571407025196185,-0.10051845689141516,0.3089636352426564,1.781113794110841,1
0,0.6982166139756111,-0.32484870452503967,-1.1544363373353401,1.016708641158832,-0.23390137354110935,0
0,0.17721023797263236,0.5798850983311759,1.9248921543239772,-0.06643941452728566,0.8575479003435598,0
1,2.2999241207766317,0.9756466368585994,1.5987197226039267,0.4494194634168342,-0.32931029413483204,1
0,-0.8869061231742601,-0.03082067340104429,-0.17630346404039993,1.104412790622376,1.682497899771367,0
0,-0.2597816434252451,0.40748329099511754,0.6998807319481566,1.2201857384367065,-1.2191918172673486,0
0,0.42660295148185484,0.6289137848929093,2.0514293416419584,-0.6222998117410786,0.8070305974395393,0
0,0.20591445347481496,-0.4926930250613293,1.236896319384731,-0.8634552096857683,-0.7593934503681175,0
1,1.0832949312044935,1.8518829410722193,-0.30739140774721424,1.0535759956657134,2.2132985478520495,1
0,0.5604413352995412,-0.5891910486757075,-0.08795721969845831,0.4542137161956711,0.6973465929480572,0
0,-0.3187639091714887,-1.2901984953653574,-1.7175344472405853,0.5887331075604854,-1.7037927873137644,0
0,-0.4664181368362325,-0.44883818833847217,0.7747718432115515,-0.6611837000386143,-0.9314658699053693,0
0,0.2921686562980848,0.5007959856457904,1.242845234072603,0.6380565425397492,0.6851522933261267,0
0,0.00370161920054148,-0.007330127386708353,1.2497061661900428,-1.0944860369340927,0.6577918967055707,0
0,-0.31374740101716597,-0.32099878305371593,0.7010402681953752,0.24724143881552865,0.583125009803264,0
0,-0.334121115148263,0.033286994094605,0.35234661316059274,0.11177082818958857,0.15658444125400378,0
0,-0.6418780798840189,0.013439803810053162,-0.9978122506627974,0.11867877877278837,-0.3189223222129736,0
0,-0.23744894763531885,0.37313912931859566,0.31970954242284844,0.7811975990887728,1.086747262059412,0
0,0.6600056612924614,-0.9670259546553888,-0.6316619921671176,-1.0202036194031765,-0.8641566528615715,0
1,1.7467302777928986,1.338588225899289,0.5251794274872086,0.6769261333226684,0.05343341490689117,1
0,0.5751564484664071,0.07456636292491454,-0.7638661928562537,0.02065094963603341,-0.6201418920537802,0
0,0.30964112260482085,-0.8192220983125539,0.518816028959917,-0.7915518201999737,-0.6999193608032209,0
1,1.2326522758169085,0.5725505472592186,1.3231234132518113,-1.3218185292438542,-0.45899988908051637,0
0,-0.9894847648705458,-0.21882505138943376,0.3771516574028828,1.8886756152278135,-0.7352630091555942,0
0,-0.5561126188222772,0.005114569962075066,0.3284587403256437,-0.06945049396281161,0.5497134345152506,0
1,1.1972585133414881,1.4072276150333176,0.9130268968292327,-0.3549675629419061,-1.4761019585831763,1
0,-0.4491497221749958,-0.33380908880594706,1.770334653823917,-1.1436742377971132,0.4310174309837583,0
1,2.188611956115832,1.0415992442197255,-0.10728410424373405,1.0886541381221144,-0.6342664582696279,1
1,2.1823530801098214,1.1628942071124382,0.5210220087162025,1.0110845063231662,0.030388458293636244,1
1,2.927127784165987,1.579113056809246,1.5112325790186012,0.8185001785344097,-0.1668444886119416,1
1,1.1417672972845687,2.146772604075991,0.6692888563993621,-0.061033149082558656,-0.4992214789361692,1
0,0.9584689836386489,-1.332238131866472,-2.002377281168779,0.7512579397250793,1.2131234784184606,0
1,2.554760323398478,1.7738012727810952,-0.7156185460664132,-0.8238221223865665,-0.3708822926085023,1
0,-0.13935825482331834,-0.06669099671608784,0.7510421004504363,0.21761457698546222,0.7035023388750705,0
0,0.2841332381641408,0.3154333686593013,-0.40017265563151627,-0.05432378010105883,0.7163874188437264,0
0,0.7444399494847264,0.7113260023565932,1.4403546763581532,0.26704706900617153,-0.2725841530216601,0
0,-0.03535477359735656,-0.4530756454899449,1.857924013640533,-1.8131606509175704,-1.2578897490847483,0
0,-0.08183506632878555,0.566582806738348,-0.5902451660838568,1.8696883335772552,-0.8821453753117998,1
0,-0.3764024526704712,-0.752425718596757,-1.0325026704167284,1.6185311353370655,1.278798245054577,0
0,-1.4160231111978179,0.07655953966035338,-0.36118234934605215,-1.1500333849284563,0.49255072085768503,0
0,0.042282969893087434,-0.14551006160158997,-0.41891725186811296,0.5773616654772867,0.138855456512355,0
1,1.1740784035279443,1.4277676808044328,1.5360882878783755,-1.4869793105089386,-0.5670274204635793,0
0,-0.6452091741700966,-0.5934205709096999,-1.0353344182808668,0.08386387582861295,1.7318219318063535,0
1,1.8533149900865888,1.6621300736301208,0.7424302052748504,-2.195727117624432,-0.8681076547066389,1
1,0.7292126555073413,2.3517723593088684,1.3878379403471885,-0.2921644047030576,0.13970910424006705,0
1,2.0836479347683707,0.8168858775101728,0.8192204299495043,-0.4877589371359853,0.5018069268894043,0
0,0.2901595891563127,0.1137873129979338,0.4364552710486143,1.156741720036867,-1.3057062466043112,0
1,1.359884072981649,1.9135238726474078,-0.1622111877132452,1.668477238974696,-0.7584799262252258,1
1,1.5620138482933246,1.2219555631007297,1.8489766318616163,1.6909878361476292,-0.4575453745443617,1
1,0.8858673435074548,2.2162357529339944,-0.24525565837136334,1.158258779050844,0.8619102082460246,1
1,2.050203162019226,1.1421869951487709,0.948284317472521,0.08241763590433164,-0.4378391716762094,1
0,0.11241854463075925,-0.06977682191927696,-0.15873520106004688,0.38829755756074597,-1.4361894044785855,0
0,0.15710997275372657,-0.5958925178559429,-1.841703083068959,0.3834372743169733,-1.5322827027730783,0
1,1.9011342278038783,1.4759542142418733,-0.2696427108231888,-1.1803184131396132,-0.7669993034952027,1
0,-0.38544924833503436,0.001813767299382086,-0.15628382964222606,1.145925988574339,-1.4901085259642015,1
1,0.6885650350474397,1.7815407469069198,-0.14339514957622035,0.6900575972165595,0.7686434910712598,1
0,0.5743910249475784,-0.3817236242533763,-0.6603100820157913,0.7365025695227246,0.8078403470296441,0
0,0.4132310481674446,-0.4091973747303445,0.6257703518803093,-2.2814713441834695,0.00705496961908611,0
0,-0.32121528196256066,0.2774952707399889,0.7370894823430476,0.45274897687986054,-0.2631149708477308,0
0,0.24546611947802405,0.8383142940447382,-0.3058189095149944,1.0056411971371948,0.7415965296382129,1
1,2.35478406323077,1.7774061485785904,-0.3142155182991387,-0.015243255592865473,0.7001797118770196,1
0,0.6832204818503639,1.1084473491666869,-1.050688262620888,-0.5007414251253867,-0.986679630427945,1
1,1.2612646981408027,1.7331844827331717,0.25436233453691187,-1.362411159772127,-0.8485133208157749,1
0,-0.8932566272605508,0.3115757135126211,1.377919395197816,-1.4341488797920463,0.7065442078986014,0
1,0.809670916241948,1.8075757284019514,1.3786171322498553,0.15433269245735878,0.2705552592910224,0
0,-0.18703560777306666,0.892902453467498,-0.5991491217316725,-0.23475363620827094,0.6082352228321453,0
0,0.8773902799722951,0.7425420396703118,1.9911917670270995,-0.24877500571008268,-0.8939238474028446,0
0,-0.4370672472848209,-0.6509269398652617,-0.3621714008905693,1.5289240066603091,-0.7516601421321565,0
0,-0.35779671180561323,0.4803491325660426,-1.015939698469693,-1.2559151262200807,0.46388884152406906,0
1,1.2298533411290091,1.5592139034791048,-1.361846310617986,-0.34570196704376327,-0.6819591537900528,1
1,1.2809615222267998,1.2835789904666433,-1.0762677731843522,1.6941091743623031,-1.5199399401481635,1
0,-0.006736106451976359,-1.0637574932744525,0.3337498164556771,-0.31209222460653785,-0.6668114755131593,0
0,-0.7680301047310534,-0.924096546156167,-0.25746412476765307,0.06628771440014833,-0.20513846068653713,0
0,0.6506159737961708,-0.2186803320678594,-0.63200787293126,-0.17509285944494063,1.701348999437979,0
0,-0.08689264680578808,-0.8787549050608465,-0.847395060319414,0.705784535867705,-0.8384463482557933,0
0,1.487480744835201,-0.20625409125234864,-1.0861174567540721,-2.0550416852775504,-0.06168609245028117,0
0,-0.7041425991300089,0.4286047516571742,-0.8898688046263595,-0.2033547105270236,2.0429278238493818,0
0,0.9539197030949449,-0.34857379407369377,1.0153936718531409,0.054444692657689614,-1.0934074387894972,0
1,2.434807238791892,1.450077561650742,1.803336515473208,-0.9982034675573395,0.6604896054121098,1
0,-0.24701040530738935,-0.6419711749674404,1.865160269819391,0.3435917468417234,-0.710976318957416,0
0,-0.23703636810712056,0.17926037098249892,0.6870869281943682,0.7863785744906806,0.40169314984242366,0
0,-0.552778689677938,0.30488123488173957,-0.4922760331906505,0.451937540326352,2.3346421647480877,0
0,-0.5458928551437331,-0.8537605542084851,-0.6678134869487954,1.7792785282381622,0.791549998422333,0
0,-0.0003635698649149495,-0.45113177795879306,0.7561398271851035,-0.4333597434372933,0.15185884479774525,0
0,0.012417590547816642,-0.7603021604444132,-0.2463582022577131,0.49857637212413475,-0.9511232701671356,0
0,-0.9614131601646988,0.30552887809071105,0.411916545934652,0.47604402483313923,-0.17542080471741492,0
1,2.9761031939955185,1.4984039363289083,1.930437985701149,-0.2356161508062832,-0.5653576455165927,1
1,1.4442898857021629,1.370172923458652,0.21682857855558008,1.133398949621132,-1.4505547033409891,1
1,1.6393673663303132,1.3230310771152083,2.2778514510464523,0.2882366857983631,-2.128919747755647,1
1,1.2242575399519349,1.5937012612595545,-1.1268748166546567,-1.2010445204636437,-0.8304662017522363,1
0,-0.16020572345510053,0.20571089520684327,0.44742240703576724,0.7505956281138543,-0.031546768024930595,0
0,-0.21472686674652505,-0.2973464962881256,0.31373652056004475,-0.4993740441922947,1.1193183572971772,0
0,-0.0017582554951562667,-0.38135808232224916,-0.984081271321006,-0.32275088722740014,-0.7381891918145159,0
1,1.5912460537431314,1.3646028829778787,0.8016555455671923,-0.24869076082703084,0.19161469109502707,1
1,2.0829198091246424,1.286159061200161,1.5308099945178637,0.7352913442509993,-1.7011928169878705,1
0,0.13633196225926564,1.236409335029591,2.202669817231093,1.078985871339564,-0.8004021639769917,0
0,0.42256981223970197,-0.2303368034226485,0.41128985722026773,-0.1594873068269174,-2.44732950100801,0
0,-0.005886493083260615,0.17379918726862728,-1.9001068220141835,-0.21684038562236316,2.23412423887765,0
0,0.13875153306353452,0.2795558929698895,0.4769897559945693,-2.0471451816752673,0.1979921877956408,0
1,1.4552165903900371,2.240314574368515,0.74195958149375,-0.7098265266496763,0.16641143126979768,0
0,0.6018670406025892,-0.48671075504768085,-0.23518599760965672,-0.9467653992584387,0.5352196840053844,0
0,0.19357345770955472,0.8037886974850025,0.215119275433445,0.3111935851441405,2.5323572339959477,0
0,-0.09484491270774041,-0.08843734459250453,-0.48342632454889223,-0.10706847681358406,-0.4352741453346845,0
0,-0.11274608073079243,1.5008071377878414,-0.13369560789033313,-0.9088362232085638,-0.9807743934785866,0
0,-0.06554360474819822,0.21756133153568968,1.017486985312624,0.1527032972762051,2.0001814765396215,0
1,1.6182663542062192,0.6626425223894794,1.3890237402016365,-0.06765574140260831,-1.2308860135350062,0
0,-0.033816660731352234,-0.11829520358573103,-1.2707089219342524,-2.540422912310924,1.2981271331538697,0
0,-0.3353049931268159,0.8017616143969521,-0.5113223844313154,1.1079205286932547,-0.07381957240460928,0
0,0.45894033316095656,0.04892469264673618,-1.5884544918435681,1.0108907230112403,0.43334720663147014,1
0,0.49684559552890206,-0.03577524455826272,1.838324258818206,-0.2379197151119255,-1.4367130432897057,0
0,1.070314102740448,0.43139829832061044,0.8707795194891192,0.3525974996148465,2.5935767162479038,0
0,-0.36217782638685675,-0.20699861440053244,-2.0010033999191803,-0.32527177361431703,-0.38223057301293495,0
0,0.3998632350912635,-0.12643990546976208,-0.06453476245946102,-1.604448193120534,-0.7013530703372463,0
0,-1.1454823897696094,-0.5668047059589297,-0.2834590721501699,2.163723858461015,0.5483708571299468,0
1,2.0974258390131326,2.437292468579834,-0.7559389441975091,0.7497652183428546,-0.6449640765082184,1
1,0.7260507309956892,0.6664332324514809,1.036277317036397,0.9406029339138456,0.42445984672362214,0
1,1.0094013378566289,1.5016799958580929,1.0133868424737364,-0.28454444415558183,-1.2609816331886474,0
0,0.1993351974094911,0.2879307288491598,0.2694516096816971,1.1259767520038988,0.1456083379017949,0
1,1.2271005787466127,1.3918093280489228,-0.6416524415197875,-1.3702286173257703,-0.6031655083769785,1
1,1.144987893998254,0.6476823227061059,-0.6332480292666243,-0.24548708435031957,-0.7833165367101316,1
0,-0.2908896134990075,-0.59925841662668,0.043926750701900386,0.739812557465597,-0.941325141464804,0
0,0.43777559515111525,0.313510151013971,-0.4571363573996206,-0.626807173679099,0.8858638640369837,0
0,-0.5597342378506461,-0.4679275851576925,-0.005821454117078409,0.910712300229399,-0.35039757285132284,0
1,1.5675070814664787,0.15678966650692105,0.5580810961836272,0.3037524750317154,-0.18388556809874665,0
0,-0.22719377072360186,0.23218699367345946,-1.5335284632336017,0.20961738293956,0.4270658847385662,0
0,0.49193446279740816,-0.5234972279734685,-0.7581842841854047,-0.7200669340813771,1.1401573344420797,0
1,2.108753052449706,1.7787315641421508,-0.0336929608187298,0.4043763245521753,-0.9232536724956949,1
0,-1.1011690784616674,-0.12097277893457081,1.5653448972236796,1.9325459485875578,0.22064255035087807,0
1,2.227065651258589,1.2501126028917178,0.8453335500072522,0.1752864051986025,-0.9096537691076337,1
1,1.2335464561247131,1.4313429098102446,-0.003584025583877192,0.5559655091927334,-0.20851419839240332,1
1,1.7417753191580045,0.7169040019637712,0.4023087071149271,0.7035223598534136,1.0650869213661331,0
1,1.036654755770022,0.904728147441433,-0.10150386771522495,-1.1444146729620681,-2.346053355274089,1
0,0.22268076162586994,-0.1559544292527979,1.0772237738493302,-0.13257550901461618,-0.9228789510218467,0
0,1.5308093721726612,-0.686605754862342,0.4337531513945975,-0.16302317903634345,-0.2313256866098424,0
1,1.67629933677102,1.8282905956769857,1.278800244383269,-2.1249096555814733,0.38062342276101496,0
1,1.3240913694121859,1.2155726117071457,-1.3553386824047795,0.7889723920599844,1.219752356922861,1
0,-0.13929674080532464,-0.869661960990544,-0.8061905400911277,-0.9318236358395041,-1.6972808424949384,0
0,-0.8814179743428119,-0.3354173872734172,0.27457133663544436,0.6796331224624778,1.4154797165921607,0
0,0.8693779716986748,0.06072153895314454,0.4935111886688474,-0.7580274466770972,0.5207911062650522,0
0,0.18772986455796625,-0.26765427210713205,2.4003384500050413,2.042113138993279,-0.24062812661207159,0
0,-0.629338743778708,0.23988953183741357,-1.8077466356845824,-0.2785568261671659,-1.4690353427500435,0
1,0.9902090259227483,1.7444218097075825,-0.03307525236381594,1.9211610816228928,-0.5724364241866489,1
1,1.6091694274892958,2.8410201655718685,-0.07792198916473564,-0.17271019835494741,1.0251929232065058,1
1,2.1591972360030924,2.090386520816435,0.23783861242040305,-0.0534698608438645,0.026424081027409282,1
0,-0.6905939452421828,-0.9818222066180027,1.733260621288509,1.5665905915093143,-0.1808068933151632,0
0,0.6680456051203028,-0.21613949099920474,0.8762756143384679,-0.9175675653379308,-0.9714807375973598,0
0,-0.05498013117414208,-0.15998477546877965,-1.6040143215323632,0.049957236084277865,0.7346372409321068,0
0,-0.5581460310042581,0.34504255345478346,1.5337594472768745,0.5395367648034324,-0.14970970474168468,0
0,-0.2806142559437867,-0.5601516424210268,1.505863024410833,0.40378897697622085,-0.23662216565026675,0
0,1.0491323262778258,-0.31875129851900313,0.2630745671988689,0.04302283004426586,-0.09523457737315622,0
0,-0.8329280019272024,-0.7466471255455932,-1.6177652478781663,-0.09432550896564011,-0.6452491129297296,0
0,-0.439135773567688,-0.36135943409490495,-0.15161897565363683,0.8464424734250557,-0.8152987092617204,0
0,0.5715501507809523,-0.33897932835124656,0.46872798791005604,0.17678664105622083,-1.5195258556758124,0
0,0.12987422607218088,-0.18780348771383493,0.9965510134041364,0.9663785405756935,-0.619470750045039,0
0,-0.47474449095483134,-0.7119076421518542,-1.7704477912488932,0.39189471226228395,-1.800160505096854,0
0,0.5788759418188938,0.5892154436405356,-0.7691045476676663,0.6502050619467634,0.4857012076228313,0
0,0.6073774399015085,0.2833283177000311,1.0980164114413735,1.133563093546996,-0.6676336792844383,0
0,0.1988344011108487,-0.8692978636286702,1.501765070677553,-0.31008186552267647,-0.3923014263229106,0
0,-0.3674379525501085,0.01558376350045688,0.4305274326631392,1.1064493646981555,-0.03713465174191918,0
1,1.3250172280993853,0.4608470721544706,1.1485122136202721,-0.1568147358212688,-0.8021916109972269,0
0,0.17080563917903913,0.8053534356159795,0.45528127100631993,-1.400660802405447,-1.1750038466624948,0
1,0.8128425632719724,2.368465023893976,0.9630847581139547,-0.329197454637853,0.2218263347171948,0
0,0.7966709286798673,-0.033442376333127216,0.14512227513246032,-0.7227023763462832,1.889010052790131,0
1,2.620125453205503,0.8884128995871993,0.47994854321821684,0.3753346351079934,0.9101368402738811,1
1,1.4584270900958376,1.001438403442654,-1.2217785933831198,-0.285778092562294,1.2798701343125372,1
0,0.21366269545848407,-0.2722452493654829,0.7221372659725718,0.12787207151545724,-1.2984367504567358,0
1,2.3114812257095956,1.3359036584452402,-1.252352847885232,1.0142184296928458,-0.19146298560725145,1
0,1.173336503140613,0.8222817884437965,0.7210160659805871,1.485773963186474,-0.19800389960206782,1
1,2.534188801294419,1.9733610861854385,-0.43898303698163843,0.29270135888580084,1.4284245212425115,1
0,-1.0413225080152755,0.5826027022404574,0.3699883039639026,1.085649902597302,0.9168265447100192,0
0,-0.18933221299651137,0.10234696240370897,-0.9527967206069873,-0.17714449461543613,-0.1641369170308678,0
1,1.9004129508899315,0.70783296563497,-0.5036081874069511,-1.56315896538667,-2.288362543943994,1
1,1.303469621858841,0.9379659742210228,0.36797091938043885,-1.1793224652714636,-1.1588073108615269,0
0,1.0696600470242188,0.03643275789145844,0.7543316332510144,-0.19570890720212977,0.6329478364427352,0
1,2.5776251036815796,0.6793399418935446,1.0937911771589663,0.7955940975530901,-0.32073920260655847,1
0,-0.4895580847552379,0.182389770331264,-1.1500736638399,-0.19287118613183868,-0.11021027309308344,0
0,-0.09744001194343418,0.4830741128462089,-1.501132819688077,1.1858799574608112,0.6136319953668279,0
1,1.1502675182862179,1.7272072351749947,-0.9753063319064694,1.8316482067264992,1.1318077257726882,1
0,-0.11707706646370178,0.30311368375099934,-1.0656082226952288,-0.88827479393913,-0.7788256446385721,0
0,-0.13525940960002997,-1.1197695899738402,1.5668289286788983,2.124860721433506,0.5916542443549045,0
1,2.172554748848115,2.2000134780026577,1.3402080969802712,-1.6347442197826036,1.6114505073602006,0
0,-0.5330787982403007,-0.9404311980192085,-0.9966167331842901,1.8488343601263273,1.4279735835294314,0
0,-1.5700497629734582,-0.09164952830749389,1.7103090860835093,-0.0335241934647463,-0.5308177010746254,0
0,-0.9627258493408919,0.3711261262716444,1.2804986435158507,-0.23284379358552693,0.29487616271197986,0
1,0.9830190323759621,1.6151585155908939,-1.6296028580143846,-0.008019320281350115,0.750751478638372,1
0,-0.393414953398243,-0.7667017962275768,-1.0302323300470801,-0.7999694846488156,0.020150401507067532,0
0,0.11230464036912798,-0.6589953737422175,-1.6592598522933881,1.5015555001414507,-0.24919305194607852,1
1,0.9521236566826844,1.5722429734440688,-0.08658164540371352,-0.6920037006287194,-1.7304590762252356,1
0,-0.7266603541559591,0.30650700826169447,0.01741212405689858,-0.5645114953638278,-0.8650765571685549,0
0,-0.557668450591266,-0.6643223067676967,0.015539847100134492,-1.3792511380183092,-0.6953277590638676,0
1,0.9306075993041313,1.6355555833789859,-2.026727393343913,-0.7306634557368217,-1.261376430024235,1
1,1.2673037534226128,0.4908359121835615,-1.4272389341356218,-0.7002450204250129,0.10949849082307639,1
0,-0.3583724375370393,0.374633554382274,0.260154875825153,-0.7673630899887285,0.8665579878823991,0
1,2.0134340901842864,0.8696949069397818,0.6222224861501321,-0.1757051978724264,-0.4192252638706486,1
1,1.0062823689582268,1.4483080747509227,-2.019811296229976,-1.114750261384891,-2.2037034367400525,1
0,-0.21455797699786275,-0.052438615377303356,-1.281132017832763,1.5945196899396885,-0.11837293334816193,0
1,1.2729863920499387,2.096394396746761,1.022413139919591,-0.15280063855038448,0.2739865752394281,1
1,2.0853309856225404,1.5452780172202023,-1.224353217238137,0.3740341817194857,0.20636725000827566,1
0,-0.0925675656106225,-0.3594611127843094,-0.014699165803902608,0.8617912530898139,-0.7211442398304179,0
0,0.6304180340395166,0.2157556233265044,-1.3195433810721482,2.024937471398385,-1.2049942390112456,1
1,0.9085778943971148,2.6854479435325866,0.8314819538599876,0.9098829674348138,0.8863997089060738,1
1,1.5703800349391082,1.844073752772101,-2.0169825604534526,-0.2478309790210258,0.3517284855765949,1
0,-0.34553461021795945,-0.03550020824021726,-0.3044590057879007,-1.0727366842614467,-0.6812326105780525,0
1,0.8643723412686378,0.8998322171972142,0.9403064281783567,0.3380946366346218,-1.501184152201899,0
1,1.5594933754089655,1.0301050996353704,0.6100286049755275,1.0622966130390592,0.22260675353730044,1
1,2.639756654941134,1.8079957529811381,-0.46411237060836963,0.14193175673827646,-0.8975454258230171,1
1,1.08825471824432,0.8685184566069959,-0.6986821427588602,0.06521609423584458,0.38269218388034143,0
0,-0.07647298910265983,0.0016132566474811962,-0.2328965247489081,0.21348459707040487,0.15783643869526454,0
0,-0.7873389717555307,0.8625713474036467,-1.2893510827935462,-1.869785947745006,2.0769083373226183,0
0,-0.8755366631424055,0.0902354358141926,-0.10000741316607512,0.14646854737386378,-0.07790226964213504,0
0,-0.4723513976057406,-0.6474790747784588,-0.0828759647099221,0.7322750096412778,2.0007589032305555,0
0,-0.2699898069775084,1.306708711603566,-0.41794925643837544,-0.045683075787559445,0.08191281475860027,0
1,1.35665017544131,2.4574689787675457,1.0003476144679113,1.1235098020224263,-0.6669267235086798,1
1,1.4643849909524644,1.7007059350274556,-1.0704836238451765,1.1568861062177684,-1.0554819594082523,1
0,-0.9889995844220217,0.7654532468034522,-1.7043874172568343,-0.5038985978496107,-0.8770293025685826,0
1,1.2244322730958168,1.2398121913194164,-0.5253193731584994,0.44178932427776163,0.4290799129452593,1
0,0.301055084042205,0.43467268659927005,0.12399764195169172,0.042756368077640126,0.1291596816512428,0
0,-0.8149470437367226,-0.2541238831084512,-0.10672825674646987,-2.028532674622411,-1.838639680086296,0
0,-0.21308741690704264,-0.8132490179729727,-0.1511620159446582,-0.18718666446385138,1.0201638078694872,0
0,0.1757062559628407,1.5551535665044058,-1.126364513015555,-1.0309008729892375,1.4769065490100248,0
0,-0.4693601532142018,-0.8439228399739823,-0.9825399825450981,0.13398952728774666,-1.848789211763645,0
1,1.8049146376965086,1.5785348786347444,-0.4883461809004396,0.6827505672296468,1.0120246143932186,1
0,-0.9126757676310187,0.17152601110690263,-0.5671973260030546,-0.2176183151905612,1.6830928295355254,0
0,0.5330697437593233,0.309603350513711,1.0980855654873265,-0.9000346435818887,-1.796062431961534,0
0,0.2194804398562175,-0.053810559715108515,0.2639158534832956,0.23396626670626652,-0.46726139192088567,0
0,0.03339924210568032,-0.04754990593686423,-0.5325634925843347,2.4437054461391456,-0.8495460268010373,1
1,2.2748908157835044,1.483047040034196,1.0950130576362413,-2.172293204983374,0.9738966311792348,0
1,1.4023905644580312,1.687921088804471,0.4462785885648339,0.23280508355604343,-0.41468844814965794,1
0,-0.37071366747714724,-0.0010898168581381588,-1.3575436031951795,-0.5437844505006968,-0.4545623814200877,0
0,0.8235265704583477,-0.041016687494937504,-3.241672817878376,-0.42608209348724313,0.4212660932677516,1
0,1.1044594813408768,-0.792665965763625,-1.3262345859312439,-0.10469014602095225,1.5596192588032636,0
1,1.1839373763293424,2.6082094818184265,0.5949346183951217,-0.34405662779295626,-0.06164523073748987,1
0,-0.06824594226468916,0.32141948958141975,0.8914850545821161,0.6018038882736526,-0.470733884403982,0
0,0.6270255259568726,0.12534405678249305,-1.6602306146947008,-0.24179022617613036,-0.2843528957391303,0
0,-0.04688700108646345,-0.3746803766037661,0.6586442157705474,-2.1618753549541836,0.6581444813542116,0
0,0.3567531052427902,-0.6021685157099067,0.6207398441603127,1.2796693294619215,-1.331382814769541,0
0,0.46824215849302947,0.5159918688285217,1.3950417655194778,1.1292785057494807,-0.016438275067871714,0
0,-0.33738274533392637,-0.09591743105072253,0.9503941460088128,-0.6067576825134171,-0.9377360360395796,0
1,1.8515647980401555,1.7726387507437367,1.351882468002411,0.049771934996761996,-1.202997566482097,1
0,-0.0037156167059621764,-0.8112900802206899,0.48836591161140785,1.2175890772837368,-1.9446786854977147,0
0,-0.7301211560362573,0.9281129063859791,0.4549218898004083,1.033163846530798,-0.5149907974020554,0
0,-0.5937915878570401,0.5408264612456622,-0.3372845872609783,1.35736919467846,1.078728175014336,0
0,-0.3914501546378212,-0.04863761565878544,0.8202563633840034,0.37447750508844985,-1.9833811048193597,0
1,2.1571119104815626,1.6805752510537444,-1.332406720550684,0.7695335660246497,0.542718526132554,1
1,2.1768148973879966,1.8446026157208892,-0.13867742876492925,1.4087682918165256,-0.6488352502049427,1
0,0.4499477509929706,-0.802188330248682,0.5398835383246735,-0.3432857233398056,-1.0633949259441449,0
1,1.8640664219593708,2.406696134832752,1.4082148612625556,0.44062168101670013,0.3438756594804376,1
1,1.847695784293864,1.6899565988497798,-0.4779381774875889,-2.146590133076616,1.3105669864942855,0
1,1.7665362697328981,0.9775386274803777,0.9665810523369827,-1.579840895493819,1.497993204034094,0
0,0.24455823325298048,-0.6579549939987369,-0.19717859769749094,0.4999834655317496,0.2836992137955639,0
0,0.28521755019852146,0.5922586448304283,0.9870589363405647,0.6526628703372532,-0.07028452977826824,0
0,-0.8426532994364285,0.1266955183362031,-0.801352105736755,-0.3872846779757461,0.39155329534038685,0
1,1.125851712433457,1.689560541759256,0.7259715713431093,-0.6064129366555505,2.4769622776152516,0
0,-0.6173529746892256,0.01599873273376792,-0.09533777097300156,-0.3555677370889212,-0.29267995542728564,0
0,0.6642870045924053,-0.6016462135056309,-1.1851011860610572,0.19186942668942814,1.1349372655155334,0
0,0.9924600621501676,0.30517067395687025,-0.15329761377518725,-2.3137260667804114,-0.5923726584562972,0
0,-1.301428752247305,-0.11852108349027375,1.3217112210200765,0.4656187555057123,-0.8306289877472443,0
0,0.9388887671229964,-0.013014675895883813,-1.019204919649232,0.03240821982423724,1.7689003554182876,0
0,0.052032824118917735,1.4262016234233459,-1.4843174378772024,0.24742922874016707,0.0026573304701787213,1
0,0.6076318914952211,0.5214414826588253,0.3987425232654315,-0.12372943451852514,0.22456649435852463,0
1,1.903880292750938,1.956058945854755,-1.6777981022783872,-1.383087015913084,0.5469479498418552,1
1,2.4642370321599523,3.032313876462535,1.5633549608976416,-1.0981952236435206,-0.8926488881218047,1
0,0.1258454600144977,0.23074432330807154,1.5381603648978048,1.523485718454691,-0.4382731495074313,0
1,0.7819273247122501,1.4718245218695878,1.0382803277164534,-0.642624802718057,-0.6420468592371356,0
0,-0.06340493026392599,-0.40752440963474507,-0.011231988723430198,0.8078148894224692,0.3321779185796246,0
1,1.9093936276640835,1.1284688850635922,1.664661667791436,-1.082364584924377,0.36663519473529943,0
1,1.4704233390793848,0.17173774007107334,1.3454474726538217,-0.01499603099065385,-0.6005118061673307,0
0,0.3946390332916024,0.4742540032839449,-0.5327188464388023,-0.44068303539509135,2.027766244805877,0
0,-0.03941843318426636,-0.7601525983862402,1.438836027009161,-0.287498023207297,-0.02737858707374438,0
0,-0.357305591468922,0.5416415891734527,-0.9116735015242096,-0.3400029708850879,0.10278172067100014,0
0,-0.6515870299869245,-0.02581561017634436,-0.19703293279770606,1.4439216959071985,1.3434926005310728,0
0,-0.23508922952000666,0.07683522885861943,-1.7934639640876766,1.9274863488321399,-0.874928019517511,1
0,0.12274298982019642,-0.025420758086639402,0.14592376448049135,0.23763018074675876,-0.5208718059907546,0
1,0.4243649174464297,2.2316446573297797,-0.2945084966017974,-0.4126983766400148,0.2855045396494807,1
0,-0.468045846429014,0.7256654159618573,-0.45219994191751256,-1.3292274652299114,-1.475654112540314,0
0,-1.1980152268646391,-0.017334843392773403,-0.1656541556254417,-1.398069811172525,-0.23745284127081517,0
0,-0.37024491238682383,-0.5394024458479777,-0.579545248905348,1.449356364530453,2.0508767761248685,0
0,0.7183888405723341,0.5543334631992237,0.041674142271552195,-1.468595546930982,1.82898621946676,0
1,0.8883301709626987,0.8152550171508431,1.2835690915661258,-0.44033708708774943,0.8972162929052405,0
0,0.42189584751679765,-0.9329167746708968,-1.0618528189377991,0.15530731811163848,1.1827524493870143,0
0,1.709295076387392,0.29900992109263647,0.8625274128373749,-2.6015631132729626,0.4933809621579936,0
0,0.8721228787544097,0.7310939530819358,0.2152422137541029,-1.2505944959235424,-0.4315151512573436,0
0,0.08010802823472708,-0.24305110067632568,0.3741264332786607,-1.3384262532410234,1.6435767717478975,0
0,0.5150606734778895,0.2427106129408564,-0.03070886265467124,-0.665705447935257,-0.9488244399738068,0
1,0.7781903185379251,1.15059571295738,-0.7174001070186679,0.258682873746283,0.9684617613256089,1
0,-0.9440487920463325,0.43319600921149076,0.44486369741550363,1.02777696938212,-0.5091891220082765,0
0,0.01721886544763623,0.6570178118473292,0.518839297423519,-0.6635553216637243,-0.4489741618735797,0
0,0.23916633808104681,-0.1577191286892137,-0.8004693432129621,-0.46165975318827945,0.5386609056807315,0
1,2.2566425705495443,0.7834381053664825,-1.3385145487125059,-0.1195810748102273,2.0339758545815276,1
0,-0.3412572848407891,-0.8742183615669235,0.0853079601757378,-0.8055367600498159,1.4286612654285575,0
0,0.11603729061698749,0.5554130594761489,0.7547208439553558,0.41780986168284734,0.3387608360573756,0
1,1.6954669339317847,0.7180601049753039,1.005090050142526,0.44869396883061524,0.06287260649144685,0
1,1.5211635366541199,1.62321454472142,1.2033232233270192,-2.721575936347919,0.7814761593938941,0
0,-0.04348492568040072,0.4664442410655095,0.37139083412097873,0.6394235908172924,1.3651636319858083,0
1,1.0871772984162638,1.099218872869674,-0.2632126798285532,0.1272065132046298,-1.7605575329898533,1
1,1.767824445030978,1.3002734898920265,-0.0021544914668746766,0.2587686125637639,-0.12700998883685258,1
0,0.11702998811704694,0.5994260685040635,-1.2431767749956264,1.179594930222633,-1.0524338673610374,1
1,1.335992940426379,0.9150837275991441,-0.6826454504373479,-1.7862950901309824,-0.218679978664056,0
0,0.3994645596141404,-0.5458269630204582,-0.05324563585475137,-1.2554911731805667,-1.257904613653659,0
0,0.6166989530593775,-0.14063473272544244,-0.26663891393199307,-0.07023914773883298,-1.8060683168622034,0
0,0.40642577758527754,0.7667475972458238,0.09200929338490335,-2.3213758583391204,-1.319251249521047,0
1,0.9745340079635655,2.3664386567621616,-1.3748372416640011,-0.2116508201745978,-0.5535079954744144,1
0,0.05978746011719499,-0.059269812264440336,-1.1514693017239295,0.8460653132421146,0.5865451058117745,0
0,-0.5468589377180714,-0.4272729768268801,0.7755936926674768,0.39663882365940567,-0.8138996617362815,0
0,0.05793284777989994,0.638468769551751,-0.8333446735086815,0.0789940837813233,-0.8657046424408092,1
0,-0.5445220182119483,-1.0015773489962851,-0.6761820213704531,-0.23272382991040877,0.39571657239780905,0
1,2.3662980024128712,1.5485665124888541,0.09503572663339595,-0.4278704188379273,0.2867889131821855,1
1,2.0699988814119052,1.373651844296477,-0.9311872114942111,-0.48548017075532945,1.7021859412140545,1
0,0.6917935832054335,0.7762967061146288,1.1063299275807599,0.22872337877012022,0.9346862513547662,0
1,2.231033254117298,2.2370111237830255,-1.2568301265239807,-1.5508926054018186,-1.0258995610901824,1
1,1.4376401730558013,0.8344828652316355,0.0015239890852201355,1.4631154471752725,-0.6705670807608464,1
0,-0.25536584611645535,0.10060682128498509,-0.7485850299949548,-0.7376392048484065,0.7464803100926451,0
0,1.045034297220092,-0.34236260534492424,0.15618749547137054,0.5576788543044419,-0.8865508877008246,0
0,-0.09907179010344902,-0.17599643094404413,-0.49746436372402136,0.08036302090443626,-0.32434052638381344,0
0,-0.8127483854831994,0.3704326647347847,-0.02365186515109181,-1.153639416400271,-1.7104509640460892,0
0,0.604480040199495,-0.20093647325515945,1.2212809158058513,1.29266484720105,-1.3066232435404237,0
0,0.0862654009582324,0.11635527391681497,-0.6874464477480405,1.081463166115787,1.2593807969471804,0
1,2.503566474387389,1.974363299167858,-0.6957703825869478,-1.5706625975756416,0.16719285647998672,1
0,0.14578180678850916,0.9090970342775555,-0.31590089105597763,-0.07357041806912978,-0.6290093367414795,0
1,1.5879991075919722,1.5732080868856726,1.474019380783673,0.20736636905297065,-0.4885009417174976,1
1,2.515672485264814,1.4706592442240831,-0.08974268279240716,-2.071337312177897,1.7152999144754542,0
0,-0.9230798070221924,-0.6643740956891083,1.234202609395989,-2.1205446801460983,-0.6568149150443576,0
0,-0.35121738276180436,0.9514790724664319,-0.1769114225816663,-0.8336625518522882,0.4733661855367106,0
1,1.0675822168868754,1.697420640696889,1.1896370232870916,-1.3132211270620804,0.871459938892431,0
1,0.2829521328560296,1.4817350746920153,0.4073915553283678,-1.0435230970015281,1.4449707420400761,0
0,0.5239058568099618,0.05102953331801645,0.5545664432075987,-1.3130542415903177,-0.8510630149940412,0
1,1.2655489516102367,1.6163920841331525,-1.435768148489164,-0.12239376245891444,-1.3994427782460241,1
0,0.5432208249879449,0.4630742939284398,-1.5841474904176065,-0.892276121678307,-1.103673935811889,0
1,1.8334518947407625,1.9373303180783559,1.0702015120282002,1.1139663554430927,0.7310306526594713,1
1,1.9642854799766107,2.366481137483963,1.0577714140153047,0.18027027331788267,1.9919053267057272,1
0,-0.2732396885043885,0.1456131051075697,2.4214552379339294,0.7943132383862512,0.7657927064837745,0
0,-0.458548886391029,1.0525207315592422,-1.4859530114762045,-1.6882675750342893,-0.6594965000061913,0
0,0.0538565251318324,0.6346339676895367,0.48579941884012473,-0.6282236641905039,1.187825634090516,0
1,2.1515009099849016,1.3639211712983155,-1.0238209716850253,0.13621611485447158,-0.46909636138925925,1
1,1.569770796709755,0.39957576293400465,-0.7406011268317043,0.45297851931957633,-0.8317063305363062,1
1,1.1788382064206246,1.4513373585781897,-0.5022461674314488,-0.6476959654742009,-0.33143109172796426,1
0,-0.7194108548390151,0.9350866829341931,0.3823550409214328,-0.5011298842014649,-0.5811233280421243,0
0,0.12249780919429619,-0.4651578780793263,-0.664026073090298,-0.39153918456991427,-0.7018967007621457,0
0,-0.33244052095712257,0.04947758847753125,0.033656192070407306,-0.2978635466316518,1.2217575642765084,0
0,-0.04304435243384394,0.09913134559306552,0.8320342374962363,2.1641973065071136,-0.5157743382502803,0
0,-0.14326726934919565,0.5652759550987202,1.127973316707375,0.31324298762102876,-1.5872903254118782,0
1,1.3333414151892728,1.1673130713300217,0.6925893194466352,0.03987533346707695,0.5858703780483939,0
0,0.17628213645570734,-0.5216302490731737,0.45186808154588454,-1.2590084715029133,-0.9546327303631504,0
0,0.3327024504864642,0.3420012907342406,-0.141633679336966,-1.2353459615754911,-0.9223957743758054,0
1,2.77916736679047,0.9539677885774384,-0.5689318929450766,-0.2132081724276444,0.7012401457936184,1
1,2.054780628810707,0.2986967887147338,0.5390115309989983,1.130375173987268,-0.7254277362918822,1
0,0.9562093976844842,1.1042231546567187,-1.0509090563574768,-0.1991398960657245,-0.4528473340895632,1
1,1.1088397771589582,1.9562183972825313,0.1191287224448039,-0.15631134747223388,0.04217599256212874,0
0,-0.9605668624362141,1.1300326712503124,-1.0756772987787948,-0.74424861653258,-0.28634209855538256,0
0,-0.008658153432094876,0.5244076518093215,-0.04127818669181982,-1.7416729368155364,-0.4292174935583797,0
1,2.1148163464894596,1.8082189530154713,-1.0537102564917884,0.43689457448329255,-2.3429413909182446,1
1,2.0206970308956578,1.6217213800522143,-0.40056353819993185,-0.254350147491116,-0.17286280436301443,1
0,0.7268289433959448,-0.11161696893736689,-0.675953013986141,0.4460309732143207,1.613454640145967,0
0,-1.5219272153911236,0.3072639491430579,-0.7965580293734599,0.15463193381978224,0.6296440487902795,0
0,0.7517861369305247,-0.3319394906244611,-0.0873570180777389,-0.9641001770958001,-0.37550127797149596,0
0,0.20127757585778425,-0.6415375034875309,-2.423801502546067,0.2254098694948774,0.47017997004021483,0
1,0.6735919929249924,1.2006645098473554,-1.8024787965978253,-1.2910511928080155,0.627361051879955,1
0,0.4341173080372835,0.7748953748108363,0.8037126389916157,0.21754215721719042,-0.8420609268188106,0
0,0.10168954609977798,-0.7394440121551504,0.1474787925089596,-0.062837195229037,1.2571747444183392,0
0,0.22873757914683046,-0.7299099904800597,-0.7233666101398996,1.5405992150497547,0.16307450246615574,0
0,0.5994654901892169,0.35478549762769335,0.9739033630732511,-0.8668901356360447,-0.3123297145309617,0
0,0.25816522105842943,-0.24904722266199997,-0.6391774699553207,-1.3268879977019146,1.5904370220159056,0
0,-0.8836950590818112,0.29129702709567895,-0.5796933154921361,-0.4131627107204668,-2.0683307355266187,0
0,-0.08581576186974539,0.5939144591276672,-0.7833852750993312,0.6090859832236866,-1.175809338473603,0
0,-0.970587102510535,0.2769194905547268,1.9066187707246574,-2.7977233803284016,0.6416024640392927,0
1,1.9894371283353354,1.0206526527929314,0.2351017345721631,0.8755328636226373,0.6740839489221508,1
1,2.438782144950424,2.169760285117163,0.19571087418218253,-0.20861559406963748,1.6467898634631273,1
0,-0.7448711775313954,0.44527360956210643,0.46640098562108734,-1.1419100801797715,-2.2559816033011457,0
0,-0.4028782563194462,0.016096712513746815,-1.8527094911146027,-0.3678455708154725,0.8586991684801528,0
0,-0.529421592673301,-0.012949688339058683,-0.5940084682553572,-0.7410730435994188,-1.245349000817121,0
0,-0.27234316316300217,0.22439552368619362,0.45498686154256274,-1.2251055090154126,0.41889981326246273,0
0,0.2474538949193208,-0.1871902201549826,-0.004108484037956215,-1.9386042595373496,-0.06501693638052224,0
1,1.3341585267393048,0.42127718316796403,2.2054187003212378,0.7304789451846814,0.8498999897676149,0
1,1.9915181036194152,1.850094647757004,-0.535191575062935,-0.5594802920267219,-0.23537421824644927,1
0,0.639227862045585,0.41444581192270513,0.9431830469104908,-0.3914750979732823,1.011015924799955,0
1,2.261055556797566,0.019360420581965077,0.8060042904107796,0.8447777514452072,-0.8280842238907079,1
0,-0.6709086572217885,0.306405685594352,0.14282090116395402,0.05586435628355863,-0.0814441555768245,0
0,0.8315573666836338,1.053890123333827,0.32440344194095855,-1.559417290931163,0.19278506091228087,0
0,0.8796433709257433,-0.676583011904124,-0.29020039927678093,0.6727969037391636,1.67670126113051,0
0,0.9316079587423012,-0.043974774534426525,-1.97316839577261,1.4838358062786785,0.8329487488441674,1
1,1.5053111081693826,1.2908106115195648,0.3491836017765819,0.5030941037981564,0.2043600408177654,1
0,-0.4511054839861666,0.9962471606225296,0.428428379747696,-0.8650115712403472,0.6398062485094234,0
1,1.0094552851119494,2.0725682264941767,0.5856456041829127,-1.4727829744407592,1.0861549676821018,0
0,-0.6610679319448914,-0.5270496879074583,0.06309632976690367,-0.9013927346288603,0.3745366532453411,0
1,1.6070142439989212,1.6052711140151155,0.9704010784256346,0.10303293689575928,-1.0252433951574673,1
0,0.508711113894255,1.3816032793665156,-0.8659899984632151,1.4262562753099208,0.6283751306423822,1
0,0.7839350645924066,-0.3748247394846829,1.4683876083068264,-0.7593575116996926,-0.028314371577828297,0
0,-0.29133426981741073,-0.0066922701955993095,-0.9879150759001204,-0.6489114818772418,-0.3529892043229205,0
1,1.5767870397518269,1.7081043820925714,-0.1078391953189768,1.021444185840287,-0.7852379593614686,1
0,-0.0625125320408674,-0.3660327298315544,0.6808737536917654,-0.434012047077851,0.5793322414658302,0
0,-0.3811681499190834,1.0579218509956472,-0.5149530947818145,1.713979472966592,0.5120008253882463,0
1,2.0414497178563717,1.116399019829887,0.7490051045747627,-0.14810276822555227,-0.9555660434436982,1
0,0.21770894797393534,-0.8334210774745165,-0.34278544056933374,1.1677701137322984,-1.1061124296227842,0
0,0.08509390507176372,-0.31498922334977353,0.1181330267237083,0.38278219277780834,1.8916236642186195,0
0,0.2149832635175549,0.3918120517117019,-0.18112855497657682,0.7070902806111447,0.8606277591261848,0
0,0.36927074877449023,-0.478904475452552,-0.5768159252954013,-0.17706760533595317,0.08672361305474587,0
0,0.3632622114782329,0.18131963332026158,2.251075143083408,-0.1116623958038133,0.6062451721318418,0
0,-0.5030939736731144,0.3375302640849997,-0.8397476019251039,0.4189198108872129,-0.4677331903404283,0
0,0.5377971292457676,-0.7253604252477923,-2.2861121355448524,0.7981396524729194,-0.17239731732488614,1
0,0.1532196706083356,-0.3382213305565345,-0.8036362590384347,0.5260615877848472,0.02146809344859545,0
0,-0.2607697169881591,0.20938251572284042,0.13129588857716865,-1.7674462112685954,0.964302792856275,0
1,1.7405378148677022,1.8214472960021084,-0.3768531008803232,0.25768235292751507,-1.4133263249074646,1
0,0.20668648603503195,-0.32327041186058314,1.018575658528367,-0.6565872994316975,-1.0202581296386457,0
0,0.6490702002984743,0.09106338614881715,0.9821838001750677,-0.5458798516440707,-1.2247415662471461,0
0,-0.6276933770911082,-0.17036174984745703,-0.3183911168373429,0.4575027562091048,0.853117607098186,0
1,2.394990612192516,1.8367101024803563,-1.6822279128143822,1.6979189236264578,-0.10091366349856914,1
0,0.013899813785896485,0.31164814749936454,-1.2831490342543834,-0.2320510947985108,-0.9163774854870996,0
0,-0.30369195044915914,-0.22408980911740353,-0.03220238067506169,1.9728806108593426,-0.2215208760348719,0
1,1.2779451400857194,1.6870663107176946,-1.5645095814256031,-1.0969987544531368,-0.631805384318871,1
0,-0.6008206550055477,-0.2475590230756193,-0.36778818378256706,1.2317427051599734,-1.4345345619181455,0
1,0.5554510697459543,1.674417172613887,1.4213027867696928,0.43069205203415617,1.2603509547716054,0
1,2.006439928215522,1.6827767272067529,0.3428331414857675,0.2085566518607832,-0.14934308289676168,1
1,2.788531840253179,2.822627917141105,0.045667930631577265,1.383162374614606,1.2834491773046761,1
0,-0.970569209301489,-0.2017573452624665,-1.0407726192025808,-0.6365328586484738,-1.4487786187272478,0
0,-0.570256749558215,-0.08476109217809556,0.1817376592877189,1.2775692076301182,0.5042756268657623,0
0,0.4509499134871999,-0.3883389602352746,-0.25852413317629186,-0.2083146101262646,-1.4425046779990118,0
1,1.5726178547971463,0.7803057813264831,0.23863672864974514,-0.6421066053689127,2.44538176003435,0
1,2.1006515453650896,1.126123703844548,0.7270978277516376,-1.3266585256122752,-1.729458048000974,1
1,1.538967686110698,1.7990604171327425,0.8981236583877154,1.5853539385435733,1.7960092009777582,0
0,-0.3483764995598267,0.4424769188095836,0.12889061145532615,1.1412609465474457,-0.019824292085684803,0
1,1.4644947335961214,1.5774079068123978,0.5119229289718692,-0.47806332565967924,-0.18274299556332527,1
0,-1.4292536533535778,-0.17745892831794627,-0.5119806592331401,0.5454186672085317,0.5893408868979855,0
1,0.9139093926109212,1.1039750084415143,1.1325692578649686,0.12659958436701793,-0.938023292306317,1
0,0.568967624531221,-0.5500983062772149,-0.8871237688405786,-0.352912687191066,0.785108069506208,0
0,0.7151399065073067,-0.33413256057780377,-0.20746834917486945,0.9647581614551475,0.8583389223399744,0
0,0.8436996330553896,-0.7770768354793655,1.2366177140002625,-0.6254165686883699,0.011911948044251228,0
1,1.8645216078688196,2.2147149871253973,-0.4816624236407643,-2.1916414361542764,0.25005218716342803,1
0,-1.353641324571762,1.1022908917932268,-1.3407856674764764,0.25983730149377904,1.9296451554147445,0
0,-0.381003917512285,-1.1615176520999562,-0.4107502487046478,0.06676609860413704,0.6511777571390092,0
0,0.7947934059291791,0.17355818271036647,1.3917342787125624,-0.5932714847265527,-0.7822056522487416,0
0,0.973832543210132,0.16361517321361607,-2.270736260677002,-0.8924203577952188,0.7505329838221472,1
1,2.417588645804346,1.5252852737540792,0.10239317903487564,-1.55939818152205,-0.5379339610488738,1
0,-0.1417514788618797,-0.3556465927278049,-0.6340035274000658,-0.3627217065558226,-0.7315512064277706,0
0,-0.7839455199447392,0.6135083752534141,-0.16763410164223533,-0.8752322021002023,0.5126477664495521,0
1,1.5756210460249112,1.6462863809471362,-0.34854401672172486,0.9643959335174122,-1.0093601380531545,1
0,0.008884210938157496,0.6204730523782996,0.960483251719391,0.5165026200685923,0.046394323432374346,0
0,0.9393388920548718,-0.442507187647683,0.05380805380002453,-0.48453390220364667,0.6737522889342638,0
0,0.13667478007332678,-0.829909682794758,1.0105347676520502,0.5227196236775871,1.9097104481480904,0
0,0.01000870732846278,0.2609433177492117,1.2841314713453162,-0.10747472745646101,0.63833424843134,0
0,0.044097088886075234,-0.577766235490952,0.029897005591374117,-0.26944918341568735,-1.469968607674139,0
0,0.23991529785761181,0.6327597635003237,-0.3594978422995192,-0.05480978265844048,-1.3137877792514268,1
0,0.375864051636941,-1.2759727886260999,0.37718389867161645,1.7713096941976851,1.726344847897593,0
1,1.1652775395892025,1.118876063058684,0.5701869528842484,0.6440184898868745,-0.6342540731994095,1
1,0.965427763224659,1.0304468914081601,-1.153290760391153,-0.2984822051725593,-1.5164654070741603,1
1,2.422335112842819,1.2005740149007025,0.2360638084442118,0.8938629533695922,-1.0047692648227504,1
0,-0.9846247766614101,0.15665944317792307,-0.25355962542200916,0.8578078833155077,0.7941304099390819,0
0,0.9826484755228635,0.23774144160083752,-0.4203484640402984,0.2597173026713474,0.11283975038148006,0
1,0.4535927816477803,1.7838425613888174,-0.6909449776543308,-0.32856980547889225,0.6473345508357713,1
1,1.2492753203013875,1.8529918185737788,-0.625720155599829,-0.39460961855307164,-0.033005682282323374,1
0,0.5831123823500682,-0.10291536040305818,1.2556408512107744,-1.0751466374527823,-1.1028534879030782,0
0,0.00020513344696412503,1.265222617023875,-0.3639925295704163,0.1804923046233661,-1.7872497391863853,0
0,-0.7898860822571044,0.8322542003741932,1.143758508569315,-0.6098676226744046,-0.8345872654484389,0
0,0.2558568924755977,-0.18719292939681673,0.1310265815368399,-0.4367191734030272,0.12176769895147452,0
0,0.040202605080288674,-0.08212421528518697,-1.1327146225648415,0.6240178868320864,-1.1835516262482637,0
0,-0.1296289730651867,-0.19982867562015105,0.19076806633558357,1.6871825137981735,0.9829020680333415,0
1,1.2256466255302554,1.6179791683163467,-1.187919559609834,0.37420123094401364,-1.000068406021969,1
0,-0.020763599718360115,-0.5831626980857099,0.6071456327936519,-0.10514635566192569,-1.6519703243761334,0
0,-0.3491529671714132,-0.4737224765543709,-0.207773351942314,-0.018763588806897904,0.0006617398208915548,0
0,1.4607196013094952,-1.3004197472486256,0.855181841096565,1.1379647136626534,0.760722394853626,0
1,1.4559897089099363,1.160803922736094,1.4335458499995466,0.38770259761049874,1.4925605637735755,0
1,1.3757458277085337,2.0388555103844013,-1.7353451327693319,0.19373604672953854,-1.6117972445844784,1
0,-0.32498168729267335,-0.09126061208967973,-0.4611455708507674,0.26457037817034806,1.4236898743074349,0
0,1.0661705057029158,-0.05769716488779934,-1.2094600013396528,-1.428617498269617,0.18533328748346603,0
1,0.6165598732626602,1.5668954863133064,2.158261217306239,0.39047641020918805,-0.6210043295909301,0
1,1.8156594531396508,0.7986575403229237,-0.44031239408970085,-0.8752191175101132,0.6808127232543623,0
0,-0.14357398312584277,0.015171727586542321,-1.3151122536130395,0.39441740921415475,1.3553849520893224,0
1,0.7459599372147928,1.934197697299295,2.2403386304834134,-0.7351896342653649,-1.6790686378065214,0
0,-0.49144579671786964,0.18393789996718873,-0.7260728399795893,0.5911695706290363,-0.4309318976321709,0
0,0.19017239634349967,0.5868988387570254,-1.6218606648588525,-0.15307254205420134,-0.5446750597725152,1
0,-0.5186359317936526,0.7584791437611951,-1.158399237928,-1.145361036351618,0.6259881131375762,0
0,0.15573835693202576,0.39755385698268436,0.14319118590890553,-0.290680946507939,1.4600294279938497,0
0,1.037491937211811,-0.4280202145080351,0.04574742873092027,2.2058885400044215,0.07340000667549908,1
0,0.10236040633040128,-0.20648121817215592,-0.8360025977655835,-2.2730551663790117,-0.2921885940498966,0
1,0.7278925128853027,2.558893311779981,-0.48504775635180314,0.16634169191763112,0.4453608267515245,1
0,-0.5080777571081339,0.1885011079970987,0.05308102561752765,-1.0105655097591568,-0.23447696008418656,0
1,1.4287565567528429,1.5085739538634384,1.323912718668183,1.3768764741321433,-2.169550254193029,1
0,-0.2113410713967954,-0.515975604224373,0.3332789404714951,0.8163092492932822,0.517027499754438,0
0,0.09120830706955096,-0.054876693369193236,-0.5631658532600368,0.18590999493926896,0.9856758169904434,0
1,1.7874657652468402,1.829824151691672,-0.22842509029738453,0.9174322387569989,1.0736965191439267,1
1,2.638316773071315,1.4089074262978802,0.7697099310372209,0.24457164145676688,-1.1559944301102796,1
0,-0.002231799052736245,-0.31162694091038856,1.6800668868845343,0.006119378528018843,0.6071581292217786,0
1,0.9086833318744542,1.2275683022315484,-1.104608610837818,-0.59885904288847,1.5327674609867825,0
0,0.6922836781491402,0.7150951908096584,1.114109541767981,-0.3609145852770684,2.530617098050882,0
0,0.7578147460686142,0.40066848759854223,-0.3127783374173304,-0.46406114648826624,0.4789323312126761,0
0,0.13946585640358158,0.3204241361173413,-1.6242268310409238,0.010344605766666333,0.983860955410354,0
0,-0.14783663712537706,0.26452928336919795,-1.822234714460711,-1.8921013202389827,-0.9926246722570704,0
0,0.3735278415294368,-0.7098179755411341,1.334174626298203,1.0296643433246326,-1.123399544094887,0
0,-0.126647888207718,0.16340945204955984,1.4533573417059495,1.9468716815842546,0.9873316711510062,0
1,0.3665746427335095,2.0408044863380743,-0.56908251730049,-0.4322158746556543,-2.035884827331749,1
1,1.93808456978348,1.2434470752678528,-0.21214464898110072,1.1749519548837346,0.15534862508310615,1
1,2.1353508861847468,1.9864568374164941,-1.7823589544627456,-0.13410291004356692,1.430598919819999,1
1,2.4646523382275976,1.7271360311127366,0.7620409457167796,-0.6023029211286581,0.7125862880795872,1
0,-0.4384550657715389,0.49660370553402344,-0.02838048350362672,-0.38178401359248354,0.7060693409907901,0
0,0.13569918951676396,0.03056189193424857,-1.5522772485686136,0.08569248344525024,-0.049470917040775664,0
1,1.7486797347117897,1.931951336730496,0.2047407577514541,-0.7213062759411829,-0.4098868178063185,1
0,0.051229535822288744,-0.8788089680523835,-1.3894357560623771,0.6061823073893422,2.1547753227264406,0
0,0.0689136229717292,0.01988743210402698,0.5574966800723845,-0.5192799597736115,1.2336441553532327,0
0,0.022281609226179677,0.42780891664651227,-1.0828062730509687,-1.0732263913710776,0.8462569359668125,0
0,0.12704964094968993,0.17777971574757215,0.33706916839785284,-0.01991639808459389,0.027845700991984246,0
0,0.4444086203972119,0.6573741936024219,-0.653032473787109,-0.6939353549238494,-0.5841193651084369,0
0,0.7321725147505895,-0.09425929511768731,-2.3656991927847506,-0.327314839475915,1.0796352795753743,0
0,-0.45379945241618286,-0.3284731638030348,0.9961613059349705,-0.054309264749302026,-0.3068831362186232,0
0,-0.10338081287290944,-0.9834449994974156,1.0509343891101142,-1.3397068115251562,0.07870596419641912,0
1,1.3464351280674056,1.2362200997762611,-0.5217833667464198,1.4588652985073196,0.6156925229146774,1
0,-0.33940341432003507,0.3101249680919771,0.2744250454022813,0.8126442124059178,0.2094666117653564,0
1,0.6303811508163844,1.856605108249466,0.43817795148010885,-0.6300545519038995,1.5499945558832604,0
1,1.6145334735117773,0.5604886510063875,0.47048945213323984,-0.019127110309965667,-1.319955831678961,1
0,0.2875922217271728,0.7051950757959796,1.7255984995346183,0.6357889290123871,0.0673365724338803,0
1,1.5069401488606768,0.8153475073221719,0.41679814012023036,0.2087132728829837,2.138064336846942,0
0,-0.005374737838251181,-0.07268888477679755,-0.3576571274890048,1.879851734995047,0.89705340524233,0
0,0.2510621567454788,-0.34128982899452387,0.4279161636397303,-0.2386631123934986,-0.19704414318971059,0
0,0.846671817098179,0.25034993029943226,-0.42994800737373934,1.188979394116803,0.7988207897809577,0
1,1.3481412822861785,1.4564448305251068,-1.0655539989172016,-1.3346374259880802,-0.04773801230373143,1
1,0.8970327313996663,1.8067811332219035,1.2197403402596758,-1.1807997395876164,1.4663715107316713,0
0,-0.05426408819616844,1.1062827687146306,0.5341604877751113,1.6844720456406934,0.821253056485881,0
0,1.1301367580219672,0.23871148380404816,-1.8616195334544845,-0.4319559879654731,-0.8665166661666394,1
0,-0.6965403350570328,-0.3460077831805481,-0.683665468585005,-1.1674476207171054,0.238361705783309,0
1,1.9900814173481705,1.6766414165333332,0.7576409855887405,-0.04772445275805646,0.4186256728257717,1
0,0.6947479375710683,1.1670835480424258,-1.5638245855746444,1.263976740839579,0.4681085137293323,1
0,-1.4193205316365562,0.393804158297375,-0.7529331925029196,-0.763524690080112,0.3187494259135136,0
1,1.8461335141650912,1.9674161654359938,2.6615096181330298,-0.041705467985763155,0.5647447364134708,0
0,0.36204638224385705,-0.9561458699389314,-0.3310838862050807,-1.8544891915337063,0.4190253764406078,0
0,-0.16040112082791252,0.2321271593744253,1.082693788082359,-0.4688395155446471,-0.7211878088715995,0
0,-0.3878631366538303,-0.1608106499553922,1.5004669982561014,0.9971994693152364,-0.4564748808050914,0
0,-0.3543974115143882,-0.40807491724345,-0.908497429440095,-0.7843423221790996,-0.2541662368334117,0
0,-0.19714109752537282,-0.01339039635535692,0.2663652877969503,-1.271905558150063,0.09553062695207616,0
0,-0.18125761901266613,0.06518038877828929,2.0588204217713244,-0.7761133722480718,-0.2509005992134659,0
0,-0.2944662256540604,-0.3746351411951832,0.45952473647458275,-0.6096811498317739,1.102880307038665,0
1,1.3933148483905327,1.513078256125237,2.365518690591278,0.7647138547870075,-0.9601281790079897,0
0,0.7144750943079768,-0.10409225867933193,-0.6368916168105878,0.37977741288969774,-1.7346287993753933,1
1,0.8713427326509192,1.82146332470967,1.7970970775225346,0.5729409758395729,1.9668441870519544,0
0,-1.0494350539629542,0.13654490449234388,0.016673988306843534,0.028432111391942134,-0.8175030535499123,0
1,2.3240710643405893,1.6255540153095782,-0.3274800670079895,-0.6198614528995615,1.1003774292019486,1
0,-0.1152106556043493,0.5876327812119977,0.6400406915527936,-0.7763653576940787,0.6085896811648777,0
1,1.3670606245104786,1.7329735159035278,-0.11145846275475747,0.4323277910786647,-0.7822624044988318,1
0,-0.06673027423960141,-0.003650635565477417,-0.08456876836956581,1.5890028646407084,-0.13297073139256418,0
0,0.12556602046747609,-1.25215497000984,0.48519261912768863,-0.9407350784432724,-0.28195405266903356,0
0,-0.3144307362710194,0.3082367962770061,-1.807734043306458,-1.017983290142718,0.3563799270977092,0
0,0.30355867658838176,-0.5471539813542254,-0.7986561854224704,-1.1358276933189322,-0.7674272942174793,0
1,1.0226424557146623,1.3482573051798241,0.7226430604933176,0.8315279898787544,-0.17651630798877777,1
1,1.4189042932904885,1.6226281911558675,0.9915304215758852,-0.042143008991640495,-0.037251956276441144,1
1,0.2711822468291487,2.1998174142747273,0.3572277083999915,0.5553968366426009,1.1018208105545233,0
0,0.703342280918265,1.1053936808701332,0.27587055018568085,-0.5079680581090853,-0.41111316900034284,0
1,1.4943473820642224,0.8472690278771509,0.4023421228016666,0.6182358508484805,-0.9756528814576495,1
1,2.002062455042295,0.6104822741825215,0.9577984191847956,-0.28763534178261774,-0.5447142530325979,1
0,0.28594475055974994,0.19543030151209492,-1.4262280038595097,-1.5449255541180635,0.36702930454238475,0
0,0.3298882682227932,0.1454566524227366,-0.509473990046832,0.9228982374160389,-1.7715894435505097,1
1,1.5953346828553923,0.6788744732455397,-0.07442908252874762,-0.03622526621068995,1.1973151672212095,0
0,0.23293643564350486,-0.009961801158050034,0.19578969570162097,-0.310298954441233,0.019651497824923026,0
0,-0.5767706475671666,0.3585245674480537,-2.109638751349016,0.2812907813053334,0.43321607397131084,0
1,0.8972928662621605,0.6619089666926443,-1.2573935693045972,-1.4441664302642707,0.21918435418382706,0
0,-0.06066356010315289,-0.5967512352785469,-0.016660476090602703,0.43072310203712344,-0.6673618090035842,0
0,-0.4078658282374594,-0.3864959612173516,1.013140718400172,-0.5958106210299591,-1.082198855360911,0
0,0.8552785039496559,-0.12735614940205003,-0.4190399462296813,-0.1561051557740263,-0.7004788177314323,1
1,1.8250866575842661,1.816382903465279,-0.6668900940585202,1.13929373386781,-1.5060295042163214,1
1,1.1701111659276766,1.2041115958548456,0.5286684468694359,0.6421946463154204,0.3482529779882635,1
1,1.437075736896652,1.4331900956147026,-0.3280709719332039,-0.1763816102105861,-0.16275325682187983,1
0,0.07980394919285971,1.347706698143975,0.880898468553479,-0.10108365938541042,-1.5343222637280753,0
0,-0.04080177368935015,-0.5737861696072486,-0.2213257536248592,-2.5605694936354313,-0.6165058914344748,0
0,0.16304761976055895,-0.39179603838077276,-1.115215859388617,-0.821891869796174,0.6521356238559937,0
0,0.04119272667738481,0.4068533245745481,1.420596274722949,0.16712717173577163,1.293022820843617,0
0,-0.834394049082048,0.5928259146796562,1.2372609327869362,-0.7641650158181347,-1.2838836976729269,0
1,0.3094572594976537,1.6488805241875968,-0.9554794776029498,-1.3264325957574858,2.161388810026789,0
1,1.3758345730648056,2.4853805412592003,0.39570359864166116,0.4801497197180989,-0.9594133354194165,1
0,0.33629562305901434,0.19047356092319354,-0.32666937755649134,1.3064444450055333,-1.7047629095422583,1
1,1.3825785792618528,0.21433778989411567,0.619064126750466,-0.7213973635837401,1.7574565033056166,0
1,2.341938468043135,1.4581974124684154,-0.8756884517596438,0.8750102798901321,-1.0408360631376365,1
0,-0.028132019579339224,-0.34259017445850565,0.8718422024518231,0.7248057340572811,1.5238328263834635,0
0,0.8143176385511872,0.8302870493133655,1.1949514857672319,-0.9768180658204948,-0.6648960730327341,0
0,0.6911420635585833,0.5787744385290162,-0.9473427387423589,-0.7276872520970253,-0.29310454803450464,0
0,0.6307721191046801,-0.9538144658763661,0.06770014671797596,1.8031026717173082,-1.3051131999720735,0
0,-0.7221069805242003,0.810190838152525,1.2159650047172181,-1.1170227078041015,1.277438827869712,0
0,0.010284400783921023,0.5636206612792478,-1.0013625981567575,-0.6090202155668832,1.1400727882824542,0
0,0.7336640924893885,-0.19467727746049646,-0.668826611318101,1.9657489212499253,-0.6604895715288466,0
0,0.163406834854823,-0.047065136619435566,0.6617380063625091,-0.5688692956213871,-0.07488649785779351,0
1,1.9326159429993808,2.235306224681912,-0.16068913005941426,1.3529909069402293,0.6620927955372008,1
1,0.7672676169306272,0.21709285053502803,-1.5752747701719036,-1.0220165687875065,-0.4714140438411267,1
0,1.1512739583648401,0.26723880302381736,-0.320219607425495,0.1382675160679839,1.3642211033146545,0
0,-0.4748246415392498,0.6560457810750199,1.7464404686428723,1.0859204123648603,-0.10585147388332121,0
0,-1.196655085050118,-0.053227818427220776,2.062888339767829,-0.46746584626883064,-0.5194801045962196,0
0,-0.21067544269504007,0.3887458878850739,-0.6370864117446028,0.09973631256878018,-1.5828350635086799,0
0,-1.46849031091264,0.0618927219346941,-0.9133017305829748,0.7444362820115282,-1.2937127343578745,0
0,-0.6510750868747001,-0.47042356182715067,-0.4580119568671684,-0.9019931468054806,0.588549373029006,0
0,1.5351070998626672,-0.4854180104485516,1.8019004212337544,2.240354998266492,0.2354478266136053,0
1,1.3719755334980683,1.8271575604274664,0.8420937024676449,1.0377244207679721,0.8157099522924836,1
0,-0.8566723007878745,-0.38142403532289065,1.464085132591689,-0.357282262863917,-0.5628482256769698,0
1,1.6151787319396707,0.48525143696254436,0.9986817568981882,-0.23482282654038775,-1.6413039918401091,1
0,-0.5386822470191851,0.07343921503289959,-1.3193641842250454,1.9117207435812356,-0.4963123719469324,0
0,0.518711519804358,-0.30784885258110783,-0.9488478296219196,-0.35481456648848786,2.0379242558690076,0
1,1.0662731323683758,0.6805351248561736,-0.6961731444863017,-0.47215849247062236,-0.9648243087893473,1
0,0.16244022608109535,0.04304845984073224,-0.5219746909350105,1.1461653994261265,-0.03642793378175981,0
0,-0.6882354221234754,0.4603660440521975,-0.6783069929496,-1.400557694889368,-2.4135691830991215,0
1,3.1594168868743324,1.412090038514851,-0.5619648698394037,-0.07833216887376811,-0.5198740743889915,1
0,0.30217423201638854,-0.6397445136394494,0.6404903300269773,0.08415924137294707,-0.41393530648917126,0
0,-0.08730347848948046,0.28908213744213107,0.135796348587054,-0.7037137671977985,0.3318464088853583,0
0,-0.17577495037877108,0.6210938292458722,1.2197780781704188,-1.5655990512932956,-0.3179471663458237,0
0,-0.33215998994961854,1.327820497978153,0.25183831515693467,0.06910044376452161,-1.5185833022367305,0
0,-0.45654808788451057,0.8651064181594101,-0.6762764561108433,0.6881807346861675,-0.66390765962594,0
0,-0.4730380357087117,-0.603215034119215,0.18846195148480294,-0.6790554811242887,-0.2039725716368657,0
1,2.606997310277171,1.9148496428567574,-1.5113104631361634,-1.179807264287407,-0.9961675064090609,1
1,1.268431625367257,1.5539143523945584,-2.3118372071381894,1.2560813309491756,-0.8508633878651917,1
0,-1.2776513439830526,-0.6912594965215682,0.6432121633028065,0.5281278705764487,1.0051824113256767,0
0,-0.6995806325279367,0.17027712709318224,1.0183100587941716,-0.361802936424025,-0.6248779387862529,0
1,2.1566347719994825,2.5512060187442547,0.07212942105984083,0.9208545677634594,0.4399550857307434,1
1,1.448605566045198,2.1175185264315024,-0.39130560987651414,0.24173970114376514,-0.17696023451974977,1
0,-0.08044896008182259,-0.608069883741983,-1.3418702060347765,1.7892149505518984,-1.2299645959892849,1
0,0.7018886708514556,0.008230330130962932,1.166925030104652,0.6641694406328222,-0.3329651739073929,0
1,1.1337000464966183,1.6950046581841078,0.49253013132496903,-1.3898654789571612,0.29098577624014643,0
1,1.9794506332785424,0.3620578390165121,0.2911735486469627,-0.658739214842969,1.7367814531443397,0
1,1.1992701101274446,0.3827373417862483,-0.004823783895256624,-0.6109052980059582,-0.7722439939829213,0
0,0.3455259820514002,0.09277670646519678,-0.46957071878155826,0.3095600403351807,-0.08524721161063287,0
0,-0.23468115046179516,0.10060502996041117,-1.113282891311426,-0.3034892946633601,0.9090827575277318,0
0,-0.14492950491341416,-1.1032913600776513,0.25270415334845436,-1.1272870149228036,1.2605237898099595,0
0,0.4920801945067664,0.23278411542457558,-0.5385249123933669,0.5891399177339761,-0.6489134640507102,0
1,2.0488148846095,2.05217762209905,-0.4239610422959826,1.000117197302251,-0.15579273301668164,1
0,-0.09925679124275087,-0.1309810013127072,1.7178457651367893,-0.10273444502545787,1.1126959538510985,0
0,-0.28297420199687123,0.035887071714706995,-0.04807739341491185,0.20945839889921805,0.5114510869111407,0
1,2.5594885506889926,1.742847030010548,-2.4529554847589425,-0.9675566847627907,1.0334441387771325,1
1,1.9535984868987812,1.663417565776433,-0.5354584434120038,-0.5225373906434705,1.1714229737139168,1
1,1.365314914805269,0.39882649870087006,-1.0014517480805143,-0.48163302959320897,0.5537223452173827,1
1,1.208149382026147,0.8569272847318288,-0.13921970054550584,0.5585865017705944,0.1435467109835821,1
0,0.6149385041652837,-0.2375120617131657,-1.424432397938965,0.2560263619453442,-0.670974819172868,1
0,0.0692400516318956,-0.5164962304717114,0.43363162729290916,-0.32969225006433606,-0.2442135081328265,0
0,-0.09813179707565174,0.8801810987862804,-0.29606652713283477,-0.3693823418993514,-0.17786095343472622,0
1,1.6689851053375564,1.7806855629604297,-0.4757125603854815,-1.9678182334202234,1.1989957484946532,0
1,1.802678124782195,0.7341647565220404,0.14961864137393213,1.6058743841448675,0.17634204111015975,1
0,-0.03401348845846295,-0.12860145467670286,-0.07665684778663832,-2.0854458755999223,0.18581033285645643,0
0,0.7222121201057966,0.6782352822301969,-0.13471003499750286,0.42188048293055624,-0.9940358292073901,1
0,0.755603085727192,-0.38774363483300894,-0.2241866909497255,0.03770970630903914,1.204481768697119,0
0,0.31913287152107966,0.5109503126065545,-0.020314216603575637,-0.265682304026452,-0.7673334203548278,0
1,2.4248313942973763,2.229907814336393,0.34317607162868735,-0.008192658473293923,-0.28472362890286,1
0,0.005098060882933231,0.7296845787879398,0.217970296988696,-0.6629830505226667,1.3094072334003974,0
1,2.0141986030027694,1.5082424867502975,1.126879578546892,0.6528153823025257,0.8866083780480558,1
0,0.6026737913231649,0.7506149983891736,-0.5466895735237378,-1.3135679314209179,-0.8497775914793408,0
0,0.611422968009966,-0.31334280995118646,0.23812589406637003,0.327814641288836,-1.078824321465831,0
0,0.5495994886430063,1.4915288027676576,2.4461020762965764,-0.6777634650778745,-0.20373026814659706,0
1,1.9787135164490108,1.5445097248607231,-0.0409536270074023,-0.4269279939621941,-0.576409398409261,1
0,1.1742768693828516,0.6880764972659373,-0.002179692721366467,-0.3999068234744877,-1.467409349569624,1
0,-0.32381747115929466,-0.21720531540906837,-1.2633861817114265,-0.1653555635786336,-0.7532941828983429,0
0,-0.09313247253612637,0.2996487199508951,-0.7132104831401018,0.5021533527354637,-2.748047193765437,1
1,1.4712937140099196,1.7260780883968248,-0.1063661116689398,-0.035795480266264265,0.903974893178058,1
1,1.3791597131417144,0.8426997954409895,0.5334536351454189,0.9329794663746321,0.8410371178708381,1
1,0.40673677395103836,0.8249339780529452,0.6491632026667103,1.0448966584097747,1.4096915241099603,0
0,0.8249188834249485,-0.12270153385352528,0.32627397375907247,0.30876789978956454,0.3532394859267474,0
1,0.9843757245722337,2.0631995263075944,0.8040980138845124,0.6825902218596201,-0.44830060033470837,1
0,0.10188894524765832,-1.098856586307011,-0.9993429564855663,2.0249306714685207,1.0234030605639834,0
1,0.7468832933950681,1.1822904681843822,0.48891663541770936,-1.4133289911705769,-0.7014620832297244,0
0,0.372429438431843,0.7859235737197098,0.013353032704086863,1.076136456497093,-1.3265253045244,1
0,-0.47123762156411875,-0.7392776360626112,0.12489552988312355,1.5448462016030426,-0.1472270953969859,0
1,0.9184228455345654,2.1523403979534494,-0.36231880202337674,0.4336708625862947,0.4110483242057039,1
1,1.7166060786890238,0.7233242140593966,-0.9530303395596177,1.9040458032967142,-0.8119604030719736,1
0,-0.4204407482895773,-0.5499249684506404,-1.2151529681326179,1.773755488316809,-1.0475071966053335,0
0,-0.34449545765182377,-0.08833306672559064,0.32067180040561793,-0.33703406907489636,-0.4168435989800574,0
1,1.7030737691197724,2.5240754410285615,0.4978516734690871,-0.2604425976271671,0.41190855588718184,1
1,2.0799936721806507,1.0159956821526104,-0.12957027610366778,0.530607261896298,-0.14542934125693313,1
1,1.108959707276973,0.3602223269826623,-0.014813524355927483,-0.6241142884179569,2.6364972287953994,0
0,-0.5947154843948997,-0.8411616284874751,-0.7202107280616544,2.711220838938044,-0.13606993755936286,0
0,0.014090200009364935,0.5591689141635064,0.5030617517382614,0.7888353326499277,0.7506452964222053,0
1,1.9235515481548495,0.5871558289446309,0.06062558733144797,0.04653807768356695,-1.4487511798723816,1
1,2.477653115116375,2.1127787452886997,-0.36561383254261803,-1.4102014588865681,0.5868928458882624,1
1,0.9572022410237793,1.4418744926603633,0.8660833971143772,0.25191868978568627,-0.4623498856242435,1
1,1.4092197392377717,1.3806372640310338,0.6450194441340833,-1.1856495131772742,-0.009220222971628228,0
0,0.7054716150451525,0.17838254757567462,-1.53586894730235,0.7599173660578951,1.686804027726229,0
0,1.1838567216832312,-0.4805522015380627,0.049150477812034264,-2.502196349727548,-0.3722646530153121,0
1,1.0041454004147476,1.4827231528971152,-0.958236346882068,1.3837247684324343,-1.3080158774049053,1
0,-0.44328715188399,-0.7158437980422326,0.13952160503221303,-0.42414498558514746,-1.152102696779688,0
1,1.828660056765916,2.2093345577924386,-3.15184614057909,-1.6917209682474685,0.17289311762482754,1
1,1.2533541146841478,0.7836228620535981,0.1971440746216489,-0.016390339595007648,0.11866301875424623,0
1,1.1444609472940286,1.6633283809542176,0.7119838208411419,0.01682294995813319,0.07709767862001905,1
0,0.14668236382134428,-0.6208501813563672,-0.11079142633625837,-0.06431772069473222,-1.285525674874478,0
1,2.5296519722438666,1.0800772481051546,-1.1647185055181577,1.3797267793602526,2.0263502230570154,1
0,-0.7856893770596316,-0.22429922049588605,1.9563703208549612,0.3808790575380989,1.4645105584175158,0
0,0.8990004646677078,1.78880878855281,1.155960532646818,0.7960884812072442,0.13032370663210172,0
0,-0.34486153114973284,-0.008667652041130234,-0.531061385603832,-0.24872557392558012,-1.5211281286459477,0
0,0.20747515275491915,-0.4929178782241232,-0.2610238154693711,0.426998986297822,1.5844553538319255,0
1,2.5545104326611163,1.1332666329356738,-1.981030832346565,-1.3084879687007418,1.136823083369531,1
1,1.7951941553812674,0.4971964689274837,0.47340066368934447,0.2581028349415886,0.1028146316121008,1
0,-0.17849462891951295,-0.09767155287303479,-1.3692386953127913,-0.7582087639950768,1.1987686758600775,0
1,2.0309053736168434,2.5106519986453204,0.6663654360120305,1.319636560985864,-0.49432228296278874,1
0,-0.10389972139946428,0.20162371858801584,1.0259419236757006,0.07550517220322307,-0.9602597391143571,0
1,1.9128106297567686,1.9420405698361123,-0.07026370694419048,0.6628683596688338,0.15736872777068675,1
1,1.4771914009733085,0.8540338161169374,-1.0644537668638239,0.26232257771298895,-1.5527421609146264,1
0,0.5166917381934231,-0.12200530154502415,1.2490167343917755,1.806301468298805,-1.110131165950588,0
0,-0.8365390155301298,0.12234158115370154,0.002169456733559666,-1.5603625636743064,0.5438745155086053,0
0,-0.6081129744562056,-0.4351840982557508,0.09322537992444765,-0.11379684230166512,0.23998296704536012,0
0,-0.8453570549207676,0.240004042038651,-0.9315338035528866,-0.9600870884041472,-1.3816618778345404,0
1,1.5661423424821963,1.7692570491132598,0.19305393835184795,-2.049632932086847,-0.4089962929612579,1
0,-0.9177229312858621,0.32570883050192395,-0.20291257252040443,-1.025029219364485,-1.3380689589410206,0
0,-0.41509894504009154,-0.09064996640300745,-1.3284878042771482,1.1720356542050796,-0.4885687331590333,0
0,-0.6645051627412847,0.6545467803915365,1.3399922849525734,-0.03017532139254109,-0.5978783236298826,0
1,2.4878057377232943,1.2454295368889123,1.7591251053166241,-0.219771116364899,0.992229661464416,0
0,-0.5944082113055034,-0.20929247266636722,1.0182023278701329,0.7735011602542384,-0.1567967578366247,0
1,0.8280725782459948,2.2649234042602755,0.8688331860235569,0.11543243524579772,-0.24325581615649683,1
1,1.7490031202594618,0.7358202201796538,1.7651041605905282,0.6133331729985544,-0.3924344305488174,1
0,1.0120926927369962,-1.0217813524712882,-1.0474977490223887,0.32284409998157665,-1.720622998578174,1
0,-0.069640247547411,-0.520689789742856,-1.0595034123643294,0.5427020793336637,-0.0986415798609661,0
0,-0.023231583886238503,0.23234515600682384,-0.41439415065527285,-0.4496872887801242,0.48282909895508924,0
0,0.7744544766470856,0.7701546086791127,0.2978543673592778,1.0470874087269488,0.23159479824061213,0
1,2.1269376029298677,1.0036888950910308,-0.29262383860270846,-1.2121321348036305,0.6926128875745365,1
1,1.8552489907671355,2.488902512174252,-1.019992309594743,-0.08597974912874193,0.7412913610365335,1
0,-0.349404437040116,0.016318412565787897,0.0056563382108346496,1.0969214900495057,2.1980868311756105,0
0,0.2735747437719677,-0.06931772831891395,-0.0943797467110778,-0.15406415991369463,-1.128736336345394,0
0,-0.8164704572116123,-0.509962884491735,0.8413238958682041,-0.4308535476670062,0.23472191062615735,0
0,-0.37420532963555875,1.17081310118138,0.04454020783604206,2.2884408334305175,0.34678517657879365,1
1,2.4588775905731497,1.3098266731886077,-1.9045611449334656,1.4185917999469149,-0.31979734378618746,1
1,2.381195610844673,0.6008071842849729,0.3854680888474076,0.14163290705613155,-0.6324956763108774,1
1,1.8624908196012255,2.874601201298276,1.5817854003621288,-0.9704776432609855,0.4987716578969111,0
0,-1.157612232825995,0.23620205631140823,0.028927294116091875,-2.0350849372272903,0.40279536915600456,0
0,-0.72493291678989,0.4792982703625683,0.9869586244805224,0.708661683086706,-1.0530774019533697,0
0,-0.40768345716844123,1.008936132504434,-0.505123658396434,1.265868548057874,-1.797597143589715,1
1,1.4969805811967698,1.7686775494726645,0.5657490603803771,0.39577067842392605,-0.4916006231335709,1
1,0.8497533096964224,1.9849336142266731,-0.7445892192531699,-1.7107001904490493,-0.6734331904734585,1
1,1.452211765850661,1.4325950433968329,-0.2464990236867204,0.16031916858955958,0.6027289331801995,1
0,1.0603771428932134,0.44023937246113354,-0.23862761549511355,-0.4868507060265345,-0.9239805901120399,1
0,0.24050152611520365,-0.020494688733976012,0.47669009632447673,0.16165649612701868,-0.17761569349019693,0
1,1.7312959773766219,1.3878739484953615,-0.8241568116922442,1.9434276471239098,-1.706910351028311,1
0,-0.6105332514110928,0.07183005392036797,-1.464884784556007,0.7894015943797962,-1.5514886566722945,1
0,-0.9833908720275042,-0.2380890876277095,0.47011218062826243,0.5760746326577137,-0.7694860887179035,0
0,-0.7369178553258229,0.30262670120155116,0.4325254075428226,-0.045344446463496176,-0.25053138057825963,0
1,0.592366511175394,1.7011071051290638,0.11248653030158272,0.41447458750787297,-0.8198165136149959,1
0,0.04502115734490546,0.49134995993675395,0.9328883581451364,-0.7230182314778295,0.14273501509586495,0
1,1.8303314826444157,1.7837639090212833,-0.20263846935834745,0.5549358310683983,-1.7012641069058594,1
0,-0.5791739716916079,1.2000258309696155,0.2813494378557904,-0.19336847631131068,-0.21503037260764826,0
0,0.08875160394548846,0.6315778437819403,-0.34991874381135796,-0.8222556488831234,-0.20346055248693617,0
0,0.8813962897393701,-0.12435113424875648,-0.25861163529318837,0.8150017553976171,-1.4478474826357728,1
0,1.1746184054083422,0.271842902295548,0.3402164210887915,-2.2315541475348657,0.22838794357052136,0
1,2.062246210449531,2.247618868496009,2.2666095289141754,-0.5446242792037493,-2.1690260564997,1
1,1.495095697624994,0.8300160865906814,0.7422976052457452,0.6133203921138765,-0.6852044852092726,0
1,2.0428625463257535,2.608545075869703,0.5486092496747569,1.2245846752131426,0.7874888166991288,1
1,2.411085990206777,0.9352163397501075,0.7734394070681397,0.4717029963654522,-2.225058064341276,1
1,0.39566311732566484,1.9401652359426644,-2.3477778671933778,-0.6720868994126696,0.6710127531958527,1
0,0.8892414226778497,0.00396026413469433,0.3191778387543589,-0.05093237608473155,-1.1659437416608476,0
1,1.2732479076441625,1.3694405600513355,0.910473691849177,0.2912745430214136,-0.5904472131018519,1
0,-0.32097777296249413,-0.7817477241886951,0.08442661197174914,1.5605344008263844,1.4065599028341744,0
1,1.3870432164484494,1.944500056952391,-0.04317602995444549,0.9205979937097436,-0.6269327954864498,1
0,0.19205048326545315,-0.7730149110634035,-0.9399388909193038,0.9279295163862392,1.6137672930355949,0
1,0.9332474477807403,0.5343378602829681,-0.4334103925157602,0.06541928487730232,-0.3052667369031908,0
0,-0.1708884208145709,0.6958218110439456,-0.8334954535324218,-1.0709863149165981,-0.08461418056262374,0
0,0.3151663238987344,1.0737633574758474,0.9995068453141214,-1.406041335927347,0.8422597355502529,0
0,0.13114274956439564,-0.4003474597385958,1.5016677885466418,-0.30126593894947007,0.5440674066244193,0
0,0.22848870861688153,0.6018655341931414,1.9350660704694875,0.6994306655514775,0.15409312558298627,0
0,-0.19438122742873762,0.477915812038607,-0.8499943785727067,-0.5018860749377352,-0.4633241141040914,0
0,0.4162259714775947,-0.05491121706688722,-0.6684124604359205,0.5721746530843917,-1.5508662211741464,0
0,0.6338496732017134,0.8014901289625346,-0.749695164058005,-0.794685426658342,-1.5021838006238029,1
0,0.5978635872976268,-0.09817330816593835,-1.018556131618258,-0.6404208870560304,1.3131631454676502,0
0,0.25656613970588144,0.31052048719141506,-1.0024181920716115,1.4080099051488792,1.6994382834124995,0
1,2.1633355652342074,0.6477380699944045,-0.5154948762809228,0.7668722190518679,0.12957788215797003,1
0,0.5226363504688384,-0.7266177780906434,0.8744775262070155,-0.3064887219139186,-1.7736913054162358,0
0,1.6059047440104879,0.7014269788732682,-0.7178352484960169,-0.8305510873517248,-0.7722758770835593,1
0,0.730840242029225,0.3307231269440468,1.0530802197635976,0.9489149141953394,-0.8218937766232055,0
0,-0.053246481981168874,-0.08547412556275151,1.3674678506273976,0.8764602309910005,-0.555779020111878,0
0,-0.5470075724081217,1.144707120578685,0.2850964908938784,0.6391973105789193,-0.8846990094097119,0
0,-0.1566841528554664,1.1383894030992434,1.2291308519186923,-0.17782846588281953,0.5205949033476943,0
0,-0.19907091335998767,0.26350079985608016,-1.361260295329189,-1.0945911994597182,0.2473935045646495,0
0,0.30685354063552067,-0.8733930709399276,-0.5581865712493034,-0.01483594245113062,1.580062740361488,0
0,-0.42015374711357956,-0.06695939280020158,0.18941654822583828,1.407599872219275,-0.3891534108986714,0
0,0.7153063029122422,-0.4995490979974603,0.22323402048088872,-0.909038874900572,0.20018230071007675,0
0,-0.8337378035371774,0.053708154487775814,1.4292325248562996,0.04745342721260757,0.7411282398691281,0
1,0.6204849182101504,0.8382217000534795,-0.9988453498052485,1.635792079452645,1.0216715869725115,1
0,-0.0810696047552094,-0.7177355546559631,-0.5369555735865934,-0.30423291877992503,-1.2349051089593863,0
1,1.0944645704826932,0.0424320537646683,-0.08498307073071355,-0.12748204424800375,0.40484394245549016,0
0,-0.7549403123905779,0.10035438810058199,-0.5186191951104016,-1.3504025061124625,0.14665833480455356,0
0,-0.3822419730029055,-1.3792578700674556,-1.0426262865350366,0.6232006370492372,0.3027963758452017,0
0,-0.4568914974473537,-0.19214439525066443,-0.47655044504129856,-0.740597959168519,0.05963657193737509,0
0,0.0060805987405314205,0.4166381839585767,-0.24552646278799062,-1.5546034756924825,1.7128717481747584,0
0,-0.37228247298855677,-0.4332574123224355,1.4475444652791312,-0.953558610493231,-0.8908385583502705,0
1,1.2765193850499565,0.7491028922003172,-1.0202319087395249,0.20844619727183394,-0.9500034796492707,1
1,1.5970805690672243,1.3592918254647781,0.8151845523581985,-1.5801050950476723,-0.8209729103700815,1
0,0.6085449424412547,-0.4971633170853302,1.272135338147079,-1.385815335113362,-0.2901985946204512,0
0,0.8824472792932744,0.11139475379542232,-0.5125946490995373,0.5592841526019504,0.29331701345559985,1
1,1.6886605374904389,0.7803020806929378,0.25989310171176616,-0.07238435505768774,-0.45614226978040057,1
0,0.13532587126231213,-0.06269635570981469,0.5759363168126841,-0.9139893777881379,1.0063120788419986,0
0,-0.1099122103775046,-0.20785243310397586,0.41100462617237526,-0.3212672972377012,-0.0035018746077622493,0
1,1.8887491720354472,1.3930870306930423,0.08214322129194503,1.73817058014021,-0.09637608811952407,1
0,0.2341316163504833,0.9810909564103111,-0.6788259158876885,1.2817317329351634,-1.330242007416869,1
0,0.7955086098530474,0.11988652495029598,0.6624565916340586,-0.10743351292383634,1.8210900039673932,0
0,-1.1332227774932573,0.30266647335541574,-0.374457890340829,0.8161822767533626,-0.04745156965285949,0
0,-0.14069864622732464,-0.37487585030918874,0.02865093375864512,0.1210030884590021,1.6371049412681107,0
0,0.20351392147658626,0.1339538513360077,0.1758183071507087,-1.7741942735131664,-0.6222643799813937,0
1,1.5842296254747332,1.2351179358752398,0.8559892254411526,-1.9531560125288492,0.8306232309459382,0
0,-0.5635038192576672,0.01779362442501421,1.92794120579788,-0.9093327837467111,-0.5626229256717209,0
0,-0.7796200075442864,0.38936734251932653,-0.737785120469242,-1.5757531772518172,1.81904208015185,0
0,0.4837934556173171,-0.3001403041481597,0.05257472092373833,0.2715668321809295,1.120771630072167,0
1,1.1458444897621511,1.1611727383949646,-1.4844169826529419,-0.549939534302848,0.8495380006657919,1
0,-1.0529402949033613,-0.2918488015691293,1.481441923890553,0.4253290449996296,-0.7247155887642915,0
1,2.113943716005939,1.0965682139558117,0.04384944586802956,0.44069601134217995,1.9066601239039087,1
0,0.27538974026763924,0.10394113834416883,-0.2996775297763126,0.690027457653151,2.037976531590625,0
0,-0.06952445847494121,-0.21838915519357374,0.05222605974470675,-0.9306209328161827,-0.37964280024901786,0
0,-0.5487309556566171,0.8987738181471446,0.10276351199484657,0.5156717084382513,0.16166288707098458,0
0,-0.06806486602229635,1.6074976267164998,-0.7318394626587192,-0.9554623762626724,0.9268115235736591,0
0,0.7293525603115231,-0.3407653711123875,1.1879702204550553,0.7113399315271842,-1.9721791271382443,0
1,0.6311804283827204,1.5764017149228164,0.6447397289052259,1.222654159666356,1.1458701677844518,1
1,0.6616134299562437,2.022804545633142,0.7841703447973206,0.7231535737897125,1.0236739720478105,0
1,1.223340806252554,1.2405505627856128,-0.6800096253014871,-0.17707754295488262,-0.5631440297236395,1
0,-0.015986212075923028,-0.5966346835834397,-0.7341137290144423,0.5667682535563039,-2.1923145606119268,0
0,-0.2977751387302683,1.0429039868788548,-0.11355071560417118,-1.53326993674007,0.3331824289951243,0
0,0.38568994510021165,0.41169437628312155,0.7999578897940776,-1.758705631138986,-1.133662190596203,0
0,0.6533003666690084,0.1912142717838347,0.5016958024728274,0.46679608268741585,-1.588204209378788,1
1,1.7672612647644808,2.2703134400785627,-0.7776846409322652,1.3077344408478304,0.3707087616643922,1
1,1.9362594062536627,1.862139904294241,0.667761066701399,-1.2314487107715224,1.317956377391612,0
0,0.16325973121420345,-0.028761021576357806,-0.9721209238266373,0.015184604901780715,-0.2189317535451265,0
1,1.605704854549191,0.8140214805478859,-0.6616190848320735,0.43886355167982244,1.1851393287201775,1
1,0.823864780111183,1.1040009533454105,0.15772335763370007,-0.6145518436267603,0.6641346585555765,0
0,-0.6167950245615769,0.7228939232031083,-1.1714732182752468,-0.33938273252493756,-1.3731899565221029,0
1,0.789448913816844,1.8092513928859693,-0.9635285278168325,0.6132432848452005,-0.5541224839677767,1
0,-0.08910287697665033,-0.1119999716266041,1.5521215472324952,0.10818642349104048,1.0792682179659816,0
0,0.13936681875262338,1.0599379166972676,1.3662659753556974,0.11255722265714742,-0.5622628370994983,0
0,-0.869557430868826,-0.09433277183448706,2.2897158812832927,-0.9822984042807624,0.8191066744805902,0
0,0.04355702826120456,0.5925107764386947,0.4505729041273986,-0.03114935032518295,-0.4101492690468209,0
0,-0.5251297969561253,0.13202342837204073,0.6447643562589721,-0.39791332628371884,0.7212552631061557,0
1,0.9584803938778848,2.55977182245365,-0.15495763526205425,-0.34438190952206305,0.4291044774999246,1
0,-0.3752096499364253,0.4518272922367963,-0.35044249835492297,-0.541404072335322,-0.2482921509979353,0
0,-0.6722858990070278,0.027695688727837075,0.8719155144448865,-0.02728017978142529,0.6930550071704034,0
0,0.3639954707755718,-0.10728088726010387,1.3619771398082439,-0.8682777858034701,-2.1598735631041404,0
0,-0.10080265082935651,-0.009223500637308053,0.786653496438543,0.012089777426606964,-1.085670661258436,0
1,2.0891284341925527,0.9647616373145951,-0.8398138225664181,-0.365031578615258,-0.46362820620720485,1
0,-0.2660978112637618,-0.8200218825231698,0.39162402213779585,-0.9320937104324344,1.1727023547381186,0
1,1.3565883628697888,1.5852412340655069,-0.7701505875722215,-1.9485911044143103,-1.4461740167916295,1
1,2.7240295844880733,1.0798888919813745,-0.3244998555075754,0.9474659478735772,-0.03468900221281777,1
0,-0.9738362830082035,-0.3217051305872323,1.6362266473328106,0.7463097873563196,0.3174325376312697,0
0,0.7706887460518196,-0.053304141928412214,-1.1995809103641266,-0.8048541107073603,0.2475424028392666,0
0,0.9927144225874962,0.03133406303836092,2.1686965954356427,0.6816680567462818,-0.0985873489802969,0
1,2.0594904977569,1.4044256069509433,0.549534350628782,-1.0247872996496392,-0.6205838869573165,1
1,1.4017177183773855,2.44297721108507,-0.46611276589368184,-0.307129104734385,-0.24667056119869407,1
0,0.856141243043845,0.39742768074684154,0.0682161214440391,-0.5302797827752344,0.9747653054523425,0
0,-0.19305681593399934,1.2646893469981746,-0.6849644184819287,-0.27759091375314227,-0.688303886958843,0
1,1.1765286485735673,1.1366057780812904,-0.5469140164585738,0.646179944756533,-2.1593410006210676,1
0,-0.23296100651499826,0.47023238587694705,0.07329579352648175,-0.4018741005335785,0.4661739049856157,0
1,1.2578837565288774,1.1699524756220865,-0.328920965680554,-0.3396394586153743,1.4958409115101305,0
1,1.032026125048251,1.063320885245065,-0.9329676322655271,0.7432272156568203,-1.051217004003282,1
0,0.6660047004653789,1.2873255758438216,-0.22141048802024532,0.061707976704487764,1.3607508104684476,0
0,-0.4640690115730701,-0.4608889616371899,-1.3146147779691062,-0.5917879944590952,0.520667332058229,0
0,-0.017788193352823795,-1.339040401933553,-1.271814661565109,0.24064173463907595,-1.1563652956030481,0
0,-0.8662631336392824,-0.42476958549891264,-1.282053791900146,0.9926619986187069,-0.7037299804595115,0
1,1.6184864090495152,0.19500580295157732,1.6713246009194715,1.0559165300699738,-0.7475364099803965,0
1,0.9064443734663565,0.8292052993568988,0.4056240037619178,-1.3246284805533712,0.16903046159209112,0
1,0.8917085062448603,0.8848005074899877,0.5958570524183764,-1.2745440392419776,-0.18128222724275989,0
0,-0.0655727460576497,0.0211690589109302,0.011260967478881256,0.9990842030920423,1.1055681772891046,0
0,0.6341833591085612,-1.2297579763682316,0.5062821339863407,-0.2875194490533354,0.8493719739878455,0
1,1.8642482126438777,2.117571335648679,1.1758459412813125,-2.2000059395015703,-1.5452897806555448,1
0,0.30547223167965554,-1.1254615580447496,0.4078194169483068,-0.7299016621789841,-1.4189604075922475,0
0,-0.07795030798740452,-0.07665049359232894,1.6403300265258556,-0.43904196382949184,0.614277486423496,0
0,-0.20138415909031052,-0.19449288659258787,-0.03718540490946725,-0.3125694172605444,-0.5154331251180804,0
0,0.4746843830965414,0.4952102159407755,0.5989125586419655,0.7649284335124742,-0.17487577999895879,0
1,1.2620937026075187,1.6109259649404246,0.7040131328484895,-0.9291678214194218,0.5465583874236083,0
0,0.5006604926686175,0.7121237527564572,-0.9320451485257982,0.9355323874310795,0.8584728455127635,0
1,2.341568163360436,1.1831280248131844,0.042740965109547016,0.2851324746660971,-1.2333845219809167,1
0,-0.5048320697854662,-0.2788480378008403,-1.841421305735764,-1.286540736361053,-2.2216093598227244,0
0,-0.41666729737992464,0.24767459103190909,-0.12987462931271052,-0.3194736871107351,-0.11314657216889415,0
0,-0.32741730384876255,0.6175211277166831,-0.2791175690205619,0.49466708422755545,-0.8548418272068035,0
1,0.7198224245479522,1.8950414576492327,-0.3389484590961753,0.039562187969460906,0.06625043336272017,1
0,-0.28164163898031463,0.19308852808055635,-0.4075139037393977,0.3789733001889072,-0.08861122254161685,0
0,0.7808698423317032,0.13959750136067972,0.5119742533438816,-0.5874160655196002,-0.9754106600189171,0
0,-0.6273453254012086,-0.0217734742802819,-0.8858309686698803,0.5547680770599809,2.086863330597774,0
1,2.395117665192369,1.6459580986891622,1.859990286189816,-0.3984619542121885,0.017001315375586926,0
1,1.3399333252281538,2.620960666687525,0.5674811638447057,2.5461656593850255,-0.5737551546925683,1
0,1.268421382261652,-0.1455440289341272,-0.8029655728581377,-1.3194519604848363,0.101433770143788,0
1,1.1909121608107436,1.1813059031507473,0.6472161155491511,2.6979509194462974,0.5298785162935219,1
0,-0.08638916989329581,-0.26463351957190506,0.9948529693931075,-0.9511482436785268,-0.6325388728767961,0
0,-0.5461098391154399,0.23362365487344852,0.36911749239434616,1.2712246205542104,2.3202561282853775,0
0,-0.4126204641514957,-1.2730471614581715,-1.005806340343887,0.8274407237215108,-1.5225834493087158,0
1,2.4029075001150346,1.318962978119398,2.2372870018620667,-0.9095651836705638,-1.4530590753193526,1
0,0.2847220110833879,0.5283881107499858,0.6394744155177209,0.5994714700370251,-1.5993341792946245,0
0,0.6172906675064695,-0.3157384763173318,-1.2475795641449765,-0.49580974009681006,0.0038911957957951113,0
0,-0.7893535805940195,0.11202277788830838,0.20911508912272142,0.27484957949465905,0.47295485252225333,0
0,0.39289707189474904,1.265601277983875,-0.2203175014938264,0.14786729309825486,-0.330457893507036,0
1,1.0171340099677173,1.5989599249872457,0.006427248778486952,-0.34930985756922917,0.4699752519402727,0
1,0.7976088921802885,0.056464027227742575,-1.1937164868787256,-0.43242997889382995,0.45655714750827425,0
0,0.1432596833121335,-0.8459306199343853,0.054326499719752126,0.34087238222580424,-0.3607635112792717,0
0,0.13712300004684805,-0.15060195085349007,-0.8312527617665606,-0.90382224785308,0.42740197998567275,0
0,0.03200747177949019,-0.48229554492739424,-0.34953944720247626,-0.8660949613412983,-0.19644606073367965,0
0,0.4305350475765993,0.06202992348038443,0.3874439872982207,0.9549761523232944,-0.4090237767691909,0
0,0.5241397905802062,-0.17674561336905958,-0.47663263666620753,0.4283862091724824,-0.49850900213682275,0
1,2.4818376035162206,2.0996429196987796,-0.2904217803307468,-1.3066671966612857,0.23304497411203967,1
0,-0.7142057989835012,-0.6547988683059267,0.8202316556367192,-1.0032798246641348,1.2177911341606684,0
1,2.501209747270135,1.2755003706938979,-0.8885971327967058,-2.1365108486857305,-1.2050314799174924,1
0,1.1293868938173457,0.13035509236511209,-0.6484209097799453,0.9096898196254022,-0.48029918347450107,1
1,1.3802619901287794,1.6046806661011788,-1.254589483474124,0.6885760585578816,0.16266655378027772,1
0,-1.0010950098439058,0.08808315514680251,-0.8228634247626638,-1.0887570886618436,1.7568597512186506,0
1,0.7699006521585293,-0.04676405401487216,0.12912422948015756,0.6496509272015771,0.4316917980092792,0
1,1.322889171439773,1.4499752468048386,0.6394638685059264,1.9855012128508673,-0.8127049532317697,1
0,1.2084849541844531,-0.09045262372515354,-0.8061671530227877,-1.5393386481092863,-0.9238976387701423,0
1,1.6102480001219073,1.9184658517477136,0.6098122805781236,-0.6151007646224879,0.9850950961282673,1
0,-0.37031047005108775,0.433782185141642,0.10521529218537783,-1.5611914602207078,-0.31363170640161075,0
0,-0.41124135501437814,0.14450670659598894,-1.3826026750814762,0.9485438866778098,-1.2309099081614965,1
0,-0.7936333950034747,0.18789847704345433,0.17456036753569826,-0.0960576478592205,1.0138027644999374,0
1,2.1247456178082342,2.2114298595378,1.1943572273624976,-0.3981049084569683,0.30818459816111,1
1,1.5447587531685494,2.0901776642574146,-1.8921351467975909,0.2274180553550095,-1.194147381526057,1
0,1.2598977058574594,0.16519920135669677,2.005205483251406,-0.5569339097495979,-1.3403274558492941,0
1,1.9769256378558704,2.687250972575603,-0.6105182458144561,-0.40163229333842637,-2.1676385908801143,1
0,0.49796178963436205,-0.3769177947341959,-1.6491056179268466,0.2747624655952877,-0.6223769859602839,0
0,-0.14526289844560678,-0.7112658648559365,0.13842356797652583,-0.6100778245992226,0.30457942305132146,0
0,-0.6546182029040928,-0.006502804132977107,0.831087034775884,-0.46898550544876505,0.9605536296066256,0
0,-0.5241485881975081,-0.22428591727559047,-0.28043342898083934,-0.15652009905067307,0.4249430822581458,0
0,-0.8215481663334491,-1.479204785680858,0.3115992685970485,0.09134020108770977,-1.3048276386988273,0
0,0.5462368318908546,-0.39142848599483154,2.119736788624562,0.6016443453620908,-0.2837059420638675,0
0,-0.23094911234753185,0.20615109228286402,0.20565389931804964,0.5832278482008542,1.4293752585926185,0
0,0.5715003237552397,-0.034816647453210385,2.9824875847078562,-1.4995890389206445,-0.5121060767883923,0
1,1.6815486413845382,0.9341231529834652,1.2646305789604582,1.4079513112224356,0.7688702388482974,1
0,-0.17569101346226756,0.025395311733643535,0.05153531908078961,0.05911688479905781,0.6453474560001191,0
1,0.8982382990188702,1.4738434875458823,0.291537254086121,-0.33166091738505227,0.7598169321572716,0
0,0.18097963977760664,0.4290446303168049,-0.31943469936604146,-0.9035407019377701,0.43119485152553233,0
0,-0.131179809868077,-0.3849003873171561,0.24957795587465767,1.989167103869559,0.756734035489992,0
0,0.5413103567732527,0.524314074309874,0.5615578295268243,2.359863182337873,-1.4815524081203144,1
1,1.170753594474641,0.7456142154443931,-0.4041499448259403,1.8661806680858772,1.5153305110850785,1
0,0.3696646640982217,-0.30202615151980633,-1.3799713232809765,0.12141569218930978,-1.8065785532495882,1
0,0.9845090497335223,1.0193959209604264,1.3212786812378963,0.34410525259228614,0.3118062932663227,0
1,1.763533548795832,0.7856733394416893,0.9734822936710565,1.4910362720262695,-0.04845310956221935,1
1,2.0711748716451286,1.0047396124215167,-1.4170889179886805,-0.2407508677376422,-0.6256325163481646,1
0,0.34313414770654765,-0.7518666363565911,0.1709910769250503,0.541302577445402,-0.9751602502301376,0
0,1.138854890710513,-0.4963598299871439,1.0270726649257955,0.22721923108182868,0.5497496563821872,0
0,0.22293625301629727,0.08301789481726159,0.9237285988845035,1.918767817140558,0.8013380458964797,0
0,0.419975311041306,0.4239253757057697,-0.6939701846262885,1.436327788515242,-0.10307447047376252,0
1,1.5782343828904262,1.3888171198887964,0.9821167503311375,-0.13797164099230239,-0.2892492524525289,1
0,-0.46463312140965546,-0.1948139095323996,0.015097261886100012,1.525050602717732,1.2814278091104796,0
0,-0.7249054114087014,-0.7456643316719835,0.388677148900106,-0.003842722578579026,-0.421708507294622,0
0,0.7601544393820049,-0.43627827310916684,-0.9194918848286839,-0.5457778100437252,-0.04218184031971913,0
0,-0.605015622805524,-0.9276214792325708,-4.257009288247994,-0.2853365699978591,-0.20360673265960494,0
1,2.0475186998700594,1.8419357749307235,-0.7773285141714626,0.1474112771389594,2.4707934376157374,1
0,0.24960997823025696,0.4836439191883273,0.5365771013598014,-0.7850501107359226,-0.8399772213765464,0
0,0.550671206937439,-0.02426855959892794,-0.20543229171832253,-0.5176187706140171,0.8314297403118405,0
0,-0.30882721354993115,0.2648705903307618,0.6501908890002116,-1.4433833874543964,-1.6993504300497413,0
0,-0.47443794868992634,0.5257395440083374,1.1061496481152924,-0.8224825853637653,-0.9579262799032484,0
0,0.22702310285985453,0.0607253326095239,-0.3305206589480768,0.23454689882099913,-0.30921059808312357,0
0,-0.17540500392450795,0.8361664103954554,-0.42894891219097825,1.0421382628785718,-0.1309588467151281,0
0,-0.7386170019637669,-0.6142756177450192,-2.186856492242892,0.9140320534214255,-0.2744224305299652,0
1,2.7631153254042076,1.1907978631699299,-1.5476736689047896,0.42983984395077846,-0.09940859427163072,1
1,1.125155100422473,1.119354699171434,-1.3399295731224037,-1.5292741587651546,-0.689027566794095,1
1,1.0038203728089914,1.788342856417705,0.5566391982741611,-0.8610025575597761,1.2875716127469687,0
0,-0.14528146090762653,-0.8604847975956466,-0.3205304570523282,-0.19744274841554713,-1.0004221577291936,0
0,0.7517151414947484,0.8687847642687306,-0.5342345145319092,0.9628331054592589,0.7444553679031425,1
0,-1.3000410258741697,0.33706462829703154,-0.6487457133924884,-0.5568542737599216,0.6776212860068762,0
1,2.30193016874527,2.450176683570783,-0.7789809937992423,-1.219755765156648,-0.9478382631164846,1
0,-0.5468841008737818,-0.024342728030831054,0.9234609644381288,1.44828817924989,-0.36699407239153875,0
0,0.15871514406495257,-0.3301915793902538,0.09334659707331451,-0.734932994551889,-0.002485359962137293,0
0,-0.40560417703428026,0.39426365385657774,0.9913270291483107,-1.1278705072612463,1.6754163490383835,0
0,1.1951501124012036,0.6183390467485643,-2.19338618764096,0.2273353340965671,-0.3691744336287414,1
1,1.674772051985411,0.9713474957170741,0.5327334862193163,-0.05007464122276626,3.6236294505540454,0
1,1.1751450697952586,0.20144209544980796,-0.4837928890854314,-0.5001262569564203,0.7678764165750329,0
0,-0.1806547931026143,-1.095759235136565,-0.28147289114659385,0.0003678961163022432,0.34349944617783756,0
1,1.6537822449410124,1.5568309555081883,1.352826202409593,-0.9259404816634401,0.8842129583679366,0
0,0.10660596465732039,0.9241136327234529,-0.3898498423907603,-0.5115808123493958,-1.718580623490273,1
0,0.2632574901127924,-0.7805031996348079,0.4918964840416902,-0.03612946978756817,1.171877089761876,0
0,-0.0008427646093889584,-0.163419805935854,-1.0179454338200378,-2.035856174391278,-1.322816029995118,0
1,0.7737025500347705,1.1909302686608354,0.036110156221710585,0.9550655389306442,0.8696593152905162,0
0,-0.20416060254099652,1.15231924033491,-1.5912467426429304,-1.3729041780549387,-0.5925292961130876,0
0,0.3639950249045151,1.355217451852447,-0.05731102236315014,-0.9388562302391603,-0.7992675215563934,0
1,1.1980703161725996,1.6546716129695591,0.3854085388217769,1.0001534782949781,1.7725096437735877,1
0,0.4036687678190265,0.5388002201528899,1.1063744618850997,0.5693114992815232,-0.09965653661847372,0
0,0.019030879774686166,0.522119396589918,-0.8178938584166412,0.08732311783199588,-1.5310564689605386,0
0,-0.13064409405989388,-0.7681929417814053,-0.528964058859165,-1.7081908331295412,0.9747860373228147,0
1,2.3164863355237557,1.8191138092615193,-0.6441215770132318,-0.6056807947387823,-1.220652678703172,1
1,0.5571211333694313,0.7882361172199452,-0.25401021704565135,-0.21615684892763418,1.3607480851241998,0
1,1.1948074610412105,1.2970785026140301,-0.963906243010109,-0.14351756402205326,-0.016207853012918664,1
0,0.7394572258072655,0.6838422270498787,-2.1572183797743083,1.1414187479386937,-1.273827770090552,1
0,1.0980294978921206,0.04855999548411335,-1.042712261710434,1.9942933627111143,0.8213337322718037,1
1,2.97159549080302,2.061497864636223,-0.04896201563706858,0.6148535456789103,0.5211909545291604,1
0,0.030213318202982318,0.7795580651931394,-0.1481007453983979,-0.5343915705411673,-2.1233617191474377,1
0,0.2747384277693258,-1.0541602171975168,0.5521194227676057,1.214413322446803,-0.06341582374246711,0
1,2.0904566963414,0.09338146227162247,0.8421939971568744,-0.5895695916576945,0.29885555265686775,0
0,0.7650451632949704,0.69725547289867,-0.4495519974062408,-2.6236942049379124,0.24052795946283664,0
0,0.18785516080485676,0.7214444219797206,-1.5857393105107,-1.2495333197070038,-0.18473419032636856,0
1,2.1556893540676403,1.553956769781836,0.40321931053225785,-2.3719223308860378,0.7449814484381493,0
1,1.8758642802667134,1.6353296101622785,-0.009809091653638871,-0.38382958210534296,0.5689412169890798,1
1,1.9133343651450259,1.935828618849654,-0.258442860940471,-0.17828374693232338,0.03114492085497936,1
1,1.0489784578599521,1.924645346811114,1.2204250437782804,-1.5926711999320855,-0.23635989716607295,0
0,-0.19752823162573438,-0.18251038955523502,0.45054796700316324,-0.8541149363674199,0.14811732271024208,0
1,1.2863384811533085,1.9735101412037257,0.12289933087278894,-1.4263567650017452,-0.603698579388495,1
0,-0.713337272147113,-0.20788388885233242,0.1638841903756143,-0.12700299206283971,-1.0225012661276687,0
1,0.6090368654734509,1.5461306604989566,0.8497061524331356,-0.8534856415875758,-1.1238018321485241,0
0,-0.25417649915528906,0.12001347330878992,-0.6895529323113454,1.0099395382196148,-0.10001263081121298,0
1,1.4416706041382443,0.8843365408257601,-0.880219392664407,0.16968456628513298,-0.8577334779038973,1
0,0.06302224561670522,-0.4457923717253954,-0.2341349984162031,1.6047873154239014,-0.15880018372419305,0
1,1.9334427045040843,2.7404653260688985,-1.1779358234280355,-0.45476501885329407,1.3300953104929853,1
0,0.11287334616349332,-0.535131451664548,-0.04541896216556875,2.144366286296901,-0.2070644668699076,0
0,-0.15414670651834578,0.22197555999332227,0.096951246178967,0.002519950582903893,0.13816827273541457,0
0,-0.549075789466125,0.34787950587996436,-0.06880177015227598,-0.5284649020357585,-0.22870924361242695,0
0,0.5262414585007307,-0.032529774769139756,-0.3614176840779897,2.4087358496649602,1.3065067726052197,0
1,1.5389066696263594,1.8028939612178931,1.6530104189253758,-1.8285060612998922,1.6577919690990244,0
0,-0.26027387700414567,0.19738995964360942,0.9406611403426589,-0.552678619752828,-0.46953017477507974,0
0,-0.11187256944796155,-0.522150928870425,-0.09713983776609775,-1.6650489644295743,0.7277988456845448,0
0,-0.4396466084128246,0.3220903764831496,0.09302793991470293,-1.8382753731776034,2.0911475167958473,0
0,-0.3184043540466639,-0.3268238536466104,1.3763444154095885,-2.0671359297250813,-1.160635187304184,0
0,-0.3374749879741128,1.0444015100008952,-0.5845543485109517,0.6167571470739648,0.980324469724902,0
0,-0.1724024508002812,0.25747516633025064,-0.9655981955363109,-1.3290523957756977,-1.7407208231296762,0
0,0.39345297409085395,-0.42009211565115184,0.22689724730558464,-0.2547756241996875,0.029624431145688204,0
0,0.24426724112436485,0.20537373236918627,0.413905698467481,0.8919161401439232,-0.14008142111081523,0
0,0.9280424443684704,-0.5549126633457722,0.48850556805326384,0.46334516462645114,-1.7070140474786413,0
0,0.7270374552672052,0.15466744799615526,0.8277773451180905,0.4139199116763087,1.0892294816704438,0
0,1.1738530639407454,-0.13541867379990627,-0.7325773495423836,1.2138213587016002,0.1476354555568119,1
0,0.3354950878024976,-0.4961227010360747,-1.408449682671205,1.6094299464346857,-0.9272514438968735,1
1,1.9258631334241185,0.8963351632778132,-0.5845673580369569,-1.251735213376949,0.3285810966932683,1
0,-0.29244946658228144,1.4609605548978506,0.5818412626718295,0.4832027342094587,0.9038346395454145,0
0,0.4956089384972991,0.05483536902101276,-0.9218966804693111,-0.27221657188675374,-1.7687791235038977,1
0,-0.3936701580258536,-0.25904349877751826,-1.9338350464862688,-0.1466752019634131,-3.148311503784207,1
1,0.717726685371053,1.0370488401548912,0.14426944786343035,-1.5114750795272098,-0.04198919654364028,0
0,0.9157940353486529,0.28269966174155065,-0.5670839824261295,-0.5319483359000863,-0.7682876986130704,0
0,-0.7495089567796028,-0.38309762073195597,-1.7270893908433222,-0.4227451102816822,1.3384873062635079,0
1,1.8633110737573593,0.743229219863751,0.07445133415658964,1.430253910095009,-0.37041906280925524,1
1,1.0718011762999828,1.3805513618574592,-0.3862727111762711,-1.1553034756585407,0.30943759385615544,0
0,0.6760005736751002,-0.023981453490800365,1.6759827214733976,-2.385454943660475,-0.18697877620376202,0
1,2.3577699914624177,1.1497790130641423,0.08884367409890792,-0.006100432126990098,-1.5459540473392421,1
0,0.31750668445391156,-0.534775367663794,0.5860846148970307,-1.2567655941087341,0.030517586767968872,0
1,2.3478188256857195,1.1654170395179033,-0.01722979003169727,-0.13957649590892193,-1.3261929693147727,1
1,1.604402245498674,1.1182175814108022,-0.5975300497724231,0.660755708845063,-1.3751258142932494,1
0,1.34050480849563,-0.3650185054397403,-0.4876135478765502,-0.09981558610382546,-1.097578209477418,0
0,0.44769914009574446,0.16590004094321836,1.080958721709788,-0.4312449760490883,-1.1853258729707457,0
0,-0.540330935774216,1.3357367897845414,0.7477889501177114,-0.156560902130738,-0.21046084466973564,0
1,1.6417640252464836,2.199059102202419,-1.4886289465782725,0.8473992290492892,-0.3919922744995794,1
0,-0.09150121572904084,1.1651516815731082,-1.2486061896016452,-1.154666886999657,0.28414132475763687,0
0,-0.15025443506259653,-0.34061478542042445,-1.1930758925458764,0.7284819138784863,-1.5741853303918514,0
1,0.6057164632604759,2.4048129424827147,1.0600997442730051,-1.0044409722739451,-0.2516932164703568,1
1,1.8321187266660761,1.5363654898215002,-1.7313739606179412,0.6020705010299197,-0.4813335429356098,1
0,-0.8314517873643315,0.5918180950318576,0.7864879091783632,-1.5430901138883517,0.20140236539422784,0
1,0.08475563168657008,1.6746223748288926,0.39835736960423607,0.5425103651578039,0.24935999187300498,0
0,-0.20640818467398253,-0.2059603297260885,0.1468130867345109,-0.10187144967998125,0.15628071268711555,0
1,1.1464638079646576,1.8316985711636267,-0.47299413021175146,0.09655426429620946,-0.9902711835418455,1
0,-0.5169222075813319,0.2909583321710854,1.188616945055597,0.9589434500042479,0.024690549980978062,0
0,-1.8618575702193125,-1.0609118996477374,0.11346812995905266,-0.8210942797139281,-0.513202628019228,0
0,-0.510505725571829,-0.0744745386678769,-1.444208810863745,-0.02505118696446682,1.3142002835840871,0
0,-0.1041851191036214,0.5234425119469677,-1.2113225716252298,0.303300665711437,0.11031782511331402,0
0,-0.38049236405765624,0.16645296791633282,-1.6447577725929852,-0.2990112867937744,0.07937937146994936,0
0,0.23240620575199888,0.2816825825986777,1.2003341995299794,0.7167893725526072,-1.2808955665096473,0
1,2.4355963890853376,0.9491457037130306,1.424255057632078,0.32982112092438365,-0.5904022139954878,1
1,1.9098204641531051,1.5537263638428085,1.0862765134458998,-0.579928610974759,0.2587946519920536,1
1,2.215836576461191,1.3421944332854365,-0.14313322604902137,1.2607318257288092,-0.07872983168064258,1
1,2.265476013789069,1.2779280592381352,-1.4263787222934246,0.5618961242364476,-0.08952107305366369,1
1,0.9886835397599725,0.9924461431799745,-1.0540113125272748,-0.8425673665463373,-1.7537028285928942,1
0,0.2634688156117169,0.5489174127978969,-0.9888732017440667,-0.852595457970487,-0.8140743683030698,0
0,0.5970944120192796,0.2072811497074091,-0.04569301394219609,-0.21951263411999616,-0.2749214450408057,0
1,1.3384237131709125,1.5467286649636067,1.387442731629602,0.44747821569949564,1.2016823228093312,0
1,1.1256240099818253,2.6304707974949464,1.383517976572821,-2.213440494752092,-1.891076480546081,1
1,1.9182438755298659,1.6842795017104777,-0.48833616791253404,-0.8005093484439244,-1.044084404012076,1
1,0.7110226769273926,2.1202980125860362,-2.2365584478859493,-0.5774779795949948,-1.8982126037973295,1
0,-0.6528027498397758,0.1637596965366586,-1.16699058757636,-1.4376541897387096,0.3254083899545796,0
1,1.19994619144994,1.188101787192985,1.1886009005703337,-1.0217672345193074,1.1861572063921755,0
1,1.870308527878425,0.7645176070133846,0.23162871272810104,0.13730125163707346,0.36051989220878033,1
1,1.7313475129333988,1.5448340767986688,-0.3556462122823209,-0.488912247301293,0.5772189009439181,1
1,2.219422527731279,-0.19809372277390436,-0.42536560834954285,-0.4103263281180478,-1.032035417569119,1
0,-0.5531220326180512,0.1634802455347143,-0.7508509731166786,-1.3786397951752116,0.36943108091050697,0
1,1.0147162172394952,1.589239035796918,-1.2037733498998382,-0.2135167062914982,-0.77246728244229,1
0,0.31434718124979855,-0.1305405479082465,2.0720634139637366,-1.5040641467392895,0.059747823019943476,0
1,1.1207998575357787,1.3445801834447717,1.718483243097777,1.4590296678406776,0.5024224986876591,0
0,-0.3621023492966526,-0.7507017108354556,-0.8218662759746158,1.7433277570310528,-0.29192777844900253,0
0,-1.1140589035510493,0.8313621720424353,-1.7538716759368522,-0.47316569709329237,0.8201646384314702,0
0,0.17450760084815248,-0.20235057366571532,0.16901834495488696,-1.1224401216075235,-0.1635920450646187,0
0,0.9247742830897009,-0.5832556478420203,-0.14746812595435196,0.8546024273636127,0.2736262853002527,0
0,-0.6175733497802279,0.32679663914009394,0.62814231103336,0.5923637837943824,1.8909720326402637,0
1,2.213022167032068,1.4664536646742001,0.8546068960015675,1.8747451871285001,0.49748833213293675,1
